transaction_id,customer_id,amount,payment_method,status,failure_reason,customer_age,previous_transactions,successful_transactions,failed_transactions,preferred_method,hour,day_of_week,recovered
TXN_000014,CUST_05159,20373.76,UPI,FAILED,BANK_TIMEOUT,38,14,10,0,NETBANKING,2,Friday,0
TXN_000017,CUST_01854,20120.96,CARD,FAILED,LIMIT_EXCEEDED,32,1,15,0,CARD,22,Sunday,1
TXN_000028,CUST_00574,22207.92,WALLET,FAILED,NETWORK_ERROR,45,29,19,10,UPI,14,Saturday,0
TXN_000035,CUST_03618,16448.16,WALLET,FAILED,CARD_DECLINED,54,21,19,3,NETBANKING,10,Sunday,0
TXN_000048,CUST_04444,9693.57,NETBANKING,FAILED,INSUFFICIENT_FUNDS,41,4,12,7,NETBANKING,18,Friday,1
TXN_000063,CUST_01654,685.97,CARD,FAILED,NETWORK_ERROR,49,19,22,3,WALLET,20,Monday,1
TXN_000072,CUST_08238,5002.51,NETBANKING,FAILED,OTP_FAILURE,50,17,9,1,UPI,16,Friday,0
TXN_000077,CUST_03897,2660.09,CARD,FAILED,BANK_TIMEOUT,22,29,14,9,NETBANKING,9,Thursday,0
TXN_000094,CUST_06638,9588.04,NETBANKING,FAILED,OTP_FAILURE,56,12,8,6,CARD,23,Thursday,0
TXN_000095,CUST_03292,6301.35,NETBANKING,FAILED,LIMIT_EXCEEDED,36,4,8,0,WALLET,5,Wednesday,0
TXN_000098,CUST_09150,13950.47,CARD,FAILED,CARD_DECLINED,19,27,10,8,WALLET,0,Monday,0
TXN_000100,CUST_02298,7638.97,WALLET,FAILED,LIMIT_EXCEEDED,37,14,21,10,CARD,20,Friday,0
TXN_000102,CUST_01740,4866.8,WALLET,FAILED,OTP_FAILURE,33,9,1,2,CARD,22,Wednesday,1
TXN_000112,CUST_08490,9623.26,WALLET,FAILED,LIMIT_EXCEEDED,38,27,14,8,UPI,15,Thursday,0
TXN_000114,CUST_03922,21554.99,NETBANKING,FAILED,BANK_SERVER_DOWN,37,16,2,4,UPI,18,Friday,0
TXN_000116,CUST_02415,8571.07,WALLET,FAILED,BANK_SERVER_DOWN,39,22,4,7,CARD,16,Thursday,0
TXN_000120,CUST_08934,4287.53,NETBANKING,FAILED,NETWORK_ERROR,30,2,8,9,CARD,2,Monday,0
TXN_000121,CUST_08357,21148.59,UPI,FAILED,OTP_FAILURE,30,27,18,0,WALLET,7,Saturday,1
TXN_000125,CUST_02343,17804.28,UPI,FAILED,NETWORK_ERROR,44,20,22,6,CARD,12,Monday,1
TXN_000127,CUST_02372,5244.65,WALLET,FAILED,BANK_SERVER_DOWN,50,21,4,8,NETBANKING,12,Monday,0
TXN_000145,CUST_08912,14563.01,CARD,FAILED,NETWORK_ERROR,29,28,13,3,CARD,19,Friday,1
TXN_000146,CUST_01006,15297.95,NETBANKING,FAILED,BANK_TIMEOUT,34,21,18,6,NETBANKING,19,Thursday,1
TXN_000148,CUST_02802,20125.2,NETBANKING,FAILED,INSUFFICIENT_FUNDS,19,17,7,7,UPI,2,Tuesday,0
TXN_000150,CUST_06782,5994.83,NETBANKING,FAILED,NETWORK_ERROR,21,13,2,6,CARD,8,Thursday,0
TXN_000154,CUST_09908,12744.37,NETBANKING,FAILED,BANK_TIMEOUT,60,30,4,9,CARD,4,Sunday,1
TXN_000158,CUST_08411,3283.34,NETBANKING,FAILED,CARD_DECLINED,24,9,4,1,WALLET,5,Thursday,0
TXN_000171,CUST_07595,17178.36,WALLET,FAILED,OTP_FAILURE,22,10,13,9,CARD,7,Tuesday,0
TXN_000172,CUST_03415,17985.49,WALLET,FAILED,BANK_SERVER_DOWN,18,7,17,3,UPI,5,Friday,0
TXN_000175,CUST_00124,23042.49,CARD,FAILED,LIMIT_EXCEEDED,32,9,18,7,UPI,16,Wednesday,1
TXN_000181,CUST_04535,16219.31,CARD,FAILED,INSUFFICIENT_FUNDS,59,4,3,2,UPI,0,Sunday,0
TXN_000182,CUST_00388,11952.59,UPI,FAILED,NETWORK_ERROR,56,1,1,0,CARD,8,Saturday,0
TXN_000185,CUST_00908,7082.12,WALLET,FAILED,BANK_TIMEOUT,46,6,10,0,CARD,8,Tuesday,1
TXN_000200,CUST_06303,22708.61,UPI,FAILED,BANK_TIMEOUT,38,11,18,5,WALLET,17,Tuesday,1
TXN_000202,CUST_01073,5090.09,WALLET,FAILED,BANK_TIMEOUT,45,30,24,7,NETBANKING,0,Saturday,0
TXN_000205,CUST_03223,9474.52,CARD,FAILED,NETWORK_ERROR,36,13,12,8,UPI,18,Tuesday,0
TXN_000221,CUST_06291,14934.59,WALLET,FAILED,OTP_FAILURE,40,9,10,5,CARD,1,Friday,1
TXN_000222,CUST_01110,7154.99,CARD,FAILED,INSUFFICIENT_FUNDS,22,15,7,7,WALLET,11,Tuesday,0
TXN_000226,CUST_08598,15063.17,WALLET,FAILED,CARD_DECLINED,36,22,24,10,NETBANKING,20,Thursday,0
TXN_000234,CUST_06826,22367.44,WALLET,FAILED,OTP_FAILURE,56,18,13,7,CARD,16,Tuesday,0
TXN_000237,CUST_06942,2271.58,NETBANKING,FAILED,INSUFFICIENT_FUNDS,31,8,11,0,UPI,8,Thursday,0
TXN_000242,CUST_07855,18271.57,WALLET,FAILED,INSUFFICIENT_FUNDS,28,9,12,3,UPI,2,Saturday,0
TXN_000245,CUST_00862,10898.3,CARD,FAILED,BANK_SERVER_DOWN,37,3,1,4,NETBANKING,21,Sunday,0
TXN_000249,CUST_03729,12488.35,NETBANKING,FAILED,LIMIT_EXCEEDED,39,24,2,7,CARD,7,Tuesday,0
TXN_000259,CUST_08621,20878.89,WALLET,FAILED,INSUFFICIENT_FUNDS,31,4,25,3,WALLET,12,Tuesday,0
TXN_000260,CUST_07561,8207.28,CARD,FAILED,CARD_DECLINED,24,12,20,7,UPI,16,Thursday,0
TXN_000266,CUST_07105,4336.4,UPI,FAILED,LIMIT_EXCEEDED,36,17,2,1,CARD,5,Saturday,1
TXN_000269,CUST_07267,14677.05,NETBANKING,FAILED,CARD_DECLINED,52,14,25,6,WALLET,9,Wednesday,0
TXN_000278,CUST_04167,4964.72,CARD,FAILED,BANK_TIMEOUT,51,1,14,6,WALLET,18,Friday,1
TXN_000279,CUST_01900,897.56,UPI,FAILED,OTP_FAILURE,23,28,24,8,CARD,13,Friday,1
TXN_000280,CUST_05703,16070.93,WALLET,FAILED,OTP_FAILURE,48,28,18,0,UPI,13,Monday,1
TXN_000282,CUST_07575,8649.65,UPI,FAILED,INSUFFICIENT_FUNDS,27,2,18,1,UPI,4,Monday,0
TXN_000286,CUST_00250,11011.76,WALLET,FAILED,LIMIT_EXCEEDED,49,11,8,9,NETBANKING,11,Saturday,0
TXN_000288,CUST_05829,23513.41,CARD,FAILED,LIMIT_EXCEEDED,23,10,7,8,WALLET,8,Friday,0
TXN_000294,CUST_06170,10137.04,UPI,FAILED,NETWORK_ERROR,32,11,1,3,WALLET,8,Wednesday,1
TXN_000296,CUST_02850,915.86,NETBANKING,FAILED,NETWORK_ERROR,34,14,21,9,UPI,20,Wednesday,1
TXN_000301,CUST_04317,11274.67,CARD,FAILED,OTP_FAILURE,50,8,22,7,UPI,17,Saturday,1
TXN_000302,CUST_04508,9664.42,WALLET,FAILED,CARD_DECLINED,35,8,1,2,CARD,3,Saturday,0
TXN_000311,CUST_07160,9232.55,WALLET,FAILED,INSUFFICIENT_FUNDS,51,7,18,3,UPI,13,Saturday,1
TXN_000312,CUST_04815,9273.79,CARD,FAILED,NETWORK_ERROR,58,28,6,7,NETBANKING,10,Monday,0
TXN_000320,CUST_00387,7452.51,CARD,FAILED,INSUFFICIENT_FUNDS,37,1,25,8,WALLET,4,Wednesday,0
TXN_000334,CUST_04026,1959.36,UPI,FAILED,OTP_FAILURE,60,19,16,9,CARD,3,Monday,1
TXN_000337,CUST_07717,846.52,UPI,FAILED,INSUFFICIENT_FUNDS,27,1,13,1,WALLET,17,Saturday,1
TXN_000341,CUST_08585,19152.53,UPI,FAILED,BANK_SERVER_DOWN,37,21,2,7,NETBANKING,21,Saturday,0
TXN_000366,CUST_06985,15236.94,UPI,FAILED,NETWORK_ERROR,21,29,4,8,WALLET,13,Wednesday,1
TXN_000368,CUST_04789,12993.19,CARD,FAILED,BANK_TIMEOUT,39,8,13,9,UPI,12,Tuesday,1
TXN_000369,CUST_04178,20668.57,UPI,FAILED,OTP_FAILURE,49,10,11,5,UPI,23,Saturday,1
TXN_000371,CUST_07011,7252.89,NETBANKING,FAILED,BANK_SERVER_DOWN,28,18,23,4,NETBANKING,9,Sunday,0
TXN_000373,CUST_05873,3360.94,CARD,FAILED,BANK_TIMEOUT,42,2,20,7,WALLET,15,Sunday,1
TXN_000379,CUST_06091,4698.21,WALLET,FAILED,OTP_FAILURE,33,9,2,7,NETBANKING,13,Wednesday,0
TXN_000387,CUST_02032,17934.43,UPI,FAILED,OTP_FAILURE,50,25,19,4,CARD,14,Tuesday,0
TXN_000394,CUST_06437,22430.87,WALLET,FAILED,LIMIT_EXCEEDED,33,2,20,6,CARD,18,Thursday,1
TXN_000396,CUST_08408,10538.75,CARD,FAILED,BANK_SERVER_DOWN,32,12,6,4,WALLET,15,Thursday,0
TXN_000412,CUST_08766,12768.88,NETBANKING,FAILED,BANK_SERVER_DOWN,28,29,4,1,NETBANKING,1,Monday,0
TXN_000414,CUST_00228,17128.68,UPI,FAILED,NETWORK_ERROR,22,20,14,2,WALLET,15,Friday,1
TXN_000417,CUST_05687,6631.97,CARD,FAILED,INSUFFICIENT_FUNDS,47,2,11,10,NETBANKING,17,Friday,0
TXN_000418,CUST_06513,10614.1,NETBANKING,FAILED,OTP_FAILURE,19,12,22,5,UPI,5,Monday,0
TXN_000419,CUST_03640,24825.88,UPI,FAILED,BANK_SERVER_DOWN,38,1,8,0,NETBANKING,13,Sunday,0
TXN_000425,CUST_04840,9215.95,UPI,FAILED,BANK_TIMEOUT,30,22,18,3,CARD,15,Saturday,0
TXN_000432,CUST_04305,8326.52,CARD,FAILED,NETWORK_ERROR,29,19,10,8,WALLET,10,Monday,0
TXN_000435,CUST_04485,10014.92,WALLET,FAILED,OTP_FAILURE,57,11,10,0,NETBANKING,7,Monday,1
TXN_000436,CUST_01843,13277.06,UPI,FAILED,NETWORK_ERROR,48,20,19,3,CARD,10,Thursday,1
TXN_000437,CUST_08209,24579.72,UPI,FAILED,BANK_TIMEOUT,18,9,2,6,UPI,16,Sunday,1
TXN_000444,CUST_05164,2591.27,UPI,FAILED,NETWORK_ERROR,27,27,24,8,CARD,6,Sunday,1
TXN_000446,CUST_08420,19229.72,NETBANKING,FAILED,BANK_TIMEOUT,20,14,4,7,CARD,15,Friday,1
TXN_000450,CUST_08720,7111.74,WALLET,FAILED,CARD_DECLINED,48,23,18,0,CARD,21,Monday,1
TXN_000454,CUST_05955,24931.27,CARD,FAILED,CARD_DECLINED,24,24,22,10,WALLET,4,Tuesday,0
TXN_000456,CUST_04551,6545.43,WALLET,FAILED,LIMIT_EXCEEDED,35,1,6,5,NETBANKING,13,Saturday,0
TXN_000458,CUST_05170,3152.83,NETBANKING,FAILED,INSUFFICIENT_FUNDS,49,2,12,6,CARD,10,Monday,1
TXN_000462,CUST_07481,18525.32,WALLET,FAILED,CARD_DECLINED,57,17,13,5,NETBANKING,4,Wednesday,0
TXN_000468,CUST_03079,8319.8,UPI,FAILED,LIMIT_EXCEEDED,39,9,1,10,UPI,20,Monday,0
TXN_000480,CUST_06925,12636.98,WALLET,FAILED,BANK_TIMEOUT,40,25,5,1,UPI,0,Tuesday,0
TXN_000492,CUST_02648,7444.37,UPI,FAILED,BANK_SERVER_DOWN,42,14,25,10,WALLET,18,Monday,0
TXN_000493,CUST_01910,21807.7,UPI,FAILED,OTP_FAILURE,54,8,16,10,WALLET,21,Saturday,0
TXN_000496,CUST_07239,10902.61,WALLET,FAILED,BANK_SERVER_DOWN,44,10,18,3,WALLET,6,Friday,0
TXN_000498,CUST_06696,7176.75,UPI,FAILED,LIMIT_EXCEEDED,60,27,21,7,UPI,18,Monday,1
TXN_000501,CUST_00987,4309.53,WALLET,FAILED,OTP_FAILURE,51,27,9,2,NETBANKING,15,Sunday,0
TXN_000502,CUST_03211,11287.3,NETBANKING,FAILED,BANK_SERVER_DOWN,32,30,3,2,CARD,11,Wednesday,0
TXN_000508,CUST_01691,1255.94,WALLET,FAILED,OTP_FAILURE,27,12,19,1,CARD,8,Tuesday,1
TXN_000511,CUST_05285,5414.3,WALLET,FAILED,BANK_TIMEOUT,20,9,17,3,WALLET,19,Tuesday,1
TXN_000515,CUST_01353,7425.98,WALLET,FAILED,OTP_FAILURE,18,29,23,8,CARD,17,Sunday,0
TXN_000523,CUST_09942,9069.5,WALLET,FAILED,BANK_TIMEOUT,18,29,16,8,UPI,11,Monday,0
TXN_000534,CUST_05156,20338.87,CARD,FAILED,CARD_DECLINED,33,22,7,0,CARD,3,Saturday,1
TXN_000545,CUST_01696,6722.96,UPI,FAILED,OTP_FAILURE,60,24,18,2,CARD,14,Friday,0
TXN_000549,CUST_06839,10831.91,UPI,FAILED,CARD_DECLINED,18,22,18,6,NETBANKING,0,Wednesday,1
TXN_000558,CUST_08960,23433.12,CARD,FAILED,NETWORK_ERROR,22,20,7,6,NETBANKING,17,Thursday,0
TXN_000560,CUST_02551,15354.4,NETBANKING,FAILED,BANK_SERVER_DOWN,47,10,23,5,NETBANKING,15,Saturday,1
TXN_000566,CUST_06337,8500.9,WALLET,FAILED,BANK_TIMEOUT,39,10,8,10,NETBANKING,20,Thursday,0
TXN_000569,CUST_03871,8845.58,UPI,FAILED,LIMIT_EXCEEDED,33,13,24,2,UPI,3,Tuesday,0
TXN_000579,CUST_04387,2530.93,UPI,FAILED,CARD_DECLINED,39,8,25,8,NETBANKING,11,Saturday,0
TXN_000581,CUST_06407,16778.88,CARD,FAILED,BANK_SERVER_DOWN,56,26,13,9,CARD,0,Wednesday,1
TXN_000595,CUST_00884,8449.44,CARD,FAILED,BANK_SERVER_DOWN,21,30,13,2,UPI,4,Friday,0
TXN_000598,CUST_00453,12929.1,CARD,FAILED,BANK_TIMEOUT,18,2,8,4,CARD,4,Sunday,1
TXN_000599,CUST_09311,4498.14,UPI,FAILED,LIMIT_EXCEEDED,24,18,3,2,NETBANKING,3,Wednesday,0
TXN_000607,CUST_01288,17275.92,UPI,FAILED,NETWORK_ERROR,39,17,20,5,UPI,14,Tuesday,1
TXN_000613,CUST_03284,21600.16,UPI,FAILED,BANK_SERVER_DOWN,34,2,9,8,NETBANKING,6,Sunday,0
TXN_000616,CUST_06845,8120.25,WALLET,FAILED,LIMIT_EXCEEDED,46,26,19,6,UPI,16,Wednesday,0
TXN_000617,CUST_00259,12919.04,NETBANKING,FAILED,BANK_SERVER_DOWN,37,13,25,2,WALLET,1,Tuesday,0
TXN_000620,CUST_09789,14601.27,WALLET,FAILED,BANK_SERVER_DOWN,30,30,23,5,UPI,20,Monday,0
TXN_000624,CUST_01770,8970.4,CARD,FAILED,LIMIT_EXCEEDED,46,30,18,0,CARD,5,Saturday,0
TXN_000633,CUST_02304,7988.44,WALLET,FAILED,BANK_SERVER_DOWN,43,11,19,5,NETBANKING,5,Thursday,0
TXN_000635,CUST_03214,17220.57,CARD,FAILED,INSUFFICIENT_FUNDS,18,25,22,7,UPI,22,Sunday,1
TXN_000636,CUST_04969,24492.31,CARD,FAILED,BANK_TIMEOUT,37,10,23,9,UPI,23,Monday,1
TXN_000643,CUST_09138,6871.47,WALLET,FAILED,LIMIT_EXCEEDED,18,13,4,7,NETBANKING,8,Tuesday,0
TXN_000646,CUST_02602,2958.63,WALLET,FAILED,BANK_TIMEOUT,20,5,15,0,CARD,3,Monday,0
TXN_000648,CUST_05435,5904.88,NETBANKING,FAILED,LIMIT_EXCEEDED,57,15,19,2,WALLET,13,Thursday,0
TXN_000651,CUST_04277,18881.91,NETBANKING,FAILED,INSUFFICIENT_FUNDS,44,20,5,3,WALLET,0,Wednesday,0
TXN_000655,CUST_04830,12126.23,CARD,FAILED,OTP_FAILURE,30,19,13,3,CARD,8,Tuesday,0
TXN_000656,CUST_07607,7630.84,UPI,FAILED,BANK_SERVER_DOWN,43,25,7,10,CARD,0,Saturday,0
TXN_000657,CUST_07760,18419.59,WALLET,FAILED,CARD_DECLINED,57,7,23,2,NETBANKING,22,Sunday,0
TXN_000679,CUST_03335,16468.33,NETBANKING,FAILED,CARD_DECLINED,47,7,9,6,UPI,10,Sunday,0
TXN_000686,CUST_02427,21276.03,NETBANKING,FAILED,CARD_DECLINED,35,11,24,5,WALLET,9,Sunday,1
TXN_000687,CUST_01510,16126.18,NETBANKING,FAILED,LIMIT_EXCEEDED,32,11,23,10,UPI,9,Saturday,0
TXN_000691,CUST_07989,21065.81,CARD,FAILED,LIMIT_EXCEEDED,59,16,24,2,CARD,20,Thursday,0
TXN_000727,CUST_03032,14466.31,WALLET,FAILED,LIMIT_EXCEEDED,35,19,6,7,CARD,9,Thursday,0
TXN_000733,CUST_03501,7826.25,CARD,FAILED,LIMIT_EXCEEDED,60,6,1,2,UPI,3,Thursday,0
TXN_000739,CUST_04304,11941.57,CARD,FAILED,LIMIT_EXCEEDED,56,20,21,5,NETBANKING,0,Friday,0
TXN_000741,CUST_06432,2406.13,UPI,FAILED,CARD_DECLINED,23,19,3,6,WALLET,16,Wednesday,1
TXN_000745,CUST_00184,24233.57,UPI,FAILED,NETWORK_ERROR,29,29,10,0,CARD,10,Tuesday,1
TXN_000762,CUST_06897,3930.85,WALLET,FAILED,BANK_SERVER_DOWN,25,15,23,8,NETBANKING,2,Thursday,0
TXN_000770,CUST_07660,11738.92,NETBANKING,FAILED,BANK_SERVER_DOWN,34,25,1,4,UPI,9,Thursday,0
TXN_000771,CUST_01644,11576.38,NETBANKING,FAILED,INSUFFICIENT_FUNDS,46,15,3,5,NETBANKING,6,Sunday,0
TXN_000773,CUST_01488,24867.82,CARD,FAILED,OTP_FAILURE,24,16,19,1,NETBANKING,20,Thursday,0
TXN_000805,CUST_06447,18928.52,CARD,FAILED,CARD_DECLINED,44,28,8,3,WALLET,2,Monday,0
TXN_000810,CUST_07183,2193.69,CARD,FAILED,OTP_FAILURE,36,30,24,9,UPI,0,Thursday,0
TXN_000811,CUST_03561,13071.0,WALLET,FAILED,OTP_FAILURE,52,25,13,7,CARD,3,Sunday,1
TXN_000812,CUST_07632,11873.44,CARD,FAILED,NETWORK_ERROR,53,2,6,1,WALLET,14,Saturday,1
TXN_000829,CUST_02986,3737.69,WALLET,FAILED,NETWORK_ERROR,44,1,1,1,CARD,22,Friday,1
TXN_000830,CUST_09735,21692.93,UPI,FAILED,LIMIT_EXCEEDED,28,10,10,5,WALLET,8,Sunday,0
TXN_000838,CUST_01309,21410.5,UPI,FAILED,BANK_SERVER_DOWN,46,14,14,9,CARD,17,Thursday,0
TXN_000839,CUST_09817,9575.84,UPI,FAILED,INSUFFICIENT_FUNDS,36,30,6,6,UPI,16,Thursday,1
TXN_000849,CUST_05817,18068.6,UPI,FAILED,NETWORK_ERROR,47,19,23,4,WALLET,5,Monday,1
TXN_000854,CUST_05248,16068.55,NETBANKING,FAILED,BANK_SERVER_DOWN,50,8,10,3,NETBANKING,19,Monday,1
TXN_000856,CUST_00707,18924.37,UPI,FAILED,CARD_DECLINED,33,14,14,8,WALLET,8,Friday,0
TXN_000870,CUST_08887,15556.95,CARD,FAILED,OTP_FAILURE,38,18,10,10,NETBANKING,4,Tuesday,0
TXN_000883,CUST_06402,9075.22,UPI,FAILED,CARD_DECLINED,36,20,5,3,UPI,9,Friday,0
TXN_000891,CUST_05947,18526.62,CARD,FAILED,INSUFFICIENT_FUNDS,36,21,6,8,CARD,19,Monday,1
TXN_000893,CUST_02863,3809.04,CARD,FAILED,INSUFFICIENT_FUNDS,44,23,4,9,WALLET,1,Wednesday,0
TXN_000911,CUST_09721,10668.8,UPI,FAILED,NETWORK_ERROR,20,4,20,3,WALLET,7,Saturday,1
TXN_000925,CUST_03908,2685.92,WALLET,FAILED,OTP_FAILURE,34,3,6,9,NETBANKING,6,Wednesday,0
TXN_000933,CUST_05239,15397.28,UPI,FAILED,LIMIT_EXCEEDED,30,17,24,10,NETBANKING,5,Tuesday,0
TXN_000948,CUST_05992,20992.77,CARD,FAILED,OTP_FAILURE,46,22,8,8,WALLET,21,Sunday,0
TXN_000974,CUST_03157,12072.72,NETBANKING,FAILED,CARD_DECLINED,43,20,13,2,WALLET,1,Wednesday,0
TXN_000976,CUST_08625,12935.95,WALLET,FAILED,OTP_FAILURE,58,11,18,2,CARD,5,Wednesday,0
TXN_000981,CUST_07805,19374.48,CARD,FAILED,INSUFFICIENT_FUNDS,47,16,14,3,NETBANKING,22,Thursday,0
TXN_000991,CUST_06026,1610.94,WALLET,FAILED,NETWORK_ERROR,28,17,23,9,UPI,8,Wednesday,1
TXN_000992,CUST_02006,9390.7,CARD,FAILED,BANK_SERVER_DOWN,50,2,18,6,WALLET,18,Tuesday,0
TXN_000993,CUST_01529,11478.13,WALLET,FAILED,BANK_TIMEOUT,46,23,19,0,UPI,0,Sunday,1
TXN_000994,CUST_08268,6222.06,UPI,FAILED,BANK_TIMEOUT,59,8,1,5,CARD,15,Monday,1
TXN_001003,CUST_06246,4202.61,UPI,FAILED,LIMIT_EXCEEDED,47,27,1,9,WALLET,11,Tuesday,0
TXN_001007,CUST_00729,23095.32,NETBANKING,FAILED,CARD_DECLINED,57,6,9,10,UPI,2,Sunday,0
TXN_001010,CUST_05083,12566.81,CARD,FAILED,CARD_DECLINED,19,30,10,2,NETBANKING,11,Wednesday,1
TXN_001023,CUST_00959,14327.7,NETBANKING,FAILED,BANK_SERVER_DOWN,46,2,18,8,CARD,2,Friday,0
TXN_001028,CUST_00121,18640.1,CARD,FAILED,NETWORK_ERROR,28,23,6,10,UPI,14,Thursday,1
TXN_001033,CUST_08591,14973.13,NETBANKING,FAILED,LIMIT_EXCEEDED,48,3,17,1,NETBANKING,19,Friday,0
TXN_001037,CUST_03498,19808.07,UPI,FAILED,BANK_TIMEOUT,27,11,11,7,UPI,21,Friday,1
TXN_001042,CUST_02409,17042.56,NETBANKING,FAILED,BANK_TIMEOUT,32,27,7,4,WALLET,15,Tuesday,1
TXN_001055,CUST_00427,339.1,UPI,FAILED,LIMIT_EXCEEDED,55,16,13,10,UPI,2,Monday,0
TXN_001062,CUST_03462,20297.35,NETBANKING,FAILED,CARD_DECLINED,40,25,11,9,NETBANKING,17,Monday,1
TXN_001063,CUST_01889,15723.78,CARD,FAILED,LIMIT_EXCEEDED,46,10,22,1,UPI,4,Monday,0
TXN_001065,CUST_08092,11007.26,WALLET,FAILED,CARD_DECLINED,21,4,2,2,NETBANKING,8,Sunday,0
TXN_001067,CUST_05980,17587.48,CARD,FAILED,LIMIT_EXCEEDED,44,22,21,4,NETBANKING,4,Tuesday,1
TXN_001085,CUST_05168,3910.26,WALLET,FAILED,INSUFFICIENT_FUNDS,21,17,11,10,NETBANKING,18,Monday,0
TXN_001094,CUST_09043,12325.27,UPI,FAILED,BANK_SERVER_DOWN,50,23,18,1,NETBANKING,10,Monday,1
TXN_001096,CUST_01374,22771.96,UPI,FAILED,CARD_DECLINED,36,16,2,9,NETBANKING,20,Monday,0
TXN_001097,CUST_06605,5737.24,UPI,FAILED,INSUFFICIENT_FUNDS,60,16,7,3,NETBANKING,8,Thursday,0
TXN_001117,CUST_03581,17971.77,NETBANKING,FAILED,BANK_SERVER_DOWN,51,12,22,7,UPI,5,Tuesday,0
TXN_001123,CUST_06938,3351.53,CARD,FAILED,INSUFFICIENT_FUNDS,38,3,12,3,NETBANKING,7,Tuesday,1
TXN_001127,CUST_02345,23281.49,UPI,FAILED,LIMIT_EXCEEDED,40,21,5,6,WALLET,20,Monday,0
TXN_001135,CUST_00922,19215.46,NETBANKING,FAILED,NETWORK_ERROR,44,7,8,5,WALLET,8,Friday,0
TXN_001137,CUST_03024,8710.64,UPI,FAILED,BANK_SERVER_DOWN,29,10,15,3,NETBANKING,14,Monday,1
TXN_001139,CUST_00027,20488.44,UPI,FAILED,OTP_FAILURE,58,7,11,5,NETBANKING,9,Monday,0
TXN_001149,CUST_09245,12337.55,WALLET,FAILED,BANK_SERVER_DOWN,57,13,1,2,NETBANKING,12,Thursday,0
TXN_001151,CUST_06117,18644.72,CARD,FAILED,OTP_FAILURE,18,3,10,6,WALLET,15,Monday,0
TXN_001153,CUST_00552,6898.95,NETBANKING,FAILED,LIMIT_EXCEEDED,22,3,10,4,NETBANKING,1,Wednesday,0
TXN_001163,CUST_06118,19086.2,UPI,FAILED,NETWORK_ERROR,21,23,21,8,NETBANKING,12,Saturday,1
TXN_001166,CUST_07454,6569.18,UPI,FAILED,INSUFFICIENT_FUNDS,53,7,1,8,CARD,4,Thursday,0
TXN_001171,CUST_07094,4160.66,NETBANKING,FAILED,BANK_TIMEOUT,37,24,6,2,WALLET,2,Thursday,1
TXN_001183,CUST_07909,7480.87,NETBANKING,FAILED,LIMIT_EXCEEDED,30,15,11,6,UPI,10,Wednesday,0
TXN_001187,CUST_00846,5471.97,CARD,FAILED,BANK_TIMEOUT,23,24,1,3,WALLET,5,Wednesday,1
TXN_001192,CUST_01360,22287.73,CARD,FAILED,NETWORK_ERROR,47,7,8,8,CARD,19,Sunday,1
TXN_001199,CUST_07964,6631.07,WALLET,FAILED,NETWORK_ERROR,35,19,9,6,WALLET,2,Sunday,0
TXN_001202,CUST_00007,6672.07,UPI,FAILED,LIMIT_EXCEEDED,57,26,24,5,WALLET,16,Monday,0
TXN_001203,CUST_00667,7636.28,NETBANKING,FAILED,CARD_DECLINED,56,1,3,10,CARD,18,Tuesday,0
TXN_001208,CUST_05953,24323.39,UPI,FAILED,NETWORK_ERROR,37,3,21,0,CARD,19,Sunday,1
TXN_001210,CUST_00492,3018.69,CARD,FAILED,NETWORK_ERROR,53,11,12,10,WALLET,6,Tuesday,1
TXN_001217,CUST_00275,7359.84,CARD,FAILED,BANK_TIMEOUT,53,6,8,3,UPI,23,Friday,0
TXN_001221,CUST_05500,3552.75,UPI,FAILED,INSUFFICIENT_FUNDS,51,27,24,6,WALLET,0,Monday,0
TXN_001224,CUST_05541,18372.04,NETBANKING,FAILED,BANK_SERVER_DOWN,39,8,1,5,CARD,23,Tuesday,0
TXN_001225,CUST_04196,14134.77,CARD,FAILED,LIMIT_EXCEEDED,26,5,7,1,UPI,2,Tuesday,0
TXN_001231,CUST_09309,4945.65,WALLET,FAILED,NETWORK_ERROR,24,17,13,5,CARD,17,Friday,0
TXN_001234,CUST_01048,13128.4,UPI,FAILED,BANK_SERVER_DOWN,47,20,4,1,WALLET,22,Saturday,0
TXN_001241,CUST_05167,16777.98,UPI,FAILED,OTP_FAILURE,57,30,19,1,NETBANKING,2,Sunday,1
TXN_001244,CUST_04477,10915.25,UPI,FAILED,OTP_FAILURE,46,12,24,0,WALLET,17,Monday,1
TXN_001247,CUST_04148,2228.13,WALLET,FAILED,BANK_TIMEOUT,59,30,21,0,NETBANKING,22,Sunday,1
TXN_001256,CUST_02622,17890.84,WALLET,FAILED,OTP_FAILURE,43,5,24,10,NETBANKING,20,Monday,0
TXN_001262,CUST_01071,4241.49,UPI,FAILED,OTP_FAILURE,30,8,6,5,WALLET,21,Saturday,0
TXN_001263,CUST_09407,9237.74,WALLET,FAILED,OTP_FAILURE,30,17,5,8,UPI,10,Friday,0
TXN_001268,CUST_06382,2939.74,NETBANKING,FAILED,INSUFFICIENT_FUNDS,41,7,7,5,WALLET,5,Monday,0
TXN_001272,CUST_00540,16648.71,NETBANKING,FAILED,INSUFFICIENT_FUNDS,40,8,24,2,UPI,4,Monday,0
TXN_001281,CUST_01305,24628.53,WALLET,FAILED,BANK_TIMEOUT,31,28,5,5,NETBANKING,16,Friday,1
TXN_001282,CUST_04937,24433.42,UPI,FAILED,BANK_TIMEOUT,55,24,4,4,UPI,6,Monday,1
TXN_001288,CUST_08943,12285.32,UPI,FAILED,LIMIT_EXCEEDED,41,24,6,0,WALLET,2,Tuesday,0
TXN_001290,CUST_09767,22735.62,NETBANKING,FAILED,LIMIT_EXCEEDED,30,19,18,2,WALLET,11,Saturday,0
TXN_001295,CUST_03170,8426.89,UPI,FAILED,NETWORK_ERROR,36,11,15,4,CARD,6,Thursday,1
TXN_001300,CUST_03532,11189.68,NETBANKING,FAILED,BANK_SERVER_DOWN,43,12,13,0,CARD,13,Tuesday,0
TXN_001302,CUST_00233,2683.22,WALLET,FAILED,BANK_SERVER_DOWN,31,3,11,1,UPI,7,Thursday,0
TXN_001307,CUST_03132,18672.18,CARD,FAILED,INSUFFICIENT_FUNDS,52,13,7,10,WALLET,16,Friday,0
TXN_001323,CUST_08949,22342.37,CARD,FAILED,OTP_FAILURE,31,24,8,7,UPI,10,Saturday,0
TXN_001328,CUST_07485,6855.31,NETBANKING,FAILED,BANK_SERVER_DOWN,30,12,12,5,NETBANKING,9,Friday,1
TXN_001332,CUST_09262,22309.15,WALLET,FAILED,BANK_TIMEOUT,42,7,5,3,WALLET,1,Saturday,1
TXN_001350,CUST_00676,19701.02,UPI,FAILED,NETWORK_ERROR,59,4,20,2,UPI,22,Thursday,1
TXN_001351,CUST_08473,11272.62,NETBANKING,FAILED,INSUFFICIENT_FUNDS,22,11,24,4,NETBANKING,21,Sunday,0
TXN_001362,CUST_05002,3931.9,NETBANKING,FAILED,LIMIT_EXCEEDED,21,22,16,2,CARD,18,Friday,0
TXN_001370,CUST_09937,12065.06,UPI,FAILED,BANK_TIMEOUT,56,6,11,1,NETBANKING,11,Wednesday,1
TXN_001371,CUST_02866,4318.67,UPI,FAILED,CARD_DECLINED,50,15,17,4,WALLET,22,Thursday,0
TXN_001380,CUST_01005,8225.75,UPI,FAILED,INSUFFICIENT_FUNDS,32,23,6,4,NETBANKING,13,Tuesday,0
TXN_001395,CUST_02173,1457.76,NETBANKING,FAILED,BANK_SERVER_DOWN,24,30,20,0,WALLET,8,Thursday,0
TXN_001397,CUST_08768,22929.18,UPI,FAILED,OTP_FAILURE,48,26,6,10,CARD,19,Thursday,0
TXN_001407,CUST_02990,6377.75,NETBANKING,FAILED,NETWORK_ERROR,51,6,4,8,WALLET,18,Friday,0
TXN_001408,CUST_07083,308.06,UPI,FAILED,OTP_FAILURE,38,9,18,0,UPI,11,Friday,0
TXN_001409,CUST_02583,17232.17,NETBANKING,FAILED,NETWORK_ERROR,51,8,13,9,WALLET,2,Saturday,0
TXN_001412,CUST_06033,10986.8,NETBANKING,FAILED,BANK_SERVER_DOWN,58,8,21,8,CARD,15,Sunday,0
TXN_001418,CUST_08101,14921.09,CARD,FAILED,NETWORK_ERROR,46,1,24,3,WALLET,1,Thursday,0
TXN_001424,CUST_01702,6322.91,NETBANKING,FAILED,BANK_TIMEOUT,60,20,12,6,CARD,3,Sunday,1
TXN_001432,CUST_09154,17507.4,WALLET,FAILED,NETWORK_ERROR,26,23,16,7,CARD,8,Saturday,0
TXN_001434,CUST_00884,24620.69,UPI,FAILED,NETWORK_ERROR,21,30,13,2,UPI,21,Sunday,1
TXN_001437,CUST_07032,15476.73,NETBANKING,FAILED,LIMIT_EXCEEDED,28,9,2,2,NETBANKING,19,Sunday,0
TXN_001440,CUST_02011,24876.02,CARD,FAILED,BANK_SERVER_DOWN,33,18,10,9,NETBANKING,12,Tuesday,0
TXN_001443,CUST_03421,3692.14,NETBANKING,FAILED,BANK_TIMEOUT,58,11,12,8,WALLET,15,Friday,1
TXN_001446,CUST_09565,21316.27,WALLET,FAILED,INSUFFICIENT_FUNDS,31,18,9,5,NETBANKING,5,Thursday,0
TXN_001448,CUST_09937,19618.42,WALLET,FAILED,LIMIT_EXCEEDED,56,6,11,1,NETBANKING,5,Monday,0
TXN_001449,CUST_00517,22216.53,WALLET,FAILED,BANK_SERVER_DOWN,35,4,1,10,UPI,9,Saturday,0
TXN_001460,CUST_00523,214.69,UPI,FAILED,INSUFFICIENT_FUNDS,29,16,25,0,UPI,14,Wednesday,1
TXN_001462,CUST_01389,15180.42,CARD,FAILED,LIMIT_EXCEEDED,43,11,8,2,UPI,22,Thursday,0
TXN_001463,CUST_00505,10133.99,WALLET,FAILED,BANK_TIMEOUT,35,5,24,9,NETBANKING,21,Wednesday,0
TXN_001467,CUST_03378,23785.74,WALLET,FAILED,OTP_FAILURE,20,11,24,7,NETBANKING,15,Saturday,0
TXN_001470,CUST_05770,9543.67,UPI,FAILED,LIMIT_EXCEEDED,59,3,15,6,CARD,3,Thursday,0
TXN_001476,CUST_09721,2898.97,UPI,FAILED,CARD_DECLINED,20,4,20,3,WALLET,6,Thursday,0
TXN_001482,CUST_05242,15135.28,UPI,FAILED,BANK_SERVER_DOWN,50,24,10,6,NETBANKING,17,Thursday,1
TXN_001491,CUST_07180,18172.47,WALLET,FAILED,BANK_TIMEOUT,49,1,4,6,UPI,8,Wednesday,0
TXN_001492,CUST_07511,6650.34,WALLET,FAILED,BANK_TIMEOUT,47,20,6,10,WALLET,7,Wednesday,1
TXN_001494,CUST_04404,23393.88,NETBANKING,FAILED,NETWORK_ERROR,32,27,15,2,WALLET,4,Wednesday,1
TXN_001518,CUST_09978,11859.4,UPI,FAILED,INSUFFICIENT_FUNDS,35,1,9,7,CARD,8,Thursday,0
TXN_001522,CUST_01669,6149.13,UPI,FAILED,NETWORK_ERROR,37,27,7,7,NETBANKING,23,Friday,1
TXN_001528,CUST_05803,23618.09,NETBANKING,FAILED,BANK_TIMEOUT,52,28,10,6,CARD,4,Friday,0
TXN_001529,CUST_01539,17670.68,CARD,FAILED,BANK_TIMEOUT,33,19,23,4,NETBANKING,12,Friday,1
TXN_001531,CUST_00194,21898.94,NETBANKING,FAILED,NETWORK_ERROR,28,6,21,1,UPI,9,Wednesday,1
TXN_001536,CUST_01252,24610.93,NETBANKING,FAILED,BANK_SERVER_DOWN,57,13,7,0,WALLET,3,Sunday,0
TXN_001537,CUST_02848,5397.85,WALLET,FAILED,OTP_FAILURE,30,3,12,10,CARD,19,Wednesday,0
TXN_001542,CUST_06087,11256.33,NETBANKING,FAILED,LIMIT_EXCEEDED,57,22,20,1,CARD,2,Wednesday,0
TXN_001543,CUST_01855,14424.8,NETBANKING,FAILED,NETWORK_ERROR,32,4,9,2,WALLET,9,Monday,0
TXN_001553,CUST_04969,3764.92,NETBANKING,FAILED,BANK_SERVER_DOWN,37,10,23,9,UPI,19,Tuesday,0
TXN_001556,CUST_01014,1470.52,WALLET,FAILED,NETWORK_ERROR,33,14,5,6,WALLET,6,Tuesday,1
TXN_001559,CUST_07382,18436.9,WALLET,FAILED,BANK_SERVER_DOWN,56,12,2,4,UPI,15,Thursday,0
TXN_001561,CUST_09424,10211.76,WALLET,FAILED,BANK_TIMEOUT,33,12,8,0,CARD,12,Tuesday,0
TXN_001564,CUST_05628,17200.11,UPI,FAILED,INSUFFICIENT_FUNDS,21,12,2,9,NETBANKING,2,Saturday,0
TXN_001570,CUST_01063,23737.72,WALLET,FAILED,NETWORK_ERROR,60,28,6,1,UPI,14,Tuesday,0
TXN_001581,CUST_06275,16919.17,CARD,FAILED,BANK_TIMEOUT,20,14,5,3,NETBANKING,4,Thursday,0
TXN_001598,CUST_03711,12334.34,CARD,FAILED,LIMIT_EXCEEDED,54,10,1,6,UPI,16,Saturday,0
TXN_001599,CUST_00811,3399.91,CARD,FAILED,OTP_FAILURE,33,9,18,0,UPI,18,Wednesday,0
TXN_001607,CUST_03063,16860.81,NETBANKING,FAILED,BANK_SERVER_DOWN,46,28,24,7,WALLET,21,Friday,0
TXN_001618,CUST_00787,13971.54,CARD,FAILED,NETWORK_ERROR,45,10,6,1,WALLET,4,Tuesday,0
TXN_001623,CUST_07921,2539.47,CARD,FAILED,NETWORK_ERROR,43,2,9,10,WALLET,5,Tuesday,1
TXN_001626,CUST_06793,2204.86,NETBANKING,FAILED,CARD_DECLINED,32,18,23,7,UPI,17,Thursday,0
TXN_001628,CUST_03963,4857.29,NETBANKING,FAILED,BANK_TIMEOUT,38,13,13,1,WALLET,14,Monday,0
TXN_001633,CUST_01961,8167.76,UPI,FAILED,OTP_FAILURE,48,23,15,6,WALLET,9,Saturday,0
TXN_001635,CUST_09683,13477.24,CARD,FAILED,NETWORK_ERROR,51,4,24,6,NETBANKING,11,Monday,0
TXN_001639,CUST_03237,13793.38,NETBANKING,FAILED,BANK_SERVER_DOWN,52,18,15,3,NETBANKING,21,Saturday,1
TXN_001641,CUST_03296,22792.92,NETBANKING,FAILED,INSUFFICIENT_FUNDS,56,9,10,7,UPI,2,Friday,0
TXN_001659,CUST_01176,13364.42,WALLET,FAILED,OTP_FAILURE,26,30,17,3,UPI,18,Wednesday,1
TXN_001661,CUST_02558,6161.27,CARD,FAILED,BANK_SERVER_DOWN,38,27,12,2,NETBANKING,20,Friday,1
TXN_001674,CUST_07200,6041.88,WALLET,FAILED,BANK_SERVER_DOWN,56,29,2,3,WALLET,16,Saturday,0
TXN_001676,CUST_07105,7109.98,UPI,FAILED,CARD_DECLINED,36,17,2,1,CARD,16,Thursday,0
TXN_001677,CUST_08407,17762.14,WALLET,FAILED,NETWORK_ERROR,23,8,7,7,WALLET,5,Thursday,1
TXN_001682,CUST_00780,19080.5,CARD,FAILED,CARD_DECLINED,57,22,8,10,WALLET,18,Monday,0
TXN_001688,CUST_03735,23914.82,NETBANKING,FAILED,LIMIT_EXCEEDED,24,26,19,6,NETBANKING,12,Tuesday,0
TXN_001696,CUST_09365,1037.92,WALLET,FAILED,BANK_SERVER_DOWN,47,30,3,2,NETBANKING,8,Wednesday,0
TXN_001698,CUST_09528,2012.51,NETBANKING,FAILED,NETWORK_ERROR,34,14,1,1,WALLET,16,Thursday,1
TXN_001705,CUST_06800,20709.38,NETBANKING,FAILED,OTP_FAILURE,59,24,11,9,UPI,14,Thursday,1
TXN_001708,CUST_09069,22442.14,CARD,FAILED,CARD_DECLINED,33,1,16,8,UPI,20,Tuesday,0
TXN_001711,CUST_09737,16313.08,NETBANKING,FAILED,INSUFFICIENT_FUNDS,27,27,14,6,NETBANKING,3,Monday,1
TXN_001713,CUST_01575,7171.97,UPI,FAILED,NETWORK_ERROR,60,9,12,6,CARD,1,Saturday,1
TXN_001719,CUST_01074,3296.78,WALLET,FAILED,BANK_TIMEOUT,30,30,8,6,UPI,15,Saturday,1
TXN_001720,CUST_07425,16713.1,CARD,FAILED,NETWORK_ERROR,23,10,19,6,NETBANKING,17,Friday,0
TXN_001721,CUST_05238,16176.28,UPI,FAILED,OTP_FAILURE,41,14,23,10,WALLET,6,Wednesday,0
TXN_001723,CUST_00492,1848.32,UPI,FAILED,INSUFFICIENT_FUNDS,53,11,12,10,WALLET,22,Wednesday,1
TXN_001732,CUST_02466,21979.66,CARD,FAILED,BANK_TIMEOUT,47,5,23,8,UPI,22,Friday,1
TXN_001749,CUST_05486,3745.33,CARD,FAILED,OTP_FAILURE,18,29,22,2,NETBANKING,16,Wednesday,0
TXN_001750,CUST_02746,18538.9,CARD,FAILED,OTP_FAILURE,35,5,7,3,UPI,3,Sunday,0
TXN_001751,CUST_02194,923.83,WALLET,FAILED,OTP_FAILURE,20,10,1,10,CARD,14,Saturday,1
TXN_001755,CUST_03422,13933.66,NETBANKING,FAILED,OTP_FAILURE,19,5,13,5,NETBANKING,17,Saturday,0
TXN_001761,CUST_02503,17252.35,CARD,FAILED,LIMIT_EXCEEDED,51,26,5,5,CARD,4,Tuesday,1
TXN_001767,CUST_09232,19219.88,NETBANKING,FAILED,NETWORK_ERROR,59,28,8,6,CARD,11,Saturday,1
TXN_001768,CUST_08673,24078.61,UPI,FAILED,INSUFFICIENT_FUNDS,38,13,17,4,CARD,21,Saturday,0
TXN_001775,CUST_02480,315.6,WALLET,FAILED,LIMIT_EXCEEDED,27,9,2,4,CARD,11,Wednesday,0
TXN_001783,CUST_09745,21919.98,NETBANKING,FAILED,CARD_DECLINED,31,14,1,9,UPI,23,Friday,0
TXN_001789,CUST_01352,20628.05,NETBANKING,FAILED,NETWORK_ERROR,59,20,15,7,CARD,7,Thursday,1
TXN_001801,CUST_00903,489.38,NETBANKING,FAILED,OTP_FAILURE,26,28,7,10,UPI,21,Thursday,0
TXN_001828,CUST_09845,3394.23,CARD,FAILED,BANK_SERVER_DOWN,42,2,13,6,CARD,6,Friday,1
TXN_001832,CUST_01409,1250.28,UPI,FAILED,INSUFFICIENT_FUNDS,23,22,5,1,WALLET,15,Friday,1
TXN_001836,CUST_03118,13429.04,CARD,FAILED,LIMIT_EXCEEDED,60,3,11,5,CARD,17,Sunday,0
TXN_001841,CUST_09125,4638.57,WALLET,FAILED,OTP_FAILURE,59,21,13,10,CARD,23,Sunday,0
TXN_001842,CUST_09309,16946.86,CARD,FAILED,BANK_TIMEOUT,24,17,13,5,CARD,19,Wednesday,1
TXN_001848,CUST_02428,16939.21,UPI,FAILED,BANK_TIMEOUT,32,4,9,1,NETBANKING,20,Sunday,1
TXN_001854,CUST_03175,7026.27,NETBANKING,FAILED,OTP_FAILURE,34,30,10,2,NETBANKING,10,Sunday,0
TXN_001856,CUST_05191,20424.73,UPI,FAILED,BANK_TIMEOUT,55,29,14,5,UPI,20,Monday,1
TXN_001857,CUST_05277,23312.96,UPI,FAILED,INSUFFICIENT_FUNDS,20,22,3,10,CARD,17,Wednesday,0
TXN_001866,CUST_01934,22295.7,NETBANKING,FAILED,LIMIT_EXCEEDED,53,1,5,10,UPI,14,Sunday,0
TXN_001879,CUST_09423,24028.59,WALLET,FAILED,INSUFFICIENT_FUNDS,28,16,23,10,UPI,1,Sunday,1
TXN_001884,CUST_00240,7465.66,WALLET,FAILED,INSUFFICIENT_FUNDS,52,27,11,3,UPI,16,Wednesday,0
TXN_001889,CUST_07016,21123.21,CARD,FAILED,BANK_TIMEOUT,34,29,23,0,UPI,18,Thursday,0
TXN_001896,CUST_07607,21080.28,WALLET,FAILED,OTP_FAILURE,43,25,7,10,CARD,18,Thursday,0
TXN_001898,CUST_03464,19329.67,CARD,FAILED,INSUFFICIENT_FUNDS,22,6,6,8,CARD,17,Tuesday,0
TXN_001899,CUST_03342,6958.18,UPI,FAILED,NETWORK_ERROR,43,1,3,4,NETBANKING,12,Saturday,0
TXN_001905,CUST_05538,4019.73,UPI,FAILED,INSUFFICIENT_FUNDS,20,17,16,2,UPI,14,Sunday,1
TXN_001906,CUST_05651,4781.39,WALLET,FAILED,NETWORK_ERROR,54,5,14,4,NETBANKING,17,Thursday,0
TXN_001908,CUST_06857,20572.35,UPI,FAILED,LIMIT_EXCEEDED,26,28,22,5,WALLET,10,Saturday,0
TXN_001909,CUST_06721,14902.22,CARD,FAILED,CARD_DECLINED,35,21,1,9,UPI,11,Monday,0
TXN_001921,CUST_05698,6485.36,CARD,FAILED,BANK_TIMEOUT,43,17,20,5,UPI,4,Tuesday,1
TXN_001925,CUST_09550,23921.82,WALLET,FAILED,BANK_SERVER_DOWN,32,28,8,9,WALLET,18,Thursday,0
TXN_001928,CUST_09732,6562.6,CARD,FAILED,INSUFFICIENT_FUNDS,36,29,5,2,WALLET,11,Sunday,0
TXN_001929,CUST_07290,3903.92,NETBANKING,FAILED,INSUFFICIENT_FUNDS,32,14,18,7,NETBANKING,12,Thursday,1
TXN_001931,CUST_04073,21655.34,UPI,FAILED,OTP_FAILURE,23,26,23,5,NETBANKING,5,Sunday,0
TXN_001950,CUST_07375,21237.68,WALLET,FAILED,BANK_SERVER_DOWN,34,7,14,6,NETBANKING,6,Saturday,0
TXN_001953,CUST_01700,24503.62,UPI,FAILED,BANK_SERVER_DOWN,36,7,22,2,UPI,11,Sunday,1
TXN_001971,CUST_09803,4765.84,CARD,FAILED,BANK_SERVER_DOWN,33,10,4,10,NETBANKING,18,Tuesday,0
TXN_001980,CUST_04325,5898.89,NETBANKING,FAILED,INSUFFICIENT_FUNDS,26,10,5,8,CARD,6,Saturday,0
TXN_001985,CUST_07304,19331.64,WALLET,FAILED,NETWORK_ERROR,40,26,18,5,CARD,21,Saturday,0
TXN_001989,CUST_02388,5056.58,UPI,FAILED,BANK_TIMEOUT,35,30,24,6,CARD,18,Wednesday,1
TXN_002017,CUST_00957,6242.18,WALLET,FAILED,BANK_TIMEOUT,34,24,5,0,UPI,14,Wednesday,0
TXN_002024,CUST_02643,24910.44,UPI,FAILED,NETWORK_ERROR,31,30,13,3,CARD,3,Sunday,0
TXN_002027,CUST_04983,8372.49,WALLET,FAILED,OTP_FAILURE,30,20,22,1,CARD,11,Sunday,0
TXN_002064,CUST_02305,5586.5,NETBANKING,FAILED,NETWORK_ERROR,31,11,23,3,CARD,6,Thursday,0
TXN_002071,CUST_03306,23729.4,CARD,FAILED,NETWORK_ERROR,54,15,25,8,NETBANKING,19,Tuesday,0
TXN_002072,CUST_03052,16962.65,CARD,FAILED,INSUFFICIENT_FUNDS,47,12,17,3,UPI,17,Friday,0
TXN_002073,CUST_08574,19618.81,NETBANKING,FAILED,INSUFFICIENT_FUNDS,30,27,4,4,UPI,3,Thursday,0
TXN_002078,CUST_01374,2698.06,CARD,FAILED,OTP_FAILURE,36,16,2,9,NETBANKING,21,Wednesday,0
TXN_002084,CUST_09097,8332.64,UPI,FAILED,BANK_SERVER_DOWN,43,23,20,5,CARD,3,Tuesday,0
TXN_002086,CUST_08428,7260.54,NETBANKING,FAILED,LIMIT_EXCEEDED,24,29,11,8,CARD,18,Friday,0
TXN_002092,CUST_01474,16517.72,WALLET,FAILED,CARD_DECLINED,24,14,11,0,CARD,23,Monday,0
TXN_002102,CUST_04915,9012.29,NETBANKING,FAILED,CARD_DECLINED,44,10,1,3,CARD,14,Tuesday,0
TXN_002116,CUST_00615,14148.28,UPI,FAILED,BANK_SERVER_DOWN,31,11,12,8,CARD,12,Tuesday,0
TXN_002122,CUST_08068,11500.2,CARD,FAILED,OTP_FAILURE,59,26,17,4,CARD,8,Monday,0
TXN_002125,CUST_05070,17821.41,NETBANKING,FAILED,BANK_SERVER_DOWN,24,18,25,1,CARD,15,Thursday,0
TXN_002130,CUST_07529,20471.55,WALLET,FAILED,NETWORK_ERROR,58,29,24,2,NETBANKING,0,Saturday,1
TXN_002131,CUST_03533,10966.76,UPI,FAILED,BANK_TIMEOUT,54,15,9,10,NETBANKING,3,Sunday,0
TXN_002139,CUST_01350,18334.12,UPI,FAILED,BANK_TIMEOUT,36,27,21,5,UPI,15,Sunday,1
TXN_002140,CUST_03225,19561.86,CARD,FAILED,CARD_DECLINED,51,28,24,2,UPI,1,Saturday,1
TXN_002143,CUST_09173,24180.63,UPI,FAILED,NETWORK_ERROR,25,9,17,10,NETBANKING,3,Wednesday,0
TXN_002151,CUST_09348,21512.79,UPI,FAILED,NETWORK_ERROR,42,15,17,10,NETBANKING,17,Friday,0
TXN_002157,CUST_07259,14482.4,UPI,FAILED,BANK_TIMEOUT,30,13,9,4,CARD,7,Tuesday,0
TXN_002161,CUST_04799,21669.28,WALLET,FAILED,OTP_FAILURE,31,3,5,9,WALLET,2,Wednesday,0
TXN_002162,CUST_05429,2507.08,NETBANKING,FAILED,BANK_SERVER_DOWN,23,19,1,8,UPI,11,Thursday,0
TXN_002169,CUST_03921,19250.58,NETBANKING,FAILED,NETWORK_ERROR,39,7,7,10,NETBANKING,5,Saturday,1
TXN_002182,CUST_04911,16885.72,UPI,FAILED,LIMIT_EXCEEDED,59,21,19,10,NETBANKING,5,Tuesday,1
TXN_002186,CUST_03573,15184.77,CARD,FAILED,BANK_SERVER_DOWN,50,27,10,7,NETBANKING,11,Friday,0
TXN_002190,CUST_06735,3175.2,CARD,FAILED,BANK_TIMEOUT,34,28,10,0,NETBANKING,14,Thursday,1
TXN_002191,CUST_05489,3231.96,UPI,FAILED,BANK_SERVER_DOWN,56,22,5,0,CARD,11,Monday,1
TXN_002192,CUST_08218,24447.83,NETBANKING,FAILED,BANK_TIMEOUT,22,19,2,4,CARD,13,Thursday,1
TXN_002193,CUST_05368,22449.06,WALLET,FAILED,BANK_TIMEOUT,22,28,20,6,UPI,15,Saturday,0
TXN_002209,CUST_05586,22106.38,NETBANKING,FAILED,OTP_FAILURE,31,8,17,6,UPI,3,Thursday,0
TXN_002213,CUST_05122,1916.13,NETBANKING,FAILED,INSUFFICIENT_FUNDS,48,6,21,8,CARD,23,Monday,0
TXN_002224,CUST_09528,18687.8,NETBANKING,FAILED,INSUFFICIENT_FUNDS,34,14,1,1,WALLET,18,Thursday,0
TXN_002233,CUST_00412,21041.35,NETBANKING,FAILED,CARD_DECLINED,55,27,22,2,CARD,21,Thursday,0
TXN_002241,CUST_04594,10818.23,WALLET,FAILED,LIMIT_EXCEEDED,48,2,3,4,NETBANKING,11,Saturday,0
TXN_002245,CUST_01839,13610.38,UPI,FAILED,BANK_TIMEOUT,35,13,17,3,CARD,5,Sunday,0
TXN_002246,CUST_00846,13859.41,WALLET,FAILED,OTP_FAILURE,23,24,1,3,WALLET,22,Wednesday,0
TXN_002251,CUST_01835,13823.16,CARD,FAILED,NETWORK_ERROR,48,20,5,2,UPI,5,Friday,1
TXN_002252,CUST_05216,1671.31,NETBANKING,FAILED,OTP_FAILURE,39,15,18,2,CARD,16,Friday,0
TXN_002270,CUST_06806,158.34,NETBANKING,FAILED,BANK_SERVER_DOWN,30,19,9,3,NETBANKING,23,Saturday,1
TXN_002273,CUST_02457,10177.91,CARD,FAILED,LIMIT_EXCEEDED,18,19,16,6,WALLET,21,Thursday,0
TXN_002283,CUST_09174,21680.46,UPI,FAILED,NETWORK_ERROR,39,3,21,5,WALLET,9,Monday,0
TXN_002285,CUST_06832,1554.97,WALLET,FAILED,NETWORK_ERROR,44,23,4,6,UPI,13,Wednesday,1
TXN_002287,CUST_04469,6046.29,CARD,FAILED,OTP_FAILURE,44,5,16,5,WALLET,3,Wednesday,0
TXN_002292,CUST_08644,19060.33,UPI,FAILED,NETWORK_ERROR,54,5,13,6,UPI,16,Wednesday,1
TXN_002300,CUST_06799,1636.22,WALLET,FAILED,OTP_FAILURE,48,5,17,1,CARD,19,Wednesday,1
TXN_002312,CUST_02011,10718.32,WALLET,FAILED,BANK_TIMEOUT,33,18,10,9,NETBANKING,23,Wednesday,1
TXN_002323,CUST_04624,8795.27,CARD,FAILED,CARD_DECLINED,20,9,2,2,WALLET,20,Sunday,0
TXN_002330,CUST_03429,19937.23,UPI,FAILED,BANK_TIMEOUT,55,12,20,1,UPI,11,Wednesday,0
TXN_002339,CUST_07838,17404.23,NETBANKING,FAILED,CARD_DECLINED,32,6,20,1,NETBANKING,4,Wednesday,1
TXN_002347,CUST_01755,13363.04,WALLET,FAILED,LIMIT_EXCEEDED,23,9,9,8,NETBANKING,15,Monday,0
TXN_002360,CUST_05217,1600.99,WALLET,FAILED,BANK_SERVER_DOWN,37,10,15,8,WALLET,21,Tuesday,0
TXN_002373,CUST_07159,18897.39,WALLET,FAILED,OTP_FAILURE,42,21,18,5,NETBANKING,18,Tuesday,1
TXN_002382,CUST_03723,2838.88,UPI,FAILED,BANK_TIMEOUT,39,29,22,9,NETBANKING,6,Monday,1
TXN_002389,CUST_03377,19018.07,CARD,FAILED,INSUFFICIENT_FUNDS,43,15,25,3,CARD,8,Sunday,0
TXN_002390,CUST_00350,15743.7,WALLET,FAILED,OTP_FAILURE,52,21,16,5,UPI,14,Sunday,0
TXN_002395,CUST_04762,7052.46,UPI,FAILED,BANK_TIMEOUT,25,10,12,1,UPI,21,Saturday,1
TXN_002400,CUST_04656,9189.75,UPI,FAILED,CARD_DECLINED,60,7,12,10,UPI,10,Tuesday,1
TXN_002405,CUST_04037,5805.26,CARD,FAILED,OTP_FAILURE,19,2,25,8,WALLET,5,Wednesday,0
TXN_002418,CUST_02258,4842.07,WALLET,FAILED,NETWORK_ERROR,47,15,8,3,UPI,14,Thursday,1
TXN_002419,CUST_01821,11415.34,WALLET,FAILED,CARD_DECLINED,53,8,7,9,UPI,22,Saturday,0
TXN_002436,CUST_03232,5970.99,UPI,FAILED,LIMIT_EXCEEDED,26,15,25,3,NETBANKING,12,Wednesday,0
TXN_002439,CUST_07346,24242.08,CARD,FAILED,BANK_SERVER_DOWN,23,17,1,0,WALLET,4,Saturday,0
TXN_002446,CUST_06160,4271.1,CARD,FAILED,CARD_DECLINED,46,30,19,10,WALLET,19,Monday,0
TXN_002454,CUST_02201,23583.88,WALLET,FAILED,INSUFFICIENT_FUNDS,39,5,20,2,CARD,19,Friday,0
TXN_002456,CUST_06200,8343.76,NETBANKING,FAILED,BANK_SERVER_DOWN,29,10,7,1,WALLET,15,Saturday,0
TXN_002467,CUST_03929,2122.93,UPI,FAILED,BANK_TIMEOUT,33,12,6,4,NETBANKING,14,Tuesday,0
TXN_002481,CUST_08132,4544.79,WALLET,FAILED,NETWORK_ERROR,44,13,1,5,CARD,22,Tuesday,1
TXN_002485,CUST_06706,20882.9,UPI,FAILED,OTP_FAILURE,26,26,5,3,CARD,14,Monday,0
TXN_002518,CUST_03813,1271.74,UPI,FAILED,BANK_TIMEOUT,36,9,19,8,WALLET,4,Wednesday,1
TXN_002521,CUST_00322,17963.01,WALLET,FAILED,CARD_DECLINED,57,19,20,10,NETBANKING,8,Sunday,0
TXN_002525,CUST_04880,5505.71,WALLET,FAILED,NETWORK_ERROR,39,21,12,4,UPI,5,Thursday,1
TXN_002532,CUST_02473,23036.53,NETBANKING,FAILED,BANK_SERVER_DOWN,57,26,14,9,UPI,11,Thursday,0
TXN_002533,CUST_02124,1712.02,NETBANKING,FAILED,INSUFFICIENT_FUNDS,18,25,13,3,NETBANKING,8,Friday,1
TXN_002540,CUST_00908,22957.79,NETBANKING,FAILED,BANK_SERVER_DOWN,46,6,10,0,CARD,1,Sunday,0
TXN_002546,CUST_05221,9216.25,CARD,FAILED,BANK_TIMEOUT,54,11,9,10,UPI,16,Wednesday,1
TXN_002552,CUST_09350,160.71,CARD,FAILED,CARD_DECLINED,54,1,17,5,UPI,6,Sunday,1
TXN_002553,CUST_06261,181.03,NETBANKING,FAILED,LIMIT_EXCEEDED,49,26,2,10,WALLET,22,Monday,1
TXN_002558,CUST_09630,3766.13,UPI,FAILED,BANK_SERVER_DOWN,45,3,11,0,UPI,19,Wednesday,0
TXN_002559,CUST_04215,1356.01,UPI,FAILED,BANK_TIMEOUT,30,3,16,4,UPI,11,Friday,1
TXN_002561,CUST_01572,19718.81,NETBANKING,FAILED,BANK_TIMEOUT,36,1,19,0,CARD,4,Sunday,1
TXN_002564,CUST_07895,22042.39,NETBANKING,FAILED,BANK_SERVER_DOWN,29,21,23,6,CARD,10,Friday,0
TXN_002588,CUST_06957,5291.56,WALLET,FAILED,INSUFFICIENT_FUNDS,49,30,25,5,CARD,9,Thursday,0
TXN_002604,CUST_01494,6611.31,NETBANKING,FAILED,NETWORK_ERROR,39,8,10,8,CARD,19,Thursday,0
TXN_002614,CUST_06463,8389.96,WALLET,FAILED,BANK_TIMEOUT,20,21,1,2,UPI,21,Sunday,0
TXN_002618,CUST_03873,14194.83,NETBANKING,FAILED,BANK_TIMEOUT,31,26,19,4,UPI,20,Thursday,1
TXN_002622,CUST_03150,7190.5,CARD,FAILED,INSUFFICIENT_FUNDS,54,19,11,4,UPI,20,Thursday,1
TXN_002632,CUST_03707,22472.22,NETBANKING,FAILED,LIMIT_EXCEEDED,21,24,9,1,WALLET,11,Monday,0
TXN_002634,CUST_08698,9861.3,WALLET,FAILED,OTP_FAILURE,18,28,18,6,NETBANKING,5,Tuesday,0
TXN_002635,CUST_01348,17411.83,UPI,FAILED,BANK_SERVER_DOWN,25,12,16,7,CARD,21,Sunday,0
TXN_002639,CUST_03981,24853.43,UPI,FAILED,INSUFFICIENT_FUNDS,52,24,21,9,WALLET,21,Saturday,0
TXN_002642,CUST_00991,4589.82,UPI,FAILED,INSUFFICIENT_FUNDS,41,30,17,2,UPI,17,Saturday,0
TXN_002646,CUST_02327,13202.84,UPI,FAILED,OTP_FAILURE,60,24,7,5,CARD,19,Friday,0
TXN_002664,CUST_08142,15483.79,CARD,FAILED,BANK_TIMEOUT,59,8,14,8,WALLET,21,Wednesday,0
TXN_002679,CUST_03821,297.43,NETBANKING,FAILED,INSUFFICIENT_FUNDS,50,16,9,4,NETBANKING,12,Sunday,0
TXN_002682,CUST_08407,11224.64,UPI,FAILED,LIMIT_EXCEEDED,23,8,7,7,WALLET,21,Tuesday,0
TXN_002687,CUST_02428,16658.05,CARD,FAILED,INSUFFICIENT_FUNDS,32,4,9,1,NETBANKING,19,Thursday,0
TXN_002690,CUST_02156,2049.78,CARD,FAILED,CARD_DECLINED,46,21,25,5,WALLET,17,Wednesday,1
TXN_002692,CUST_08807,9625.61,NETBANKING,FAILED,INSUFFICIENT_FUNDS,30,1,11,6,NETBANKING,0,Thursday,0
TXN_002712,CUST_07918,23122.0,WALLET,FAILED,LIMIT_EXCEEDED,53,9,24,5,UPI,8,Thursday,0
TXN_002721,CUST_04682,13696.84,NETBANKING,FAILED,OTP_FAILURE,36,28,24,0,CARD,13,Monday,0
TXN_002723,CUST_00665,5057.4,WALLET,FAILED,CARD_DECLINED,22,5,17,9,UPI,23,Tuesday,1
TXN_002724,CUST_03292,10685.59,NETBANKING,FAILED,OTP_FAILURE,36,4,8,0,WALLET,2,Tuesday,0
TXN_002726,CUST_00619,10120.57,UPI,FAILED,NETWORK_ERROR,37,30,11,10,WALLET,13,Thursday,0
TXN_002727,CUST_07742,12117.73,WALLET,FAILED,OTP_FAILURE,34,17,1,5,NETBANKING,16,Tuesday,0
TXN_002729,CUST_05142,20763.57,NETBANKING,FAILED,CARD_DECLINED,27,29,22,1,CARD,2,Sunday,0
TXN_002736,CUST_03019,24155.42,CARD,FAILED,NETWORK_ERROR,46,21,2,7,UPI,6,Saturday,0
TXN_002745,CUST_08158,18325.72,UPI,FAILED,LIMIT_EXCEEDED,21,14,24,4,WALLET,0,Thursday,0
TXN_002749,CUST_03827,12638.02,UPI,FAILED,CARD_DECLINED,36,10,23,4,WALLET,23,Monday,0
TXN_002751,CUST_03176,5347.52,WALLET,FAILED,BANK_SERVER_DOWN,55,26,18,8,CARD,6,Friday,0
TXN_002757,CUST_06110,8856.8,WALLET,FAILED,OTP_FAILURE,52,29,16,9,WALLET,7,Friday,1
TXN_002767,CUST_06498,20302.39,UPI,FAILED,LIMIT_EXCEEDED,34,14,25,2,NETBANKING,21,Thursday,1
TXN_002777,CUST_01956,18478.46,WALLET,FAILED,INSUFFICIENT_FUNDS,18,23,21,0,WALLET,15,Saturday,0
TXN_002786,CUST_00696,10867.45,UPI,FAILED,BANK_TIMEOUT,44,3,14,0,CARD,3,Saturday,1
TXN_002789,CUST_07716,22808.02,NETBANKING,FAILED,BANK_TIMEOUT,49,14,9,5,UPI,17,Friday,1
TXN_002791,CUST_05595,21393.08,WALLET,FAILED,BANK_TIMEOUT,35,5,2,7,UPI,2,Friday,1
TXN_002809,CUST_04247,4187.79,NETBANKING,FAILED,INSUFFICIENT_FUNDS,24,23,20,7,UPI,7,Saturday,0
TXN_002810,CUST_04588,22059.46,WALLET,FAILED,BANK_TIMEOUT,56,13,10,9,CARD,13,Sunday,0
TXN_002811,CUST_01447,2350.4,CARD,FAILED,NETWORK_ERROR,42,4,19,9,UPI,18,Monday,1
TXN_002813,CUST_01010,959.49,CARD,FAILED,LIMIT_EXCEEDED,46,29,23,10,UPI,21,Thursday,0
TXN_002831,CUST_08669,2703.73,CARD,FAILED,BANK_SERVER_DOWN,50,25,15,8,UPI,1,Wednesday,1
TXN_002833,CUST_06497,7396.48,CARD,FAILED,CARD_DECLINED,36,18,18,1,NETBANKING,3,Wednesday,0
TXN_002836,CUST_06028,24510.83,CARD,FAILED,BANK_TIMEOUT,22,25,25,2,WALLET,4,Friday,1
TXN_002844,CUST_07119,12742.02,NETBANKING,FAILED,LIMIT_EXCEEDED,50,30,19,3,UPI,1,Saturday,1
TXN_002851,CUST_01205,23172.72,WALLET,FAILED,BANK_TIMEOUT,41,30,2,10,NETBANKING,19,Wednesday,0
TXN_002858,CUST_01239,17994.4,WALLET,FAILED,BANK_TIMEOUT,27,19,4,8,WALLET,10,Thursday,1
TXN_002864,CUST_08332,9740.86,CARD,FAILED,CARD_DECLINED,60,16,1,0,WALLET,15,Saturday,0
TXN_002865,CUST_03693,20562.67,UPI,FAILED,BANK_TIMEOUT,23,12,23,0,WALLET,15,Sunday,1
TXN_002868,CUST_09056,15117.94,UPI,FAILED,CARD_DECLINED,45,27,23,9,WALLET,15,Tuesday,1
TXN_002872,CUST_00167,15386.87,UPI,FAILED,BANK_TIMEOUT,47,11,6,0,UPI,18,Monday,1
TXN_002873,CUST_04347,10962.33,WALLET,FAILED,BANK_TIMEOUT,33,13,3,9,WALLET,23,Friday,1
TXN_002889,CUST_01213,5532.35,CARD,FAILED,OTP_FAILURE,18,27,22,8,CARD,18,Sunday,1
TXN_002893,CUST_00642,24437.54,CARD,FAILED,OTP_FAILURE,58,7,15,2,WALLET,15,Saturday,1
TXN_002903,CUST_00022,21063.41,CARD,FAILED,BANK_TIMEOUT,20,21,17,3,CARD,20,Tuesday,1
TXN_002904,CUST_05193,4439.16,NETBANKING,FAILED,BANK_SERVER_DOWN,32,26,24,1,CARD,14,Saturday,0
TXN_002906,CUST_08493,7097.55,NETBANKING,FAILED,INSUFFICIENT_FUNDS,45,8,22,10,WALLET,6,Friday,0
TXN_002907,CUST_07600,14927.85,CARD,FAILED,OTP_FAILURE,60,3,24,10,WALLET,13,Tuesday,0
TXN_002949,CUST_03704,21851.0,NETBANKING,FAILED,CARD_DECLINED,46,30,3,2,CARD,18,Friday,0
TXN_002952,CUST_04017,15112.84,UPI,FAILED,BANK_SERVER_DOWN,31,25,7,7,NETBANKING,19,Thursday,0
TXN_002953,CUST_06557,8570.39,WALLET,FAILED,CARD_DECLINED,25,16,14,10,CARD,3,Saturday,0
TXN_002970,CUST_03312,19149.37,NETBANKING,FAILED,NETWORK_ERROR,21,18,25,3,NETBANKING,14,Friday,0
TXN_002974,CUST_01839,24722.42,CARD,FAILED,BANK_TIMEOUT,35,13,17,3,CARD,1,Thursday,0
TXN_002976,CUST_04395,2146.99,WALLET,FAILED,NETWORK_ERROR,22,20,3,10,CARD,6,Sunday,1
TXN_002979,CUST_02937,19073.63,CARD,FAILED,BANK_TIMEOUT,60,2,3,4,NETBANKING,1,Friday,0
TXN_002982,CUST_01016,11983.78,UPI,FAILED,BANK_SERVER_DOWN,30,9,19,10,CARD,15,Monday,0
TXN_002985,CUST_01845,19426.11,NETBANKING,FAILED,BANK_TIMEOUT,54,8,21,3,WALLET,4,Friday,1
TXN_002997,CUST_02057,11297.37,CARD,FAILED,LIMIT_EXCEEDED,58,20,23,0,NETBANKING,22,Wednesday,0
TXN_003027,CUST_08675,6135.38,CARD,FAILED,OTP_FAILURE,46,10,4,8,WALLET,7,Thursday,0
TXN_003042,CUST_00050,14212.46,CARD,FAILED,BANK_SERVER_DOWN,33,6,17,8,NETBANKING,4,Sunday,0
TXN_003044,CUST_02833,14452.76,CARD,FAILED,BANK_TIMEOUT,23,18,8,0,UPI,19,Saturday,0
TXN_003048,CUST_08151,18597.22,CARD,FAILED,CARD_DECLINED,29,18,9,4,WALLET,21,Thursday,0
TXN_003061,CUST_08129,23735.57,WALLET,FAILED,OTP_FAILURE,34,26,7,7,CARD,11,Monday,0
TXN_003085,CUST_09470,3449.67,CARD,FAILED,BANK_SERVER_DOWN,35,28,6,3,CARD,3,Tuesday,1
TXN_003086,CUST_01099,22600.16,CARD,FAILED,CARD_DECLINED,22,24,4,9,WALLET,18,Friday,0
TXN_003098,CUST_01171,6714.07,CARD,FAILED,CARD_DECLINED,45,24,14,5,NETBANKING,22,Friday,0
TXN_003105,CUST_04867,8501.83,WALLET,FAILED,LIMIT_EXCEEDED,55,29,3,10,UPI,7,Saturday,0
TXN_003122,CUST_07021,18475.69,NETBANKING,FAILED,CARD_DECLINED,27,22,22,9,CARD,22,Wednesday,0
TXN_003127,CUST_01679,11222.15,NETBANKING,FAILED,BANK_SERVER_DOWN,20,23,1,1,WALLET,10,Monday,0
TXN_003128,CUST_05012,24299.83,UPI,FAILED,OTP_FAILURE,18,5,24,5,NETBANKING,14,Thursday,1
TXN_003129,CUST_08931,8667.11,NETBANKING,FAILED,INSUFFICIENT_FUNDS,23,18,15,1,UPI,6,Saturday,0
TXN_003133,CUST_06572,12262.99,UPI,FAILED,LIMIT_EXCEEDED,20,1,20,0,UPI,2,Thursday,0
TXN_003148,CUST_03848,7953.7,NETBANKING,FAILED,CARD_DECLINED,33,14,12,2,WALLET,19,Monday,0
TXN_003165,CUST_07713,21854.8,CARD,FAILED,OTP_FAILURE,58,15,25,5,NETBANKING,21,Monday,1
TXN_003183,CUST_04314,14408.61,WALLET,FAILED,OTP_FAILURE,55,8,11,7,NETBANKING,12,Tuesday,0
TXN_003184,CUST_00886,22843.34,CARD,FAILED,BANK_TIMEOUT,44,23,17,7,UPI,7,Friday,1
TXN_003191,CUST_05932,7065.59,NETBANKING,FAILED,CARD_DECLINED,22,21,12,2,CARD,14,Wednesday,0
TXN_003194,CUST_05424,21753.99,UPI,FAILED,BANK_TIMEOUT,32,4,14,9,NETBANKING,6,Friday,1
TXN_003217,CUST_03529,4695.14,CARD,FAILED,CARD_DECLINED,52,1,9,1,WALLET,18,Wednesday,0
TXN_003219,CUST_04958,2295.17,NETBANKING,FAILED,LIMIT_EXCEEDED,53,5,8,4,CARD,10,Saturday,0
TXN_003225,CUST_00556,7136.15,NETBANKING,FAILED,OTP_FAILURE,19,5,14,8,NETBANKING,2,Saturday,1
TXN_003232,CUST_01847,13607.88,UPI,FAILED,INSUFFICIENT_FUNDS,60,26,25,5,NETBANKING,16,Wednesday,0
TXN_003234,CUST_06400,23473.46,NETBANKING,FAILED,CARD_DECLINED,28,28,23,9,WALLET,8,Tuesday,1
TXN_003237,CUST_00133,382.73,UPI,FAILED,CARD_DECLINED,23,10,2,4,UPI,4,Friday,0
TXN_003241,CUST_00827,5860.44,NETBANKING,FAILED,NETWORK_ERROR,22,10,8,8,WALLET,18,Wednesday,0
TXN_003244,CUST_06195,6003.43,WALLET,FAILED,LIMIT_EXCEEDED,39,4,7,9,CARD,9,Sunday,0
TXN_003247,CUST_04912,5163.61,NETBANKING,FAILED,INSUFFICIENT_FUNDS,32,11,9,3,WALLET,7,Thursday,0
TXN_003265,CUST_00669,16923.92,CARD,FAILED,OTP_FAILURE,39,24,16,6,NETBANKING,13,Thursday,0
TXN_003280,CUST_05347,20443.67,CARD,FAILED,INSUFFICIENT_FUNDS,21,5,22,2,WALLET,16,Sunday,1
TXN_003281,CUST_00445,1790.7,NETBANKING,FAILED,BANK_SERVER_DOWN,58,7,4,9,CARD,15,Sunday,0
TXN_003283,CUST_06926,5198.91,UPI,FAILED,LIMIT_EXCEEDED,27,27,13,10,CARD,9,Sunday,0
TXN_003284,CUST_08014,16218.82,UPI,FAILED,CARD_DECLINED,57,28,16,3,WALLET,1,Saturday,0
TXN_003285,CUST_01308,2582.93,WALLET,FAILED,LIMIT_EXCEEDED,34,3,8,5,UPI,0,Sunday,0
TXN_003287,CUST_09563,15880.4,WALLET,FAILED,NETWORK_ERROR,54,4,3,0,UPI,4,Tuesday,1
TXN_003293,CUST_05377,306.39,NETBANKING,FAILED,OTP_FAILURE,58,23,14,8,UPI,19,Saturday,0
TXN_003295,CUST_05295,24492.83,WALLET,FAILED,BANK_TIMEOUT,34,10,9,5,CARD,5,Saturday,0
TXN_003326,CUST_00730,7160.24,WALLET,FAILED,BANK_SERVER_DOWN,53,7,1,10,CARD,12,Tuesday,0
TXN_003328,CUST_02800,6255.23,UPI,FAILED,OTP_FAILURE,34,2,1,4,WALLET,16,Friday,0
TXN_003335,CUST_00762,18369.77,UPI,FAILED,NETWORK_ERROR,42,25,1,7,CARD,20,Friday,1
TXN_003343,CUST_05287,17017.13,UPI,FAILED,BANK_SERVER_DOWN,36,4,21,10,WALLET,14,Tuesday,0
TXN_003346,CUST_01665,22872.49,UPI,FAILED,CARD_DECLINED,52,7,11,6,WALLET,4,Saturday,0
TXN_003351,CUST_06866,14398.18,UPI,FAILED,INSUFFICIENT_FUNDS,42,14,21,2,NETBANKING,13,Wednesday,0
TXN_003352,CUST_01474,9618.89,UPI,FAILED,LIMIT_EXCEEDED,24,14,11,0,CARD,23,Sunday,0
TXN_003361,CUST_09302,18572.62,CARD,FAILED,OTP_FAILURE,51,14,9,5,UPI,3,Thursday,0
TXN_003366,CUST_07197,15848.86,NETBANKING,FAILED,BANK_TIMEOUT,18,30,8,3,UPI,6,Friday,1
TXN_003368,CUST_04521,11031.96,NETBANKING,FAILED,OTP_FAILURE,58,1,16,8,CARD,11,Saturday,0
TXN_003376,CUST_07672,10578.85,CARD,FAILED,CARD_DECLINED,38,26,7,6,WALLET,4,Sunday,0
TXN_003378,CUST_03172,1425.64,WALLET,FAILED,INSUFFICIENT_FUNDS,38,16,1,3,UPI,5,Sunday,0
TXN_003381,CUST_04376,16884.65,UPI,FAILED,INSUFFICIENT_FUNDS,36,15,24,10,NETBANKING,4,Saturday,1
TXN_003382,CUST_00669,24982.13,NETBANKING,FAILED,NETWORK_ERROR,39,24,16,6,NETBANKING,23,Tuesday,1
TXN_003384,CUST_04722,3423.93,WALLET,FAILED,BANK_TIMEOUT,58,4,9,9,NETBANKING,16,Thursday,0
TXN_003389,CUST_07058,16340.88,UPI,FAILED,INSUFFICIENT_FUNDS,35,29,20,6,WALLET,7,Wednesday,0
TXN_003393,CUST_08437,11787.51,CARD,FAILED,NETWORK_ERROR,50,1,4,10,NETBANKING,22,Saturday,0
TXN_003409,CUST_06826,23244.31,NETBANKING,FAILED,NETWORK_ERROR,56,18,13,7,CARD,8,Saturday,1
TXN_003412,CUST_09026,577.52,WALLET,FAILED,BANK_SERVER_DOWN,39,27,6,6,WALLET,0,Sunday,0
TXN_003425,CUST_09047,19584.84,CARD,FAILED,BANK_TIMEOUT,23,28,9,4,UPI,12,Friday,0
TXN_003426,CUST_05358,14480.69,WALLET,FAILED,LIMIT_EXCEEDED,41,19,15,0,CARD,9,Friday,0
TXN_003429,CUST_07911,21079.94,CARD,FAILED,BANK_TIMEOUT,27,6,5,10,UPI,5,Wednesday,0
TXN_003442,CUST_02323,7201.91,CARD,FAILED,CARD_DECLINED,50,25,15,2,WALLET,2,Friday,0
TXN_003455,CUST_09153,11101.38,NETBANKING,FAILED,NETWORK_ERROR,60,22,10,8,UPI,16,Monday,1
TXN_003456,CUST_02861,4326.59,CARD,FAILED,NETWORK_ERROR,43,18,13,2,WALLET,9,Tuesday,1
TXN_003457,CUST_02134,2435.41,NETBANKING,FAILED,LIMIT_EXCEEDED,58,10,6,1,CARD,21,Tuesday,0
TXN_003459,CUST_08488,23538.04,WALLET,FAILED,OTP_FAILURE,58,10,1,9,CARD,8,Monday,0
TXN_003464,CUST_05512,24079.37,UPI,FAILED,NETWORK_ERROR,39,28,15,7,NETBANKING,2,Monday,1
TXN_003502,CUST_06438,20385.62,UPI,FAILED,LIMIT_EXCEEDED,25,24,15,9,NETBANKING,8,Saturday,0
TXN_003514,CUST_04444,15809.43,CARD,FAILED,INSUFFICIENT_FUNDS,41,4,12,7,NETBANKING,21,Tuesday,0
TXN_003519,CUST_05636,3121.03,NETBANKING,FAILED,CARD_DECLINED,41,27,10,1,CARD,2,Tuesday,1
TXN_003527,CUST_03796,6213.94,CARD,FAILED,INSUFFICIENT_FUNDS,52,18,12,7,CARD,16,Wednesday,0
TXN_003547,CUST_02547,22846.67,NETBANKING,FAILED,NETWORK_ERROR,38,24,18,3,WALLET,21,Monday,1
TXN_003557,CUST_06678,6315.84,CARD,FAILED,OTP_FAILURE,35,7,3,8,CARD,12,Thursday,1
TXN_003562,CUST_04748,10420.2,WALLET,FAILED,CARD_DECLINED,50,23,23,10,UPI,18,Wednesday,0
TXN_003564,CUST_07600,2592.36,CARD,FAILED,OTP_FAILURE,60,3,24,10,WALLET,3,Monday,0
TXN_003567,CUST_06215,21984.71,NETBANKING,FAILED,BANK_TIMEOUT,20,2,25,2,NETBANKING,3,Wednesday,1
TXN_003574,CUST_04110,24605.43,UPI,FAILED,LIMIT_EXCEEDED,29,2,20,3,CARD,21,Saturday,1
TXN_003599,CUST_00627,13732.35,UPI,FAILED,NETWORK_ERROR,25,5,4,2,UPI,2,Saturday,1
TXN_003608,CUST_06923,16165.56,WALLET,FAILED,OTP_FAILURE,60,9,6,8,UPI,18,Monday,0
TXN_003615,CUST_05012,19778.95,UPI,FAILED,BANK_SERVER_DOWN,18,5,24,5,NETBANKING,13,Monday,0
TXN_003616,CUST_00118,1279.11,WALLET,FAILED,LIMIT_EXCEEDED,26,5,14,6,CARD,13,Thursday,0
TXN_003622,CUST_01804,3968.4,UPI,FAILED,OTP_FAILURE,31,20,12,8,WALLET,6,Monday,0
TXN_003630,CUST_01179,7232.41,CARD,FAILED,BANK_TIMEOUT,21,12,12,4,CARD,22,Sunday,1
TXN_003631,CUST_01607,18899.48,UPI,FAILED,BANK_SERVER_DOWN,55,27,2,1,UPI,10,Saturday,0
TXN_003633,CUST_08588,4280.86,CARD,FAILED,OTP_FAILURE,45,6,20,1,UPI,18,Sunday,0
TXN_003651,CUST_03734,21927.36,CARD,FAILED,LIMIT_EXCEEDED,52,16,25,0,CARD,5,Monday,1
TXN_003659,CUST_03146,13843.95,NETBANKING,FAILED,OTP_FAILURE,24,14,1,1,WALLET,13,Saturday,0
TXN_003660,CUST_01158,24963.88,UPI,FAILED,CARD_DECLINED,47,22,2,0,CARD,18,Sunday,0
TXN_003662,CUST_03062,16695.68,UPI,FAILED,LIMIT_EXCEEDED,51,25,8,9,CARD,1,Tuesday,0
TXN_003665,CUST_00848,13502.05,NETBANKING,FAILED,OTP_FAILURE,36,17,17,2,UPI,2,Sunday,0
TXN_003667,CUST_05330,3755.51,UPI,FAILED,CARD_DECLINED,31,28,22,6,WALLET,15,Saturday,0
TXN_003669,CUST_01518,3110.54,CARD,FAILED,LIMIT_EXCEEDED,50,10,12,0,CARD,21,Friday,0
TXN_003681,CUST_01191,13875.21,UPI,FAILED,NETWORK_ERROR,24,11,16,0,NETBANKING,23,Friday,0
TXN_003684,CUST_01479,2902.79,UPI,FAILED,CARD_DECLINED,58,10,12,9,WALLET,12,Thursday,0
TXN_003695,CUST_03517,2320.55,UPI,FAILED,NETWORK_ERROR,50,10,23,4,UPI,9,Wednesday,1
TXN_003698,CUST_05879,21866.15,UPI,FAILED,CARD_DECLINED,27,29,15,6,WALLET,4,Sunday,0
TXN_003701,CUST_01752,18649.37,NETBANKING,FAILED,CARD_DECLINED,41,3,22,1,CARD,10,Thursday,0
TXN_003708,CUST_01230,10589.79,WALLET,FAILED,BANK_SERVER_DOWN,39,27,5,0,CARD,21,Tuesday,0
TXN_003711,CUST_08979,6647.12,NETBANKING,FAILED,INSUFFICIENT_FUNDS,28,18,2,3,WALLET,20,Wednesday,0
TXN_003712,CUST_03872,17549.01,UPI,FAILED,BANK_TIMEOUT,57,9,12,2,NETBANKING,22,Wednesday,1
TXN_003720,CUST_07205,16638.83,WALLET,FAILED,INSUFFICIENT_FUNDS,38,6,23,2,CARD,1,Monday,0
TXN_003721,CUST_08870,19516.72,NETBANKING,FAILED,LIMIT_EXCEEDED,40,11,18,7,WALLET,21,Saturday,0
TXN_003730,CUST_05598,4627.67,WALLET,FAILED,NETWORK_ERROR,33,6,20,5,UPI,6,Friday,1
TXN_003742,CUST_08920,13655.23,NETBANKING,FAILED,BANK_SERVER_DOWN,28,30,1,5,CARD,8,Saturday,0
TXN_003743,CUST_03294,19571.15,NETBANKING,FAILED,NETWORK_ERROR,29,22,8,4,UPI,8,Wednesday,1
TXN_003750,CUST_05034,11572.17,WALLET,FAILED,BANK_SERVER_DOWN,22,14,1,5,NETBANKING,3,Saturday,0
TXN_003752,CUST_03342,6521.62,CARD,FAILED,LIMIT_EXCEEDED,43,1,3,4,NETBANKING,19,Thursday,0
TXN_003764,CUST_00192,18763.27,CARD,FAILED,OTP_FAILURE,49,24,24,4,UPI,11,Wednesday,0
TXN_003773,CUST_00187,18279.15,WALLET,FAILED,BANK_TIMEOUT,39,16,1,10,WALLET,21,Monday,1
TXN_003780,CUST_07561,15126.85,NETBANKING,FAILED,BANK_TIMEOUT,24,12,20,7,UPI,0,Wednesday,1
TXN_003786,CUST_07081,5113.74,CARD,FAILED,BANK_TIMEOUT,41,5,9,2,WALLET,23,Saturday,1
TXN_003797,CUST_09741,15009.88,WALLET,FAILED,CARD_DECLINED,31,23,8,7,NETBANKING,4,Monday,0
TXN_003798,CUST_05672,24986.13,CARD,FAILED,NETWORK_ERROR,47,28,3,4,NETBANKING,13,Monday,0
TXN_003799,CUST_03678,20835.87,NETBANKING,FAILED,OTP_FAILURE,58,15,14,6,UPI,20,Saturday,0
TXN_003809,CUST_06870,7914.42,WALLET,FAILED,INSUFFICIENT_FUNDS,27,18,6,3,UPI,10,Thursday,0
TXN_003811,CUST_00509,16828.84,WALLET,FAILED,BANK_TIMEOUT,51,2,2,3,CARD,12,Tuesday,0
TXN_003814,CUST_01932,18236.47,NETBANKING,FAILED,NETWORK_ERROR,60,8,4,8,CARD,21,Thursday,1
TXN_003829,CUST_08393,23016.73,WALLET,FAILED,BANK_TIMEOUT,44,6,13,7,CARD,5,Friday,1
TXN_003838,CUST_06647,20964.06,UPI,FAILED,NETWORK_ERROR,50,9,9,7,WALLET,9,Thursday,1
TXN_003841,CUST_03234,15573.34,UPI,FAILED,BANK_SERVER_DOWN,23,11,3,6,CARD,17,Saturday,0
TXN_003842,CUST_05624,2964.91,NETBANKING,FAILED,CARD_DECLINED,22,8,14,6,UPI,10,Friday,0
TXN_003852,CUST_04384,24807.96,CARD,FAILED,OTP_FAILURE,51,10,18,8,UPI,19,Thursday,0
TXN_003853,CUST_09995,24233.12,WALLET,FAILED,BANK_SERVER_DOWN,39,15,19,6,UPI,20,Tuesday,0
TXN_003859,CUST_05176,545.1,WALLET,FAILED,BANK_SERVER_DOWN,30,17,19,9,UPI,21,Tuesday,0
TXN_003872,CUST_04411,16935.16,WALLET,FAILED,LIMIT_EXCEEDED,54,10,4,5,NETBANKING,2,Thursday,0
TXN_003873,CUST_06018,14036.42,CARD,FAILED,BANK_TIMEOUT,48,15,17,4,UPI,12,Tuesday,0
TXN_003880,CUST_09775,18734.25,WALLET,FAILED,BANK_TIMEOUT,41,27,18,6,UPI,4,Wednesday,1
TXN_003882,CUST_01366,2130.27,UPI,FAILED,INSUFFICIENT_FUNDS,40,1,24,5,NETBANKING,6,Tuesday,1
TXN_003886,CUST_01638,22294.25,UPI,FAILED,NETWORK_ERROR,48,21,4,3,CARD,0,Sunday,0
TXN_003897,CUST_04171,5685.44,WALLET,FAILED,NETWORK_ERROR,22,16,8,7,UPI,13,Sunday,0
TXN_003898,CUST_01894,1284.73,CARD,FAILED,BANK_SERVER_DOWN,38,6,12,7,NETBANKING,3,Saturday,1
TXN_003903,CUST_03954,5737.95,UPI,FAILED,BANK_TIMEOUT,43,25,9,10,CARD,13,Tuesday,0
TXN_003914,CUST_08577,759.41,NETBANKING,FAILED,BANK_TIMEOUT,22,13,16,8,UPI,3,Saturday,1
TXN_003915,CUST_05194,18507.03,NETBANKING,FAILED,LIMIT_EXCEEDED,55,16,21,6,UPI,4,Thursday,0
TXN_003923,CUST_05738,8079.16,WALLET,FAILED,LIMIT_EXCEEDED,45,28,25,7,CARD,15,Wednesday,0
TXN_003925,CUST_00289,8356.07,UPI,FAILED,BANK_TIMEOUT,38,17,13,10,CARD,16,Friday,1
TXN_003932,CUST_03744,19672.77,UPI,FAILED,LIMIT_EXCEEDED,55,29,16,5,NETBANKING,11,Sunday,0
TXN_003938,CUST_07950,1134.76,CARD,FAILED,OTP_FAILURE,39,8,9,5,NETBANKING,9,Tuesday,0
TXN_003939,CUST_07224,9489.54,CARD,FAILED,BANK_TIMEOUT,39,13,16,6,CARD,11,Thursday,1
TXN_003944,CUST_08618,22083.38,NETBANKING,FAILED,OTP_FAILURE,23,29,12,2,UPI,17,Sunday,0
TXN_003956,CUST_03674,1116.45,WALLET,FAILED,NETWORK_ERROR,48,18,12,5,UPI,18,Sunday,1
TXN_003957,CUST_05937,16268.31,NETBANKING,FAILED,BANK_SERVER_DOWN,51,23,10,8,UPI,10,Saturday,0
TXN_003959,CUST_03217,23460.47,UPI,FAILED,BANK_TIMEOUT,45,12,22,1,WALLET,18,Tuesday,1
TXN_003966,CUST_01580,22035.38,NETBANKING,FAILED,BANK_SERVER_DOWN,51,30,13,5,UPI,18,Friday,1
TXN_003968,CUST_04199,7863.84,CARD,FAILED,OTP_FAILURE,46,27,9,3,NETBANKING,23,Thursday,0
TXN_003972,CUST_05493,826.97,UPI,FAILED,NETWORK_ERROR,57,1,25,2,WALLET,23,Saturday,1
TXN_003973,CUST_07508,9662.8,CARD,FAILED,LIMIT_EXCEEDED,60,25,21,3,WALLET,3,Saturday,0
TXN_003990,CUST_01117,19216.22,NETBANKING,FAILED,CARD_DECLINED,46,25,13,5,WALLET,16,Sunday,0
TXN_004001,CUST_07180,5876.16,WALLET,FAILED,NETWORK_ERROR,49,1,4,6,UPI,20,Thursday,0
TXN_004009,CUST_03183,2985.81,NETBANKING,FAILED,NETWORK_ERROR,24,29,22,9,WALLET,16,Monday,1
TXN_004014,CUST_05462,5789.59,NETBANKING,FAILED,INSUFFICIENT_FUNDS,38,15,25,1,WALLET,19,Thursday,0
TXN_004037,CUST_00243,21472.38,CARD,FAILED,NETWORK_ERROR,47,19,19,2,UPI,12,Monday,1
TXN_004042,CUST_04909,13460.6,NETBANKING,FAILED,NETWORK_ERROR,53,17,20,0,WALLET,7,Wednesday,0
TXN_004043,CUST_05449,12887.58,UPI,FAILED,OTP_FAILURE,32,6,21,2,WALLET,2,Friday,1
TXN_004044,CUST_04020,21326.7,CARD,FAILED,OTP_FAILURE,57,5,13,8,UPI,10,Tuesday,1
TXN_004055,CUST_04870,19539.31,CARD,FAILED,NETWORK_ERROR,35,18,11,7,NETBANKING,19,Friday,1
TXN_004077,CUST_06047,11480.08,WALLET,FAILED,INSUFFICIENT_FUNDS,59,13,3,0,CARD,23,Friday,0
TXN_004087,CUST_05886,20260.4,CARD,FAILED,NETWORK_ERROR,38,14,18,10,UPI,4,Thursday,0
TXN_004092,CUST_04323,5919.19,NETBANKING,FAILED,NETWORK_ERROR,19,23,2,5,NETBANKING,2,Thursday,1
TXN_004094,CUST_03785,6054.29,CARD,FAILED,INSUFFICIENT_FUNDS,57,30,6,7,NETBANKING,2,Wednesday,0
TXN_004095,CUST_00819,18795.67,CARD,FAILED,LIMIT_EXCEEDED,45,8,5,0,UPI,23,Tuesday,0
TXN_004097,CUST_07520,10526.27,NETBANKING,FAILED,BANK_TIMEOUT,23,20,15,8,UPI,1,Monday,0
TXN_004106,CUST_02615,20559.65,UPI,FAILED,BANK_TIMEOUT,35,14,2,8,NETBANKING,4,Wednesday,1
TXN_004108,CUST_02269,1468.85,WALLET,FAILED,BANK_TIMEOUT,36,22,20,2,UPI,15,Thursday,1
TXN_004115,CUST_05724,4206.59,CARD,FAILED,LIMIT_EXCEEDED,38,26,18,10,CARD,1,Sunday,0
TXN_004127,CUST_09810,18019.06,UPI,FAILED,NETWORK_ERROR,41,23,2,1,NETBANKING,23,Thursday,1
TXN_004130,CUST_03399,1849.82,NETBANKING,FAILED,INSUFFICIENT_FUNDS,50,14,15,7,WALLET,14,Wednesday,0
TXN_004132,CUST_07327,7346.12,NETBANKING,FAILED,INSUFFICIENT_FUNDS,21,21,16,10,CARD,13,Friday,0
TXN_004135,CUST_04826,13409.65,CARD,FAILED,LIMIT_EXCEEDED,56,18,24,8,NETBANKING,9,Monday,0
TXN_004136,CUST_04341,15574.68,UPI,FAILED,NETWORK_ERROR,45,16,21,9,CARD,15,Wednesday,1
TXN_004137,CUST_03482,8955.79,NETBANKING,FAILED,OTP_FAILURE,37,16,4,7,NETBANKING,11,Monday,1
TXN_004143,CUST_03427,24711.64,UPI,FAILED,BANK_SERVER_DOWN,24,10,15,1,CARD,20,Wednesday,1
TXN_004147,CUST_03024,6036.47,WALLET,FAILED,BANK_TIMEOUT,29,10,15,3,NETBANKING,18,Friday,0
TXN_004152,CUST_04322,15324.43,UPI,FAILED,BANK_TIMEOUT,34,6,2,2,UPI,5,Monday,1
TXN_004163,CUST_06439,13512.13,WALLET,FAILED,LIMIT_EXCEEDED,32,23,17,4,UPI,13,Tuesday,0
TXN_004167,CUST_08279,14537.79,CARD,FAILED,NETWORK_ERROR,49,14,3,5,WALLET,18,Wednesday,0
TXN_004168,CUST_09749,16859.49,UPI,FAILED,BANK_TIMEOUT,46,12,18,8,UPI,18,Tuesday,1
TXN_004174,CUST_06512,15981.68,NETBANKING,FAILED,BANK_TIMEOUT,24,29,14,4,UPI,16,Wednesday,0
TXN_004190,CUST_04019,2339.97,WALLET,FAILED,BANK_SERVER_DOWN,20,5,24,7,NETBANKING,6,Friday,0
TXN_004194,CUST_02274,15032.3,CARD,FAILED,BANK_TIMEOUT,28,13,24,0,UPI,6,Monday,0
TXN_004203,CUST_09565,8775.96,WALLET,FAILED,NETWORK_ERROR,31,18,9,5,NETBANKING,8,Monday,0
TXN_004208,CUST_02594,16063.42,NETBANKING,FAILED,OTP_FAILURE,22,4,20,8,CARD,9,Monday,1
TXN_004213,CUST_05201,6535.82,NETBANKING,FAILED,INSUFFICIENT_FUNDS,41,30,4,0,WALLET,8,Wednesday,0
TXN_004223,CUST_02586,22431.55,WALLET,FAILED,NETWORK_ERROR,53,24,16,1,CARD,10,Saturday,1
TXN_004224,CUST_03446,20525.68,WALLET,FAILED,NETWORK_ERROR,42,10,12,7,WALLET,2,Saturday,0
TXN_004246,CUST_09676,17051.05,CARD,FAILED,BANK_SERVER_DOWN,19,5,15,10,CARD,22,Friday,0
TXN_004258,CUST_03582,10888.47,NETBANKING,FAILED,NETWORK_ERROR,48,30,16,3,CARD,5,Sunday,1
TXN_004269,CUST_07770,14464.41,UPI,FAILED,BANK_SERVER_DOWN,54,2,21,9,NETBANKING,22,Wednesday,0
TXN_004279,CUST_09530,7559.55,WALLET,FAILED,INSUFFICIENT_FUNDS,52,3,5,10,UPI,12,Friday,0
TXN_004281,CUST_00432,18340.47,CARD,FAILED,OTP_FAILURE,21,28,19,2,UPI,12,Monday,0
TXN_004283,CUST_06463,22188.65,NETBANKING,FAILED,CARD_DECLINED,20,21,1,2,UPI,0,Tuesday,0
TXN_004291,CUST_02250,13810.14,UPI,FAILED,BANK_SERVER_DOWN,33,13,15,6,WALLET,18,Sunday,0
TXN_004292,CUST_00681,8403.64,UPI,FAILED,OTP_FAILURE,51,2,14,10,CARD,21,Saturday,0
TXN_004298,CUST_07524,3278.67,CARD,FAILED,INSUFFICIENT_FUNDS,36,24,16,9,WALLET,23,Monday,1
TXN_004300,CUST_09635,17333.63,WALLET,FAILED,INSUFFICIENT_FUNDS,39,9,23,6,CARD,11,Friday,0
TXN_004302,CUST_06814,1567.09,WALLET,FAILED,CARD_DECLINED,28,27,17,2,NETBANKING,21,Tuesday,1
TXN_004305,CUST_05012,17220.15,CARD,FAILED,CARD_DECLINED,18,5,24,5,NETBANKING,2,Saturday,0
TXN_004307,CUST_00687,523.22,NETBANKING,FAILED,BANK_TIMEOUT,25,28,8,2,UPI,5,Friday,1
TXN_004309,CUST_03248,3675.47,NETBANKING,FAILED,INSUFFICIENT_FUNDS,32,24,23,6,WALLET,21,Saturday,0
TXN_004317,CUST_06790,3822.05,CARD,FAILED,NETWORK_ERROR,59,7,4,9,NETBANKING,20,Monday,1
TXN_004332,CUST_06845,21351.83,CARD,FAILED,CARD_DECLINED,46,26,19,6,UPI,12,Tuesday,0
TXN_004342,CUST_02773,22728.88,UPI,FAILED,BANK_SERVER_DOWN,39,29,22,6,CARD,1,Saturday,0
TXN_004352,CUST_02308,18777.04,UPI,FAILED,INSUFFICIENT_FUNDS,26,17,21,5,WALLET,3,Saturday,0
TXN_004355,CUST_05603,11983.26,CARD,FAILED,OTP_FAILURE,51,24,7,0,CARD,8,Tuesday,0
TXN_004358,CUST_00971,10346.22,CARD,FAILED,CARD_DECLINED,32,12,12,6,WALLET,22,Tuesday,0
TXN_004359,CUST_08202,1236.24,NETBANKING,FAILED,BANK_SERVER_DOWN,20,19,20,3,WALLET,0,Sunday,0
TXN_004363,CUST_02444,5118.12,UPI,FAILED,INSUFFICIENT_FUNDS,29,15,15,6,WALLET,5,Friday,1
TXN_004376,CUST_08139,21243.75,CARD,FAILED,NETWORK_ERROR,22,10,1,6,NETBANKING,9,Sunday,1
TXN_004378,CUST_02882,11720.33,NETBANKING,FAILED,OTP_FAILURE,25,19,2,7,NETBANKING,2,Wednesday,0
TXN_004379,CUST_01973,12145.07,WALLET,FAILED,BANK_SERVER_DOWN,32,2,4,2,NETBANKING,5,Monday,0
TXN_004387,CUST_05203,12828.14,NETBANKING,FAILED,CARD_DECLINED,54,14,2,2,WALLET,4,Saturday,0
TXN_004388,CUST_04600,17392.52,CARD,FAILED,BANK_SERVER_DOWN,50,22,23,4,WALLET,1,Saturday,0
TXN_004396,CUST_05435,22689.3,WALLET,FAILED,NETWORK_ERROR,57,15,19,2,WALLET,22,Sunday,0
TXN_004403,CUST_07495,10230.04,NETBANKING,FAILED,BANK_SERVER_DOWN,54,5,9,5,UPI,5,Sunday,0
TXN_004407,CUST_07832,14756.75,WALLET,FAILED,INSUFFICIENT_FUNDS,24,16,17,3,CARD,0,Friday,0
TXN_004414,CUST_04682,5679.33,UPI,FAILED,BANK_TIMEOUT,36,28,24,0,CARD,20,Monday,0
TXN_004418,CUST_06364,15468.0,WALLET,FAILED,NETWORK_ERROR,51,4,15,7,CARD,14,Sunday,0
TXN_004429,CUST_05259,22779.77,CARD,FAILED,INSUFFICIENT_FUNDS,35,15,1,9,CARD,5,Tuesday,0
TXN_004433,CUST_06487,21547.13,CARD,FAILED,BANK_TIMEOUT,42,13,7,5,UPI,17,Tuesday,0
TXN_004434,CUST_08784,3523.45,WALLET,FAILED,CARD_DECLINED,32,14,16,7,CARD,13,Monday,0
TXN_004439,CUST_06945,22888.1,CARD,FAILED,OTP_FAILURE,51,6,7,4,WALLET,3,Friday,0
TXN_004440,CUST_07323,3177.1,UPI,FAILED,BANK_TIMEOUT,36,17,20,0,UPI,12,Thursday,1
TXN_004442,CUST_02151,15111.66,CARD,FAILED,NETWORK_ERROR,28,15,16,4,CARD,2,Friday,1
TXN_004445,CUST_09893,10591.51,CARD,FAILED,BANK_TIMEOUT,36,27,11,1,WALLET,15,Thursday,1
TXN_004449,CUST_01664,19659.89,CARD,FAILED,INSUFFICIENT_FUNDS,45,30,5,7,CARD,17,Friday,0
TXN_004470,CUST_02995,20878.43,UPI,FAILED,LIMIT_EXCEEDED,43,24,5,0,WALLET,9,Monday,0
TXN_004472,CUST_04843,8390.37,CARD,FAILED,BANK_TIMEOUT,28,8,1,5,NETBANKING,23,Thursday,0
TXN_004473,CUST_04694,18679.69,CARD,FAILED,LIMIT_EXCEEDED,29,1,2,2,WALLET,0,Saturday,0
TXN_004475,CUST_04665,16522.52,WALLET,FAILED,LIMIT_EXCEEDED,29,14,23,1,CARD,16,Wednesday,0
TXN_004479,CUST_01770,12164.97,NETBANKING,FAILED,BANK_SERVER_DOWN,46,30,18,0,CARD,15,Thursday,0
TXN_004480,CUST_03667,21050.15,WALLET,FAILED,OTP_FAILURE,47,14,18,4,UPI,14,Friday,0
TXN_004483,CUST_07712,15554.53,NETBANKING,FAILED,NETWORK_ERROR,31,19,9,8,UPI,16,Tuesday,0
TXN_004489,CUST_00984,2027.09,WALLET,FAILED,BANK_SERVER_DOWN,35,25,7,6,NETBANKING,6,Friday,0
TXN_004493,CUST_07358,10516.76,WALLET,FAILED,LIMIT_EXCEEDED,52,25,13,2,UPI,19,Tuesday,0
TXN_004494,CUST_07237,22396.17,WALLET,FAILED,LIMIT_EXCEEDED,54,16,20,1,UPI,14,Friday,0
TXN_004496,CUST_07816,23976.53,WALLET,FAILED,BANK_TIMEOUT,36,23,16,0,CARD,17,Monday,1
TXN_004505,CUST_09028,21606.38,CARD,FAILED,LIMIT_EXCEEDED,34,14,11,1,CARD,15,Saturday,1
TXN_004509,CUST_03613,2448.72,UPI,FAILED,BANK_TIMEOUT,43,23,3,5,UPI,9,Tuesday,1
TXN_004513,CUST_02067,21840.11,NETBANKING,FAILED,CARD_DECLINED,59,6,24,0,WALLET,22,Monday,0
TXN_004522,CUST_05342,4225.91,CARD,FAILED,INSUFFICIENT_FUNDS,55,18,5,6,NETBANKING,15,Saturday,0
TXN_004529,CUST_09393,19810.89,UPI,FAILED,CARD_DECLINED,46,16,10,5,UPI,6,Friday,0
TXN_004530,CUST_02370,3909.91,UPI,FAILED,INSUFFICIENT_FUNDS,40,28,12,6,NETBANKING,11,Thursday,0
TXN_004537,CUST_01207,13841.07,UPI,FAILED,BANK_TIMEOUT,42,19,11,6,NETBANKING,16,Sunday,0
TXN_004540,CUST_03941,11301.12,CARD,FAILED,CARD_DECLINED,18,16,3,9,CARD,4,Tuesday,1
TXN_004543,CUST_05652,2390.34,WALLET,FAILED,CARD_DECLINED,40,20,10,10,UPI,21,Monday,0
TXN_004545,CUST_08403,24893.6,WALLET,FAILED,CARD_DECLINED,56,12,4,9,WALLET,5,Wednesday,0
TXN_004549,CUST_03279,23098.5,NETBANKING,FAILED,CARD_DECLINED,53,6,14,1,WALLET,5,Thursday,0
TXN_004552,CUST_00950,887.15,UPI,FAILED,NETWORK_ERROR,22,9,2,9,WALLET,6,Wednesday,0
TXN_004557,CUST_07304,3384.35,CARD,FAILED,NETWORK_ERROR,40,26,18,5,CARD,1,Thursday,1
TXN_004558,CUST_04906,4040.13,UPI,FAILED,LIMIT_EXCEEDED,20,29,21,10,CARD,4,Sunday,0
TXN_004560,CUST_01755,19702.89,NETBANKING,FAILED,CARD_DECLINED,23,9,9,8,NETBANKING,15,Sunday,0
TXN_004573,CUST_06805,5748.08,CARD,FAILED,INSUFFICIENT_FUNDS,25,22,9,0,WALLET,21,Tuesday,0
TXN_004578,CUST_09619,8161.63,CARD,FAILED,CARD_DECLINED,27,28,22,10,WALLET,13,Sunday,0
TXN_004584,CUST_09832,7075.14,CARD,FAILED,OTP_FAILURE,42,19,17,4,NETBANKING,16,Saturday,0
TXN_004586,CUST_04491,22475.89,UPI,FAILED,LIMIT_EXCEEDED,18,16,8,6,WALLET,7,Wednesday,0
TXN_004587,CUST_08312,21566.38,UPI,FAILED,OTP_FAILURE,52,17,3,5,NETBANKING,7,Monday,0
TXN_004589,CUST_05627,782.32,NETBANKING,FAILED,CARD_DECLINED,41,19,8,10,CARD,7,Saturday,0
TXN_004595,CUST_05800,4275.91,CARD,FAILED,BANK_SERVER_DOWN,21,25,7,10,NETBANKING,17,Tuesday,0
TXN_004597,CUST_00742,4443.81,CARD,FAILED,LIMIT_EXCEEDED,20,18,8,6,NETBANKING,4,Friday,0
TXN_004618,CUST_00409,981.09,WALLET,FAILED,NETWORK_ERROR,34,28,8,10,UPI,17,Wednesday,0
TXN_004621,CUST_03164,21720.06,UPI,FAILED,CARD_DECLINED,24,24,15,10,CARD,18,Wednesday,0
TXN_004622,CUST_04311,7377.51,NETBANKING,FAILED,OTP_FAILURE,52,29,17,1,WALLET,12,Sunday,0
TXN_004632,CUST_02345,8044.58,UPI,FAILED,NETWORK_ERROR,40,21,5,6,WALLET,21,Friday,0
TXN_004640,CUST_02755,14815.8,CARD,FAILED,CARD_DECLINED,29,29,7,4,UPI,11,Monday,0
TXN_004641,CUST_09016,2953.79,UPI,FAILED,OTP_FAILURE,30,12,14,8,WALLET,13,Thursday,0
TXN_004642,CUST_07419,13032.23,WALLET,FAILED,INSUFFICIENT_FUNDS,27,22,5,4,UPI,13,Monday,0
TXN_004643,CUST_04611,3854.09,UPI,FAILED,LIMIT_EXCEEDED,25,2,21,6,WALLET,0,Friday,0
TXN_004644,CUST_03377,13151.87,UPI,FAILED,LIMIT_EXCEEDED,43,15,25,3,CARD,6,Saturday,0
TXN_004646,CUST_05260,18811.32,UPI,FAILED,OTP_FAILURE,25,20,15,7,UPI,12,Thursday,1
TXN_004654,CUST_08635,22231.89,UPI,FAILED,INSUFFICIENT_FUNDS,41,4,3,5,CARD,19,Thursday,0
TXN_004665,CUST_05147,2782.83,CARD,FAILED,BANK_SERVER_DOWN,55,5,24,0,NETBANKING,19,Thursday,0
TXN_004667,CUST_00361,1814.92,WALLET,FAILED,BANK_TIMEOUT,30,1,20,2,WALLET,13,Saturday,1
TXN_004669,CUST_02005,15071.11,CARD,FAILED,BANK_TIMEOUT,47,28,25,6,WALLET,0,Saturday,1
TXN_004677,CUST_07942,24313.77,NETBANKING,FAILED,BANK_SERVER_DOWN,59,28,1,2,WALLET,14,Friday,0
TXN_004679,CUST_00106,19902.68,UPI,FAILED,BANK_TIMEOUT,43,23,22,0,WALLET,15,Thursday,0
TXN_004686,CUST_03145,2976.5,UPI,FAILED,INSUFFICIENT_FUNDS,24,12,14,10,WALLET,13,Saturday,1
TXN_004694,CUST_06994,21606.03,CARD,FAILED,INSUFFICIENT_FUNDS,34,18,14,9,NETBANKING,20,Friday,0
TXN_004695,CUST_09470,8399.35,WALLET,FAILED,BANK_SERVER_DOWN,35,28,6,3,CARD,11,Saturday,0
TXN_004706,CUST_01772,9539.08,CARD,FAILED,CARD_DECLINED,43,30,12,5,WALLET,8,Thursday,0
TXN_004707,CUST_08981,8677.05,CARD,FAILED,LIMIT_EXCEEDED,19,24,2,6,UPI,13,Sunday,0
TXN_004721,CUST_09617,16527.2,NETBANKING,FAILED,LIMIT_EXCEEDED,53,9,12,0,UPI,9,Saturday,0
TXN_004723,CUST_00235,23733.53,CARD,FAILED,BANK_SERVER_DOWN,23,12,17,4,UPI,18,Friday,0
TXN_004725,CUST_09613,7905.87,UPI,FAILED,CARD_DECLINED,27,4,19,0,WALLET,5,Saturday,0
TXN_004726,CUST_00844,16963.84,WALLET,FAILED,LIMIT_EXCEEDED,27,10,6,8,CARD,18,Friday,0
TXN_004729,CUST_00976,13996.74,NETBANKING,FAILED,BANK_TIMEOUT,28,8,23,9,WALLET,0,Monday,0
TXN_004731,CUST_05731,9440.09,UPI,FAILED,NETWORK_ERROR,41,9,17,3,UPI,17,Sunday,0
TXN_004736,CUST_08253,19974.26,WALLET,FAILED,LIMIT_EXCEEDED,55,27,25,8,CARD,18,Tuesday,0
TXN_004743,CUST_02291,3746.91,UPI,FAILED,BANK_SERVER_DOWN,29,14,13,6,CARD,2,Wednesday,0
TXN_004749,CUST_03944,20306.13,CARD,FAILED,NETWORK_ERROR,55,20,14,7,WALLET,7,Wednesday,0
TXN_004757,CUST_06709,4741.46,NETBANKING,FAILED,OTP_FAILURE,42,11,14,1,CARD,17,Sunday,0
TXN_004767,CUST_02379,18703.44,WALLET,FAILED,BANK_TIMEOUT,40,8,19,10,WALLET,1,Saturday,1
TXN_004777,CUST_05582,4219.43,UPI,FAILED,NETWORK_ERROR,50,15,22,6,CARD,11,Monday,0
TXN_004778,CUST_03379,18488.28,WALLET,FAILED,OTP_FAILURE,40,8,11,2,CARD,2,Monday,0
TXN_004797,CUST_04221,24889.06,UPI,FAILED,BANK_TIMEOUT,31,29,21,7,WALLET,12,Saturday,1
TXN_004801,CUST_07377,12257.27,CARD,FAILED,CARD_DECLINED,41,29,5,9,WALLET,23,Friday,0
TXN_004803,CUST_07585,1868.11,CARD,FAILED,CARD_DECLINED,55,24,14,8,NETBANKING,20,Saturday,0
TXN_004804,CUST_03688,14075.33,NETBANKING,FAILED,NETWORK_ERROR,48,8,7,4,UPI,13,Thursday,0
TXN_004822,CUST_06003,911.25,WALLET,FAILED,NETWORK_ERROR,38,27,15,2,NETBANKING,2,Tuesday,1
TXN_004824,CUST_00406,155.28,UPI,FAILED,OTP_FAILURE,19,19,19,8,NETBANKING,14,Thursday,0
TXN_004826,CUST_06500,6448.78,CARD,FAILED,BANK_SERVER_DOWN,48,5,17,8,NETBANKING,15,Friday,1
TXN_004835,CUST_06067,15151.78,WALLET,FAILED,BANK_TIMEOUT,19,2,8,0,UPI,11,Friday,0
TXN_004836,CUST_04764,10470.25,CARD,FAILED,LIMIT_EXCEEDED,34,24,1,4,NETBANKING,5,Tuesday,0
TXN_004841,CUST_08324,1830.73,CARD,FAILED,CARD_DECLINED,24,30,12,10,NETBANKING,16,Saturday,1
TXN_004848,CUST_09384,4143.31,WALLET,FAILED,INSUFFICIENT_FUNDS,41,6,10,10,WALLET,7,Thursday,1
TXN_004861,CUST_08075,7535.76,UPI,FAILED,BANK_SERVER_DOWN,35,12,22,10,CARD,17,Saturday,0
TXN_004878,CUST_02058,19773.99,WALLET,FAILED,BANK_TIMEOUT,48,30,12,1,WALLET,2,Tuesday,1
TXN_004887,CUST_09094,13744.74,CARD,FAILED,BANK_SERVER_DOWN,36,28,3,10,WALLET,4,Sunday,0
TXN_004893,CUST_05941,8911.9,WALLET,FAILED,BANK_SERVER_DOWN,27,25,24,8,UPI,16,Saturday,1
TXN_004903,CUST_07436,19142.53,WALLET,FAILED,LIMIT_EXCEEDED,52,14,10,4,WALLET,9,Saturday,1
TXN_004904,CUST_06075,2384.37,NETBANKING,FAILED,LIMIT_EXCEEDED,53,27,4,4,UPI,1,Thursday,0
TXN_004905,CUST_04630,5953.87,CARD,FAILED,LIMIT_EXCEEDED,45,1,3,4,UPI,6,Sunday,0
TXN_004911,CUST_08042,1158.83,UPI,FAILED,LIMIT_EXCEEDED,53,20,18,0,WALLET,13,Tuesday,1
TXN_004912,CUST_08403,5775.83,CARD,FAILED,CARD_DECLINED,56,12,4,9,WALLET,20,Monday,0
TXN_004914,CUST_07188,17995.32,CARD,FAILED,BANK_SERVER_DOWN,28,15,18,4,NETBANKING,12,Sunday,0
TXN_004917,CUST_02471,20548.89,WALLET,FAILED,INSUFFICIENT_FUNDS,22,23,19,1,CARD,22,Sunday,0
TXN_004925,CUST_04539,3451.73,UPI,FAILED,NETWORK_ERROR,28,30,18,3,WALLET,3,Thursday,0
TXN_004928,CUST_00513,19230.76,NETBANKING,FAILED,LIMIT_EXCEEDED,37,30,12,5,NETBANKING,23,Tuesday,1
TXN_004930,CUST_01700,3621.27,NETBANKING,FAILED,NETWORK_ERROR,36,7,22,2,UPI,11,Thursday,1
TXN_004951,CUST_00093,6623.99,WALLET,FAILED,BANK_SERVER_DOWN,55,12,14,2,NETBANKING,13,Thursday,0
TXN_004959,CUST_05724,2346.57,UPI,FAILED,BANK_TIMEOUT,38,26,18,10,CARD,0,Tuesday,0
TXN_004965,CUST_06758,4671.29,NETBANKING,FAILED,NETWORK_ERROR,27,28,15,4,UPI,2,Thursday,1
TXN_004967,CUST_04180,19766.03,CARD,FAILED,BANK_SERVER_DOWN,42,23,22,7,UPI,15,Wednesday,0
TXN_004970,CUST_01979,7857.13,WALLET,FAILED,NETWORK_ERROR,45,26,4,5,NETBANKING,20,Tuesday,0
TXN_004974,CUST_06449,18844.43,UPI,FAILED,BANK_TIMEOUT,60,24,5,0,WALLET,15,Thursday,0
TXN_004982,CUST_02178,20918.79,WALLET,FAILED,BANK_TIMEOUT,21,10,18,10,WALLET,6,Monday,1
TXN_004987,CUST_05175,22326.11,UPI,FAILED,BANK_TIMEOUT,42,14,22,7,WALLET,2,Thursday,1
TXN_004995,CUST_01289,6083.66,NETBANKING,FAILED,LIMIT_EXCEEDED,21,23,21,9,NETBANKING,20,Friday,1
TXN_004996,CUST_08673,8704.78,NETBANKING,FAILED,LIMIT_EXCEEDED,38,13,17,4,CARD,6,Friday,0
TXN_004999,CUST_00173,17473.01,NETBANKING,FAILED,INSUFFICIENT_FUNDS,35,14,21,8,CARD,8,Sunday,0
TXN_005002,CUST_05029,12042.03,NETBANKING,FAILED,OTP_FAILURE,24,13,5,4,CARD,23,Wednesday,0
TXN_005018,CUST_04815,7630.33,WALLET,FAILED,BANK_SERVER_DOWN,58,28,6,7,NETBANKING,19,Saturday,0
TXN_005021,CUST_02816,24586.62,NETBANKING,FAILED,BANK_SERVER_DOWN,48,30,2,1,NETBANKING,9,Tuesday,0
TXN_005022,CUST_01486,5927.58,WALLET,FAILED,CARD_DECLINED,19,21,23,9,CARD,17,Sunday,0
TXN_005028,CUST_07545,3067.72,WALLET,FAILED,INSUFFICIENT_FUNDS,33,5,4,4,CARD,15,Tuesday,1
TXN_005029,CUST_05980,21618.92,UPI,FAILED,INSUFFICIENT_FUNDS,44,22,21,4,NETBANKING,2,Sunday,0
TXN_005030,CUST_07635,20139.8,NETBANKING,FAILED,INSUFFICIENT_FUNDS,25,1,4,1,WALLET,4,Tuesday,0
TXN_005031,CUST_07942,9824.63,NETBANKING,FAILED,OTP_FAILURE,59,28,1,2,WALLET,15,Saturday,0
TXN_005033,CUST_03122,4741.57,CARD,FAILED,LIMIT_EXCEEDED,35,1,11,6,UPI,3,Tuesday,1
TXN_005034,CUST_08091,606.63,WALLET,FAILED,NETWORK_ERROR,48,19,24,6,UPI,16,Friday,1
TXN_005035,CUST_09675,4134.8,CARD,FAILED,LIMIT_EXCEEDED,19,15,6,0,UPI,2,Saturday,0
TXN_005046,CUST_05726,12665.65,WALLET,FAILED,NETWORK_ERROR,42,26,24,2,NETBANKING,9,Wednesday,0
TXN_005052,CUST_07038,4173.49,WALLET,FAILED,LIMIT_EXCEEDED,55,18,21,1,NETBANKING,8,Monday,0
TXN_005056,CUST_02263,18489.1,UPI,FAILED,INSUFFICIENT_FUNDS,30,15,10,1,CARD,9,Friday,0
TXN_005067,CUST_06600,9376.74,WALLET,FAILED,CARD_DECLINED,28,3,18,0,CARD,3,Wednesday,0
TXN_005069,CUST_09973,24180.24,UPI,FAILED,NETWORK_ERROR,31,9,8,0,NETBANKING,18,Sunday,0
TXN_005086,CUST_01410,5646.18,UPI,FAILED,CARD_DECLINED,40,4,14,1,NETBANKING,15,Saturday,0
TXN_005088,CUST_03844,24920.52,UPI,FAILED,BANK_SERVER_DOWN,50,18,17,2,CARD,22,Friday,1
TXN_005095,CUST_09021,5055.42,WALLET,FAILED,BANK_SERVER_DOWN,55,4,12,5,CARD,13,Wednesday,1
TXN_005105,CUST_06208,12860.8,WALLET,FAILED,BANK_SERVER_DOWN,52,16,6,7,NETBANKING,21,Wednesday,0
TXN_005109,CUST_04402,8554.69,UPI,FAILED,BANK_SERVER_DOWN,57,8,9,10,NETBANKING,11,Thursday,0
TXN_005115,CUST_05006,13072.66,WALLET,FAILED,INSUFFICIENT_FUNDS,44,11,11,3,UPI,16,Saturday,0
TXN_005117,CUST_05436,13038.07,NETBANKING,FAILED,BANK_SERVER_DOWN,58,26,24,3,UPI,1,Thursday,0
TXN_005121,CUST_00240,13812.84,NETBANKING,FAILED,BANK_TIMEOUT,52,27,11,3,UPI,4,Friday,1
TXN_005122,CUST_04266,20893.56,NETBANKING,FAILED,LIMIT_EXCEEDED,57,19,19,2,UPI,18,Tuesday,0
TXN_005123,CUST_00541,22431.35,CARD,FAILED,OTP_FAILURE,52,21,3,10,CARD,0,Sunday,1
TXN_005125,CUST_08116,9364.91,WALLET,FAILED,OTP_FAILURE,45,13,4,1,UPI,6,Tuesday,0
TXN_005126,CUST_02288,21007.97,UPI,FAILED,BANK_SERVER_DOWN,41,4,2,10,UPI,19,Wednesday,0
TXN_005127,CUST_07945,18604.49,NETBANKING,FAILED,BANK_SERVER_DOWN,45,27,18,6,UPI,3,Friday,1
TXN_005139,CUST_05304,12511.04,NETBANKING,FAILED,NETWORK_ERROR,36,7,20,1,CARD,16,Monday,0
TXN_005158,CUST_05522,3348.37,NETBANKING,FAILED,CARD_DECLINED,36,2,6,8,UPI,17,Saturday,0
TXN_005160,CUST_00126,1866.97,CARD,FAILED,BANK_TIMEOUT,30,6,13,6,CARD,5,Friday,1
TXN_005161,CUST_01691,22776.77,UPI,FAILED,BANK_SERVER_DOWN,27,12,19,1,CARD,11,Sunday,0
TXN_005165,CUST_01833,7735.08,CARD,FAILED,CARD_DECLINED,42,16,8,2,WALLET,19,Friday,0
TXN_005167,CUST_04207,4438.93,WALLET,FAILED,LIMIT_EXCEEDED,18,21,3,1,UPI,0,Saturday,0
TXN_005171,CUST_05749,20054.25,UPI,FAILED,LIMIT_EXCEEDED,37,24,24,8,WALLET,4,Friday,0
TXN_005175,CUST_05693,20001.77,CARD,FAILED,INSUFFICIENT_FUNDS,27,18,4,6,WALLET,21,Friday,0
TXN_005180,CUST_02362,13744.27,UPI,FAILED,BANK_SERVER_DOWN,32,17,11,3,NETBANKING,5,Thursday,0
TXN_005181,CUST_04854,2643.48,UPI,FAILED,BANK_TIMEOUT,58,27,3,4,NETBANKING,7,Sunday,0
TXN_005184,CUST_00645,8574.73,NETBANKING,FAILED,BANK_SERVER_DOWN,60,27,24,10,WALLET,19,Tuesday,1
TXN_005192,CUST_09823,4638.73,NETBANKING,FAILED,BANK_SERVER_DOWN,53,19,21,2,NETBANKING,5,Wednesday,1
TXN_005193,CUST_05862,1227.83,CARD,FAILED,INSUFFICIENT_FUNDS,26,1,13,4,WALLET,14,Monday,0
TXN_005200,CUST_08570,18865.9,CARD,FAILED,OTP_FAILURE,26,8,22,3,WALLET,23,Wednesday,0
TXN_005204,CUST_06267,14903.51,WALLET,FAILED,OTP_FAILURE,52,14,15,0,WALLET,15,Tuesday,1
TXN_005205,CUST_09899,7532.71,CARD,FAILED,INSUFFICIENT_FUNDS,28,1,21,6,UPI,19,Wednesday,1
TXN_005206,CUST_00957,11951.98,CARD,FAILED,CARD_DECLINED,34,24,5,0,UPI,21,Sunday,0
TXN_005208,CUST_09957,12019.61,UPI,FAILED,OTP_FAILURE,49,22,2,6,UPI,19,Saturday,1
TXN_005213,CUST_06941,920.22,NETBANKING,FAILED,INSUFFICIENT_FUNDS,33,15,25,3,UPI,0,Monday,0
TXN_005216,CUST_06182,23823.54,UPI,FAILED,BANK_SERVER_DOWN,22,24,15,7,WALLET,13,Tuesday,0
TXN_005222,CUST_00280,1263.45,UPI,FAILED,BANK_SERVER_DOWN,48,17,2,3,WALLET,11,Sunday,0
TXN_005223,CUST_00957,516.39,WALLET,FAILED,INSUFFICIENT_FUNDS,34,24,5,0,UPI,3,Wednesday,0
TXN_005227,CUST_06147,14885.16,UPI,FAILED,CARD_DECLINED,20,13,19,5,WALLET,9,Sunday,0
TXN_005230,CUST_02791,7731.32,NETBANKING,FAILED,LIMIT_EXCEEDED,45,3,10,7,NETBANKING,13,Friday,0
TXN_005232,CUST_07709,1755.95,CARD,FAILED,LIMIT_EXCEEDED,20,18,2,3,UPI,11,Saturday,0
TXN_005236,CUST_07786,5726.89,NETBANKING,FAILED,CARD_DECLINED,46,20,20,10,UPI,8,Saturday,0
TXN_005243,CUST_03565,2779.33,CARD,FAILED,CARD_DECLINED,29,20,20,10,WALLET,15,Tuesday,1
TXN_005244,CUST_06450,7294.0,WALLET,FAILED,BANK_SERVER_DOWN,55,30,16,4,UPI,6,Monday,0
TXN_005246,CUST_03551,6170.52,NETBANKING,FAILED,OTP_FAILURE,39,10,4,4,CARD,5,Saturday,0
TXN_005259,CUST_08266,22468.27,WALLET,FAILED,NETWORK_ERROR,58,10,19,10,CARD,19,Wednesday,1
TXN_005260,CUST_02580,13510.71,CARD,FAILED,LIMIT_EXCEEDED,38,19,9,3,CARD,19,Saturday,0
TXN_005269,CUST_09436,17661.52,CARD,FAILED,OTP_FAILURE,34,8,17,8,UPI,12,Thursday,0
TXN_005274,CUST_09778,2434.07,CARD,FAILED,BANK_TIMEOUT,44,23,19,0,UPI,0,Sunday,1
TXN_005281,CUST_01057,21456.82,WALLET,FAILED,INSUFFICIENT_FUNDS,20,22,12,8,UPI,21,Tuesday,0
TXN_005292,CUST_00752,911.58,NETBANKING,FAILED,INSUFFICIENT_FUNDS,52,8,9,10,UPI,10,Friday,0
TXN_005296,CUST_05628,1814.83,WALLET,FAILED,NETWORK_ERROR,21,12,2,9,NETBANKING,17,Thursday,1
TXN_005299,CUST_00940,15625.06,CARD,FAILED,NETWORK_ERROR,49,6,2,7,UPI,1,Wednesday,0
TXN_005304,CUST_09135,13344.62,WALLET,FAILED,INSUFFICIENT_FUNDS,31,16,11,10,UPI,10,Thursday,1
TXN_005335,CUST_09522,22813.28,UPI,FAILED,LIMIT_EXCEEDED,19,2,1,4,NETBANKING,5,Wednesday,0
TXN_005338,CUST_02086,7706.26,CARD,FAILED,INSUFFICIENT_FUNDS,41,12,4,5,CARD,23,Friday,0
TXN_005339,CUST_08720,19654.76,CARD,FAILED,NETWORK_ERROR,48,23,18,0,CARD,8,Wednesday,0
TXN_005340,CUST_03589,831.58,CARD,FAILED,CARD_DECLINED,60,21,20,2,CARD,23,Monday,1
TXN_005349,CUST_03984,9989.79,UPI,FAILED,BANK_TIMEOUT,58,10,12,10,CARD,13,Tuesday,1
TXN_005350,CUST_05195,9654.77,CARD,FAILED,BANK_TIMEOUT,28,4,5,4,UPI,5,Sunday,0
TXN_005351,CUST_08383,13252.69,CARD,FAILED,LIMIT_EXCEEDED,26,17,20,6,UPI,19,Thursday,0
TXN_005357,CUST_00249,3492.33,UPI,FAILED,BANK_TIMEOUT,38,30,1,6,WALLET,12,Tuesday,1
TXN_005360,CUST_00282,8480.54,NETBANKING,FAILED,LIMIT_EXCEEDED,48,28,1,6,CARD,19,Sunday,0
TXN_005364,CUST_08659,17016.49,CARD,FAILED,BANK_SERVER_DOWN,42,9,11,3,WALLET,23,Tuesday,0
TXN_005366,CUST_06811,2200.91,WALLET,FAILED,INSUFFICIENT_FUNDS,20,22,16,3,CARD,22,Sunday,0
TXN_005369,CUST_00649,24828.56,NETBANKING,FAILED,BANK_TIMEOUT,43,28,11,10,UPI,18,Saturday,0
TXN_005371,CUST_02993,10277.61,NETBANKING,FAILED,OTP_FAILURE,33,28,16,5,WALLET,18,Sunday,0
TXN_005377,CUST_08465,3521.98,CARD,FAILED,BANK_SERVER_DOWN,59,28,24,7,NETBANKING,11,Monday,1
TXN_005378,CUST_07875,13162.8,NETBANKING,FAILED,BANK_TIMEOUT,28,18,16,4,NETBANKING,1,Thursday,1
TXN_005386,CUST_03666,22004.59,CARD,FAILED,BANK_TIMEOUT,42,21,11,6,WALLET,3,Saturday,1
TXN_005387,CUST_03724,11085.44,WALLET,FAILED,CARD_DECLINED,39,13,25,10,UPI,10,Sunday,0
TXN_005396,CUST_09823,21397.86,WALLET,FAILED,BANK_TIMEOUT,53,19,21,2,NETBANKING,7,Saturday,1
TXN_005398,CUST_05571,24264.93,UPI,FAILED,LIMIT_EXCEEDED,47,4,1,3,NETBANKING,7,Thursday,0
TXN_005428,CUST_00469,4355.61,UPI,FAILED,BANK_TIMEOUT,33,28,18,10,CARD,7,Wednesday,0
TXN_005441,CUST_03477,21248.26,NETBANKING,FAILED,OTP_FAILURE,35,15,21,8,CARD,1,Thursday,0
TXN_005449,CUST_07153,15657.91,UPI,FAILED,NETWORK_ERROR,53,20,3,2,CARD,21,Thursday,1
TXN_005456,CUST_00674,9126.5,CARD,FAILED,NETWORK_ERROR,24,27,6,3,UPI,22,Tuesday,0
TXN_005459,CUST_08720,15154.27,UPI,FAILED,BANK_TIMEOUT,48,23,18,0,CARD,3,Sunday,1
TXN_005481,CUST_08235,24648.98,WALLET,FAILED,BANK_SERVER_DOWN,41,4,10,0,CARD,13,Thursday,0
TXN_005488,CUST_08566,5156.38,NETBANKING,FAILED,CARD_DECLINED,52,29,18,5,UPI,0,Thursday,0
TXN_005497,CUST_01673,10815.67,NETBANKING,FAILED,NETWORK_ERROR,24,14,14,7,CARD,23,Wednesday,0
TXN_005503,CUST_02082,8099.81,CARD,FAILED,BANK_SERVER_DOWN,44,5,22,6,UPI,20,Friday,0
TXN_005512,CUST_03839,5902.0,CARD,FAILED,LIMIT_EXCEEDED,52,16,9,1,WALLET,18,Thursday,0
TXN_005519,CUST_08481,16046.38,WALLET,FAILED,INSUFFICIENT_FUNDS,22,14,3,1,UPI,11,Saturday,0
TXN_005520,CUST_08975,3930.96,NETBANKING,FAILED,BANK_TIMEOUT,32,27,25,3,NETBANKING,2,Monday,1
TXN_005522,CUST_04889,2556.14,NETBANKING,FAILED,CARD_DECLINED,34,29,19,10,NETBANKING,1,Tuesday,1
TXN_005524,CUST_04200,9682.12,NETBANKING,FAILED,INSUFFICIENT_FUNDS,42,23,23,5,CARD,15,Sunday,0
TXN_005537,CUST_05004,1051.88,CARD,FAILED,OTP_FAILURE,27,7,23,6,UPI,3,Monday,1
TXN_005544,CUST_00887,8088.19,CARD,FAILED,BANK_SERVER_DOWN,19,20,8,6,CARD,15,Thursday,1
TXN_005549,CUST_06814,13690.68,CARD,FAILED,INSUFFICIENT_FUNDS,28,27,17,2,NETBANKING,21,Wednesday,0
TXN_005554,CUST_03288,20039.05,UPI,FAILED,OTP_FAILURE,37,7,1,7,CARD,7,Wednesday,0
TXN_005563,CUST_04930,24303.26,CARD,FAILED,NETWORK_ERROR,50,14,9,3,WALLET,17,Monday,0
TXN_005566,CUST_04960,23809.37,WALLET,FAILED,NETWORK_ERROR,50,15,20,8,NETBANKING,15,Thursday,1
TXN_005580,CUST_00893,24233.61,WALLET,FAILED,OTP_FAILURE,36,25,24,4,UPI,0,Friday,1
TXN_005584,CUST_04291,19861.02,UPI,FAILED,NETWORK_ERROR,26,12,1,5,UPI,6,Tuesday,1
TXN_005588,CUST_08746,15805.53,UPI,FAILED,BANK_SERVER_DOWN,36,14,14,6,CARD,13,Sunday,0
TXN_005595,CUST_04822,24025.69,NETBANKING,FAILED,CARD_DECLINED,47,24,15,2,WALLET,1,Tuesday,0
TXN_005596,CUST_00247,2597.82,CARD,FAILED,BANK_TIMEOUT,29,9,16,0,UPI,11,Wednesday,1
TXN_005606,CUST_01862,11149.68,CARD,FAILED,LIMIT_EXCEEDED,55,15,21,8,WALLET,15,Tuesday,0
TXN_005621,CUST_04144,11699.76,CARD,FAILED,NETWORK_ERROR,19,5,4,5,CARD,5,Wednesday,0
TXN_005627,CUST_04227,8223.76,WALLET,FAILED,BANK_TIMEOUT,55,5,15,7,WALLET,8,Friday,1
TXN_005635,CUST_04712,11887.74,CARD,FAILED,OTP_FAILURE,25,25,7,6,WALLET,1,Wednesday,0
TXN_005636,CUST_06951,11529.95,UPI,FAILED,CARD_DECLINED,43,18,7,2,WALLET,23,Saturday,0
TXN_005642,CUST_03800,24264.61,UPI,FAILED,BANK_TIMEOUT,48,16,5,3,WALLET,18,Monday,0
TXN_005644,CUST_01370,7580.7,CARD,FAILED,BANK_TIMEOUT,23,15,15,4,NETBANKING,16,Thursday,0
TXN_005665,CUST_08984,15577.73,WALLET,FAILED,NETWORK_ERROR,24,1,11,2,UPI,11,Saturday,1
TXN_005668,CUST_05572,18612.12,UPI,FAILED,CARD_DECLINED,31,26,11,6,CARD,6,Thursday,0
TXN_005675,CUST_04906,5899.21,CARD,FAILED,BANK_SERVER_DOWN,20,29,21,10,CARD,13,Friday,0
TXN_005680,CUST_05731,18791.56,CARD,FAILED,OTP_FAILURE,41,9,17,3,UPI,10,Monday,0
TXN_005684,CUST_03872,7346.9,WALLET,FAILED,BANK_TIMEOUT,57,9,12,2,NETBANKING,15,Tuesday,1
TXN_005689,CUST_01024,17887.18,NETBANKING,FAILED,LIMIT_EXCEEDED,26,23,3,0,WALLET,3,Saturday,0
TXN_005699,CUST_04014,24577.08,UPI,FAILED,BANK_TIMEOUT,22,5,14,8,CARD,14,Thursday,1
TXN_005706,CUST_04447,15215.56,NETBANKING,FAILED,OTP_FAILURE,19,22,1,9,WALLET,22,Wednesday,0
TXN_005711,CUST_06202,17205.88,WALLET,FAILED,BANK_SERVER_DOWN,52,15,5,6,CARD,14,Friday,0
TXN_005713,CUST_01924,16513.58,CARD,FAILED,OTP_FAILURE,50,15,23,10,WALLET,15,Thursday,0
TXN_005717,CUST_06739,4582.39,UPI,FAILED,BANK_TIMEOUT,38,27,8,2,UPI,9,Sunday,0
TXN_005718,CUST_00346,18513.25,WALLET,FAILED,BANK_SERVER_DOWN,48,12,8,4,NETBANKING,16,Friday,0
TXN_005722,CUST_06357,23544.0,WALLET,FAILED,BANK_SERVER_DOWN,23,23,13,4,CARD,11,Sunday,1
TXN_005729,CUST_00555,24135.82,UPI,FAILED,OTP_FAILURE,32,18,15,1,CARD,0,Thursday,0
TXN_005746,CUST_01434,6344.69,CARD,FAILED,NETWORK_ERROR,35,21,6,6,UPI,13,Saturday,0
TXN_005748,CUST_01182,16671.57,NETBANKING,FAILED,INSUFFICIENT_FUNDS,30,6,4,3,WALLET,19,Saturday,0
TXN_005749,CUST_04769,1427.29,WALLET,FAILED,BANK_SERVER_DOWN,19,19,14,4,UPI,10,Thursday,1
TXN_005753,CUST_08676,12729.13,NETBANKING,FAILED,INSUFFICIENT_FUNDS,21,29,7,8,WALLET,7,Friday,0
TXN_005755,CUST_02570,23771.62,UPI,FAILED,LIMIT_EXCEEDED,37,11,19,7,CARD,11,Sunday,0
TXN_005769,CUST_04862,20928.75,UPI,FAILED,OTP_FAILURE,59,22,15,0,CARD,17,Wednesday,0
TXN_005773,CUST_03331,12105.66,UPI,FAILED,INSUFFICIENT_FUNDS,31,11,23,4,UPI,14,Thursday,1
TXN_005774,CUST_03561,16887.64,WALLET,FAILED,BANK_SERVER_DOWN,52,25,13,7,CARD,6,Saturday,1
TXN_005793,CUST_03659,11054.02,WALLET,FAILED,NETWORK_ERROR,56,19,1,9,UPI,5,Wednesday,1
TXN_005796,CUST_05785,10244.73,WALLET,FAILED,OTP_FAILURE,37,27,7,2,WALLET,17,Sunday,0
TXN_005799,CUST_07258,10778.09,NETBANKING,FAILED,INSUFFICIENT_FUNDS,38,1,12,10,NETBANKING,10,Wednesday,0
TXN_005809,CUST_02335,15448.91,WALLET,FAILED,BANK_SERVER_DOWN,40,21,18,0,WALLET,11,Friday,1
TXN_005811,CUST_02783,17594.86,CARD,FAILED,BANK_TIMEOUT,30,13,11,1,CARD,16,Sunday,1
TXN_005813,CUST_00953,19882.27,WALLET,FAILED,CARD_DECLINED,59,21,3,1,WALLET,22,Wednesday,0
TXN_005815,CUST_05462,14109.97,CARD,FAILED,BANK_SERVER_DOWN,38,15,25,1,WALLET,10,Tuesday,0
TXN_005836,CUST_05518,18093.46,NETBANKING,FAILED,OTP_FAILURE,39,19,21,7,NETBANKING,8,Wednesday,1
TXN_005847,CUST_03974,1881.1,NETBANKING,FAILED,OTP_FAILURE,37,15,12,7,UPI,8,Thursday,0
TXN_005858,CUST_08756,10396.96,WALLET,FAILED,CARD_DECLINED,35,27,15,9,CARD,10,Sunday,0
TXN_005859,CUST_09049,4040.08,UPI,FAILED,LIMIT_EXCEEDED,54,22,6,7,WALLET,0,Sunday,0
TXN_005863,CUST_01380,18032.08,NETBANKING,FAILED,INSUFFICIENT_FUNDS,45,26,18,2,UPI,5,Thursday,0
TXN_005866,CUST_01027,4288.56,WALLET,FAILED,CARD_DECLINED,29,1,25,4,UPI,17,Sunday,0
TXN_005870,CUST_00408,20098.05,WALLET,FAILED,INSUFFICIENT_FUNDS,56,21,2,2,WALLET,18,Friday,0
TXN_005872,CUST_08924,18963.4,NETBANKING,FAILED,CARD_DECLINED,58,28,20,9,CARD,6,Tuesday,0
TXN_005895,CUST_01132,9948.79,UPI,FAILED,OTP_FAILURE,43,13,10,3,WALLET,0,Friday,0
TXN_005897,CUST_01299,19648.87,WALLET,FAILED,BANK_SERVER_DOWN,38,25,5,1,WALLET,12,Friday,1
TXN_005902,CUST_06108,15535.6,WALLET,FAILED,BANK_TIMEOUT,56,10,5,1,CARD,13,Tuesday,0
TXN_005907,CUST_03834,7195.51,NETBANKING,FAILED,BANK_TIMEOUT,34,24,4,5,CARD,14,Sunday,1
TXN_005909,CUST_02263,14033.14,UPI,FAILED,CARD_DECLINED,30,15,10,1,CARD,8,Thursday,0
TXN_005919,CUST_03651,13751.94,CARD,FAILED,OTP_FAILURE,51,28,19,5,CARD,9,Tuesday,1
TXN_005923,CUST_05608,4698.68,NETBANKING,FAILED,NETWORK_ERROR,47,13,7,0,UPI,20,Tuesday,0
TXN_005924,CUST_05183,7598.11,WALLET,FAILED,OTP_FAILURE,23,17,5,0,UPI,19,Saturday,0
TXN_005934,CUST_02207,20917.96,WALLET,FAILED,BANK_TIMEOUT,46,19,7,5,NETBANKING,8,Monday,1
TXN_005937,CUST_07431,23227.04,UPI,FAILED,BANK_SERVER_DOWN,44,30,13,10,WALLET,16,Tuesday,0
TXN_005949,CUST_05123,22230.86,WALLET,FAILED,NETWORK_ERROR,39,18,21,1,CARD,19,Friday,0
TXN_005950,CUST_04085,5569.68,CARD,FAILED,CARD_DECLINED,29,8,13,10,UPI,19,Tuesday,0
TXN_005961,CUST_06181,5449.36,UPI,FAILED,OTP_FAILURE,36,27,19,0,CARD,11,Saturday,1
TXN_005972,CUST_06688,10373.55,WALLET,FAILED,LIMIT_EXCEEDED,54,14,8,6,NETBANKING,16,Monday,0
TXN_005998,CUST_09948,18214.2,NETBANKING,FAILED,NETWORK_ERROR,51,2,5,6,CARD,21,Wednesday,1
TXN_006002,CUST_09609,9830.06,NETBANKING,FAILED,LIMIT_EXCEEDED,50,27,18,0,WALLET,22,Wednesday,1
TXN_006012,CUST_08824,24182.76,NETBANKING,FAILED,INSUFFICIENT_FUNDS,58,17,18,1,NETBANKING,0,Friday,1
TXN_006015,CUST_08415,3175.47,NETBANKING,FAILED,INSUFFICIENT_FUNDS,18,21,15,6,CARD,23,Monday,1
TXN_006016,CUST_01823,11130.21,WALLET,FAILED,INSUFFICIENT_FUNDS,24,13,8,9,UPI,2,Friday,0
TXN_006020,CUST_00941,21401.3,WALLET,FAILED,INSUFFICIENT_FUNDS,54,3,17,2,WALLET,2,Saturday,1
TXN_006031,CUST_03208,23453.46,UPI,FAILED,BANK_SERVER_DOWN,38,11,15,5,UPI,12,Saturday,0
TXN_006032,CUST_06632,1394.21,UPI,FAILED,INSUFFICIENT_FUNDS,57,26,20,0,WALLET,5,Saturday,0
TXN_006036,CUST_06165,3009.66,WALLET,FAILED,CARD_DECLINED,56,1,22,4,NETBANKING,9,Sunday,0
TXN_006041,CUST_03524,15168.59,UPI,FAILED,NETWORK_ERROR,55,22,9,5,NETBANKING,21,Saturday,1
TXN_006044,CUST_05643,5278.82,UPI,FAILED,INSUFFICIENT_FUNDS,48,24,4,4,CARD,15,Tuesday,0
TXN_006065,CUST_02663,15527.13,UPI,FAILED,INSUFFICIENT_FUNDS,56,26,21,9,WALLET,14,Sunday,0
TXN_006066,CUST_03410,24574.08,NETBANKING,FAILED,OTP_FAILURE,52,20,24,7,CARD,7,Thursday,0
TXN_006067,CUST_08992,16840.83,UPI,FAILED,BANK_SERVER_DOWN,42,20,12,2,WALLET,16,Saturday,0
TXN_006072,CUST_06348,16202.07,CARD,FAILED,INSUFFICIENT_FUNDS,35,2,21,2,NETBANKING,9,Wednesday,0
TXN_006073,CUST_00573,14458.07,UPI,FAILED,OTP_FAILURE,59,15,7,1,UPI,22,Sunday,1
TXN_006080,CUST_02984,16568.38,NETBANKING,FAILED,NETWORK_ERROR,56,4,2,3,WALLET,21,Thursday,0
TXN_006084,CUST_08026,23038.95,UPI,FAILED,BANK_SERVER_DOWN,42,9,17,7,NETBANKING,11,Thursday,0
TXN_006085,CUST_06207,20519.91,UPI,FAILED,OTP_FAILURE,46,21,17,7,WALLET,22,Monday,0
TXN_006091,CUST_04809,20216.61,CARD,FAILED,OTP_FAILURE,60,28,16,10,WALLET,21,Monday,0
TXN_006097,CUST_00417,4853.83,WALLET,FAILED,OTP_FAILURE,36,7,18,4,NETBANKING,17,Wednesday,1
TXN_006099,CUST_01514,11992.12,UPI,FAILED,LIMIT_EXCEEDED,29,12,21,1,CARD,9,Monday,0
TXN_006100,CUST_05268,6319.35,WALLET,FAILED,NETWORK_ERROR,31,2,17,10,UPI,15,Sunday,1
TXN_006103,CUST_00399,5784.53,UPI,FAILED,INSUFFICIENT_FUNDS,59,29,14,6,CARD,19,Friday,0
TXN_006110,CUST_09776,23551.17,UPI,FAILED,BANK_SERVER_DOWN,37,3,12,6,CARD,13,Saturday,0
TXN_006122,CUST_07537,13970.78,NETBANKING,FAILED,NETWORK_ERROR,47,3,8,4,UPI,18,Saturday,1
TXN_006130,CUST_09642,18291.89,UPI,FAILED,LIMIT_EXCEEDED,41,20,13,6,UPI,20,Thursday,0
TXN_006136,CUST_08951,20196.85,WALLET,FAILED,BANK_TIMEOUT,40,1,18,6,WALLET,15,Thursday,1
TXN_006139,CUST_04623,1069.48,WALLET,FAILED,INSUFFICIENT_FUNDS,25,27,17,0,NETBANKING,9,Wednesday,0
TXN_006143,CUST_01318,17388.05,NETBANKING,FAILED,CARD_DECLINED,19,23,4,3,NETBANKING,9,Friday,0
TXN_006148,CUST_01631,13160.28,NETBANKING,FAILED,BANK_TIMEOUT,25,25,11,2,WALLET,9,Saturday,1
TXN_006155,CUST_09335,6880.83,CARD,FAILED,INSUFFICIENT_FUNDS,18,10,24,8,WALLET,7,Monday,1
TXN_006156,CUST_01349,22992.79,CARD,FAILED,BANK_SERVER_DOWN,52,26,9,6,WALLET,1,Wednesday,0
TXN_006162,CUST_02442,3427.18,CARD,FAILED,OTP_FAILURE,32,4,22,10,UPI,10,Sunday,1
TXN_006168,CUST_06648,18476.74,NETBANKING,FAILED,CARD_DECLINED,28,30,7,8,CARD,10,Saturday,0
TXN_006172,CUST_03696,22821.71,CARD,FAILED,CARD_DECLINED,46,29,16,0,NETBANKING,5,Friday,0
TXN_006174,CUST_01010,2910.05,WALLET,FAILED,CARD_DECLINED,46,29,23,10,UPI,13,Wednesday,0
TXN_006181,CUST_06857,1793.53,UPI,FAILED,NETWORK_ERROR,26,28,22,5,WALLET,3,Sunday,1
TXN_006182,CUST_00435,9066.44,CARD,FAILED,OTP_FAILURE,26,8,6,4,NETBANKING,23,Sunday,0
TXN_006183,CUST_04466,22124.61,NETBANKING,FAILED,INSUFFICIENT_FUNDS,39,14,12,10,WALLET,7,Monday,1
TXN_006185,CUST_02496,4163.52,UPI,FAILED,BANK_SERVER_DOWN,25,5,15,6,WALLET,9,Wednesday,0
TXN_006192,CUST_05242,13111.17,CARD,FAILED,BANK_SERVER_DOWN,50,24,10,6,NETBANKING,7,Wednesday,0
TXN_006193,CUST_06501,14501.21,UPI,FAILED,CARD_DECLINED,47,23,7,2,UPI,4,Friday,0
TXN_006199,CUST_00073,20008.04,UPI,FAILED,NETWORK_ERROR,44,16,5,8,CARD,5,Friday,0
TXN_006204,CUST_08153,6944.03,CARD,FAILED,NETWORK_ERROR,18,26,13,6,WALLET,8,Sunday,1
TXN_006206,CUST_01996,12294.24,NETBANKING,FAILED,NETWORK_ERROR,59,23,14,3,CARD,22,Friday,0
TXN_006219,CUST_09644,8492.96,NETBANKING,FAILED,INSUFFICIENT_FUNDS,26,2,14,10,CARD,4,Monday,1
TXN_006222,CUST_05256,499.56,CARD,FAILED,LIMIT_EXCEEDED,46,21,3,1,CARD,9,Saturday,0
TXN_006231,CUST_06261,13091.18,NETBANKING,FAILED,NETWORK_ERROR,49,26,2,10,WALLET,14,Tuesday,1
TXN_006232,CUST_03273,4670.0,UPI,FAILED,CARD_DECLINED,20,17,14,9,NETBANKING,23,Sunday,0
TXN_006235,CUST_08336,7330.5,WALLET,FAILED,BANK_TIMEOUT,28,22,17,3,CARD,15,Saturday,1
TXN_006238,CUST_01647,6161.39,NETBANKING,FAILED,INSUFFICIENT_FUNDS,45,13,6,5,WALLET,14,Sunday,0
TXN_006240,CUST_04779,20955.56,NETBANKING,FAILED,INSUFFICIENT_FUNDS,26,11,19,7,NETBANKING,15,Friday,1
TXN_006241,CUST_07172,13961.94,WALLET,FAILED,CARD_DECLINED,29,27,5,1,CARD,5,Friday,0
TXN_006242,CUST_06085,16788.9,WALLET,FAILED,LIMIT_EXCEEDED,30,15,4,6,NETBANKING,8,Friday,0
TXN_006244,CUST_00382,11037.15,UPI,FAILED,BANK_TIMEOUT,18,3,7,4,CARD,1,Saturday,1
TXN_006251,CUST_08562,5327.11,WALLET,FAILED,CARD_DECLINED,43,29,18,8,CARD,17,Thursday,0
TXN_006257,CUST_05020,1725.1,UPI,FAILED,NETWORK_ERROR,41,21,12,4,WALLET,17,Wednesday,0
TXN_006263,CUST_08402,24206.13,CARD,FAILED,BANK_TIMEOUT,34,13,21,5,WALLET,14,Saturday,0
TXN_006267,CUST_02985,19861.92,UPI,FAILED,CARD_DECLINED,28,25,8,3,CARD,15,Sunday,0
TXN_006271,CUST_05611,13760.28,NETBANKING,FAILED,LIMIT_EXCEEDED,46,14,2,1,WALLET,11,Sunday,0
TXN_006274,CUST_01768,18814.39,UPI,FAILED,BANK_TIMEOUT,33,2,25,10,WALLET,19,Monday,0
TXN_006278,CUST_05690,13147.0,WALLET,FAILED,OTP_FAILURE,37,28,4,2,CARD,0,Thursday,0
TXN_006292,CUST_08070,23411.9,NETBANKING,FAILED,NETWORK_ERROR,52,17,8,7,WALLET,19,Saturday,0
TXN_006297,CUST_00413,18334.07,WALLET,FAILED,LIMIT_EXCEEDED,47,25,7,1,WALLET,10,Monday,0
TXN_006308,CUST_05985,8540.19,CARD,FAILED,LIMIT_EXCEEDED,56,18,20,4,NETBANKING,10,Thursday,1
TXN_006310,CUST_03397,17892.57,NETBANKING,FAILED,INSUFFICIENT_FUNDS,38,22,8,0,WALLET,6,Tuesday,0
TXN_006339,CUST_07768,13958.74,NETBANKING,FAILED,BANK_SERVER_DOWN,29,9,6,4,UPI,9,Tuesday,0
TXN_006343,CUST_05828,2991.68,WALLET,FAILED,OTP_FAILURE,47,8,15,5,CARD,11,Thursday,1
TXN_006347,CUST_01441,20513.3,CARD,FAILED,BANK_SERVER_DOWN,25,9,12,3,UPI,1,Saturday,0
TXN_006361,CUST_00916,4164.05,CARD,FAILED,BANK_SERVER_DOWN,57,9,25,9,UPI,21,Wednesday,0
TXN_006364,CUST_05044,9025.0,UPI,FAILED,INSUFFICIENT_FUNDS,37,4,16,6,CARD,11,Thursday,1
TXN_006368,CUST_04112,2771.43,CARD,FAILED,NETWORK_ERROR,28,13,8,8,UPI,11,Sunday,0
TXN_006369,CUST_03440,4388.98,WALLET,FAILED,INSUFFICIENT_FUNDS,60,12,11,10,NETBANKING,10,Tuesday,0
TXN_006377,CUST_00702,9582.0,CARD,FAILED,INSUFFICIENT_FUNDS,45,20,13,1,CARD,6,Saturday,0
TXN_006383,CUST_04625,5878.58,NETBANKING,FAILED,INSUFFICIENT_FUNDS,59,17,18,5,NETBANKING,1,Wednesday,1
TXN_006385,CUST_03048,17609.4,CARD,FAILED,OTP_FAILURE,45,25,21,8,CARD,18,Monday,1
TXN_006397,CUST_00064,5864.23,UPI,FAILED,BANK_SERVER_DOWN,40,14,6,1,NETBANKING,6,Tuesday,0
TXN_006406,CUST_00408,3593.88,CARD,FAILED,LIMIT_EXCEEDED,56,21,2,2,WALLET,16,Tuesday,1
TXN_006414,CUST_02543,2334.54,UPI,FAILED,OTP_FAILURE,48,3,20,2,NETBANKING,0,Sunday,0
TXN_006434,CUST_03177,13490.65,WALLET,FAILED,LIMIT_EXCEEDED,43,11,25,10,CARD,9,Monday,1
TXN_006448,CUST_08145,17674.58,UPI,FAILED,NETWORK_ERROR,29,8,25,6,WALLET,0,Monday,0
TXN_006449,CUST_08143,13843.17,WALLET,FAILED,BANK_SERVER_DOWN,56,9,3,9,UPI,12,Tuesday,0
TXN_006455,CUST_02438,19748.24,WALLET,FAILED,NETWORK_ERROR,33,7,6,8,WALLET,1,Friday,1
TXN_006471,CUST_04020,24870.62,WALLET,FAILED,NETWORK_ERROR,57,5,13,8,UPI,12,Wednesday,0
TXN_006472,CUST_01955,1301.39,WALLET,FAILED,BANK_TIMEOUT,27,15,9,10,CARD,3,Friday,1
TXN_006492,CUST_03298,23956.02,UPI,FAILED,OTP_FAILURE,24,3,7,10,NETBANKING,6,Wednesday,0
TXN_006493,CUST_05266,1571.51,WALLET,FAILED,INSUFFICIENT_FUNDS,21,20,2,2,WALLET,17,Thursday,0
TXN_006505,CUST_07801,6543.56,NETBANKING,FAILED,CARD_DECLINED,42,11,22,9,UPI,8,Sunday,0
TXN_006506,CUST_08840,5247.42,NETBANKING,FAILED,CARD_DECLINED,29,7,15,10,WALLET,3,Thursday,0
TXN_006521,CUST_01110,9770.38,NETBANKING,FAILED,INSUFFICIENT_FUNDS,22,15,7,7,WALLET,1,Tuesday,0
TXN_006539,CUST_02792,12198.27,NETBANKING,FAILED,OTP_FAILURE,21,2,7,6,NETBANKING,15,Tuesday,1
TXN_006544,CUST_09676,5024.09,WALLET,FAILED,LIMIT_EXCEEDED,19,5,15,10,CARD,7,Friday,0
TXN_006546,CUST_02479,12740.06,WALLET,FAILED,NETWORK_ERROR,57,27,3,7,CARD,14,Tuesday,1
TXN_006547,CUST_08551,19480.51,CARD,FAILED,LIMIT_EXCEEDED,34,16,9,3,NETBANKING,6,Friday,0
TXN_006563,CUST_03079,16212.18,NETBANKING,FAILED,LIMIT_EXCEEDED,39,9,1,10,UPI,18,Monday,0
TXN_006564,CUST_02245,21730.69,CARD,FAILED,BANK_SERVER_DOWN,26,17,10,3,NETBANKING,16,Thursday,1
TXN_006566,CUST_03596,2940.32,CARD,FAILED,BANK_TIMEOUT,32,7,14,9,NETBANKING,19,Friday,1
TXN_006576,CUST_02709,17483.52,WALLET,FAILED,BANK_SERVER_DOWN,53,5,24,3,WALLET,22,Monday,1
TXN_006581,CUST_08511,21319.74,NETBANKING,FAILED,LIMIT_EXCEEDED,23,9,17,1,NETBANKING,17,Tuesday,0
TXN_006583,CUST_05273,16858.93,NETBANKING,FAILED,INSUFFICIENT_FUNDS,53,8,12,7,CARD,17,Wednesday,1
TXN_006585,CUST_03097,4680.12,CARD,FAILED,INSUFFICIENT_FUNDS,44,3,1,5,NETBANKING,14,Sunday,0
TXN_006586,CUST_06204,22080.24,WALLET,FAILED,OTP_FAILURE,41,29,13,8,CARD,3,Sunday,0
TXN_006588,CUST_06537,17995.3,UPI,FAILED,NETWORK_ERROR,55,30,19,3,WALLET,8,Monday,1
TXN_006591,CUST_03997,22626.23,CARD,FAILED,BANK_TIMEOUT,26,3,4,6,UPI,18,Tuesday,0
TXN_006595,CUST_08849,3325.62,NETBANKING,FAILED,LIMIT_EXCEEDED,57,4,1,8,CARD,13,Sunday,0
TXN_006604,CUST_04283,5425.4,CARD,FAILED,OTP_FAILURE,60,10,3,0,UPI,5,Monday,0
TXN_006614,CUST_08280,10481.63,CARD,FAILED,INSUFFICIENT_FUNDS,25,10,25,5,UPI,4,Monday,0
TXN_006622,CUST_08153,17683.72,CARD,FAILED,NETWORK_ERROR,18,26,13,6,WALLET,18,Monday,1
TXN_006625,CUST_01838,17401.2,NETBANKING,FAILED,LIMIT_EXCEEDED,42,7,11,3,UPI,23,Friday,1
TXN_006629,CUST_07225,16531.45,CARD,FAILED,BANK_TIMEOUT,18,19,3,9,WALLET,18,Thursday,0
TXN_006634,CUST_06778,3412.75,CARD,FAILED,OTP_FAILURE,18,6,12,7,NETBANKING,18,Friday,1
TXN_006642,CUST_09202,13794.4,UPI,FAILED,BANK_SERVER_DOWN,27,22,17,3,CARD,11,Friday,1
TXN_006643,CUST_03688,18621.98,WALLET,FAILED,LIMIT_EXCEEDED,48,8,7,4,UPI,4,Saturday,0
TXN_006662,CUST_08276,9598.99,NETBANKING,FAILED,BANK_SERVER_DOWN,19,21,2,4,CARD,22,Sunday,0
TXN_006665,CUST_09012,8588.15,NETBANKING,FAILED,INSUFFICIENT_FUNDS,58,4,13,2,UPI,20,Thursday,0
TXN_006668,CUST_06332,22434.31,CARD,FAILED,BANK_SERVER_DOWN,47,21,16,1,WALLET,2,Sunday,0
TXN_006671,CUST_00794,19455.74,CARD,FAILED,BANK_TIMEOUT,24,28,24,2,NETBANKING,13,Thursday,1
TXN_006672,CUST_03662,21406.98,WALLET,FAILED,NETWORK_ERROR,48,15,5,0,UPI,18,Thursday,0
TXN_006677,CUST_00776,6496.92,WALLET,FAILED,LIMIT_EXCEEDED,60,22,20,9,CARD,7,Thursday,0
TXN_006678,CUST_05882,9977.05,WALLET,FAILED,OTP_FAILURE,54,25,15,0,NETBANKING,18,Friday,0
TXN_006682,CUST_09173,4241.46,WALLET,FAILED,CARD_DECLINED,25,9,17,10,NETBANKING,2,Saturday,0
TXN_006685,CUST_03371,12437.58,WALLET,FAILED,OTP_FAILURE,57,29,7,1,UPI,15,Friday,0
TXN_006688,CUST_07405,7819.59,WALLET,FAILED,CARD_DECLINED,55,18,8,9,CARD,9,Tuesday,0
TXN_006698,CUST_08860,14546.29,NETBANKING,FAILED,LIMIT_EXCEEDED,29,26,6,2,CARD,22,Wednesday,0
TXN_006704,CUST_00341,1312.36,NETBANKING,FAILED,BANK_TIMEOUT,57,9,14,2,CARD,22,Thursday,1
TXN_006712,CUST_05952,9058.84,UPI,FAILED,BANK_SERVER_DOWN,34,28,13,4,NETBANKING,0,Wednesday,0
TXN_006721,CUST_05118,3847.54,CARD,FAILED,INSUFFICIENT_FUNDS,46,29,21,9,UPI,16,Monday,0
TXN_006722,CUST_04990,13233.17,NETBANKING,FAILED,LIMIT_EXCEEDED,41,21,11,6,UPI,16,Sunday,1
TXN_006728,CUST_01055,23580.13,CARD,FAILED,INSUFFICIENT_FUNDS,52,29,15,8,WALLET,19,Sunday,0
TXN_006730,CUST_09798,24852.32,UPI,FAILED,BANK_TIMEOUT,45,14,24,0,WALLET,18,Monday,0
TXN_006733,CUST_09525,16979.18,CARD,FAILED,INSUFFICIENT_FUNDS,58,17,13,0,WALLET,1,Sunday,0
TXN_006734,CUST_03677,16932.12,NETBANKING,FAILED,BANK_SERVER_DOWN,36,30,8,5,NETBANKING,5,Thursday,0
TXN_006736,CUST_07084,24894.46,CARD,FAILED,INSUFFICIENT_FUNDS,38,16,9,6,NETBANKING,15,Sunday,0
TXN_006741,CUST_00947,5562.03,WALLET,FAILED,NETWORK_ERROR,54,29,5,4,NETBANKING,19,Tuesday,0
TXN_006745,CUST_08582,14540.89,CARD,FAILED,BANK_TIMEOUT,46,26,22,0,CARD,2,Wednesday,1
TXN_006748,CUST_08035,9990.83,WALLET,FAILED,BANK_SERVER_DOWN,32,9,18,8,CARD,21,Monday,0
TXN_006769,CUST_08339,22773.03,WALLET,FAILED,BANK_TIMEOUT,48,9,5,5,CARD,12,Sunday,0
TXN_006770,CUST_08545,1322.41,NETBANKING,FAILED,BANK_TIMEOUT,21,7,16,10,CARD,10,Saturday,1
TXN_006771,CUST_08897,4925.91,CARD,FAILED,NETWORK_ERROR,40,2,3,10,WALLET,21,Friday,1
TXN_006784,CUST_00343,9623.55,WALLET,FAILED,BANK_SERVER_DOWN,31,6,24,4,NETBANKING,8,Tuesday,0
TXN_006790,CUST_01654,24240.23,NETBANKING,FAILED,INSUFFICIENT_FUNDS,49,19,22,3,WALLET,14,Tuesday,0
TXN_006799,CUST_03485,10269.45,CARD,FAILED,BANK_TIMEOUT,51,10,5,8,CARD,3,Monday,1
TXN_006800,CUST_07903,13561.56,NETBANKING,FAILED,CARD_DECLINED,60,27,8,2,UPI,9,Tuesday,0
TXN_006804,CUST_00182,18516.19,WALLET,FAILED,OTP_FAILURE,51,20,25,1,NETBANKING,17,Sunday,0
TXN_006823,CUST_02199,8016.27,WALLET,FAILED,LIMIT_EXCEEDED,30,11,18,4,CARD,4,Wednesday,0
TXN_006840,CUST_07605,20828.11,CARD,FAILED,BANK_TIMEOUT,48,15,4,7,UPI,7,Monday,0
TXN_006841,CUST_05857,20365.02,WALLET,FAILED,INSUFFICIENT_FUNDS,43,2,1,1,WALLET,9,Tuesday,0
TXN_006846,CUST_07384,20015.35,UPI,FAILED,BANK_SERVER_DOWN,18,24,17,3,WALLET,6,Saturday,1
TXN_006867,CUST_06419,20485.8,WALLET,FAILED,OTP_FAILURE,53,19,20,8,UPI,12,Wednesday,0
TXN_006868,CUST_07285,13505.57,WALLET,FAILED,CARD_DECLINED,20,7,24,4,UPI,6,Wednesday,0
TXN_006879,CUST_06182,19066.37,CARD,FAILED,LIMIT_EXCEEDED,22,24,15,7,WALLET,20,Wednesday,0
TXN_006884,CUST_08892,1656.81,WALLET,FAILED,LIMIT_EXCEEDED,33,24,4,6,UPI,5,Thursday,0
TXN_006885,CUST_04237,1258.38,NETBANKING,FAILED,BANK_SERVER_DOWN,35,6,13,2,UPI,13,Sunday,1
TXN_006891,CUST_07427,9274.94,NETBANKING,FAILED,INSUFFICIENT_FUNDS,60,24,14,10,UPI,10,Friday,0
TXN_006899,CUST_05453,19646.32,WALLET,FAILED,OTP_FAILURE,27,28,8,2,NETBANKING,0,Monday,0
TXN_006905,CUST_03767,17377.32,UPI,FAILED,BANK_TIMEOUT,32,26,15,7,NETBANKING,8,Wednesday,0
TXN_006912,CUST_02546,15646.49,CARD,FAILED,INSUFFICIENT_FUNDS,31,13,25,10,WALLET,19,Wednesday,0
TXN_006924,CUST_07611,13631.5,WALLET,FAILED,BANK_SERVER_DOWN,37,4,19,3,UPI,22,Friday,0
TXN_006925,CUST_07360,14831.7,CARD,FAILED,BANK_SERVER_DOWN,18,6,9,3,NETBANKING,13,Tuesday,0
TXN_006936,CUST_08099,2244.54,NETBANKING,FAILED,OTP_FAILURE,20,15,2,3,WALLET,16,Sunday,0
TXN_006940,CUST_03349,1461.94,WALLET,FAILED,CARD_DECLINED,59,22,9,7,NETBANKING,22,Saturday,1
TXN_006966,CUST_03960,22911.66,UPI,FAILED,LIMIT_EXCEEDED,38,26,25,1,NETBANKING,6,Thursday,0
TXN_006972,CUST_02105,14179.71,WALLET,FAILED,NETWORK_ERROR,32,29,17,3,WALLET,10,Saturday,1
TXN_006974,CUST_09003,13632.35,CARD,FAILED,NETWORK_ERROR,32,11,17,9,WALLET,20,Saturday,0
TXN_006982,CUST_09161,3690.58,WALLET,FAILED,OTP_FAILURE,27,13,17,3,UPI,5,Monday,0
TXN_006988,CUST_07913,15503.45,NETBANKING,FAILED,BANK_SERVER_DOWN,20,11,25,0,WALLET,0,Saturday,1
TXN_006989,CUST_08196,20343.9,UPI,FAILED,INSUFFICIENT_FUNDS,44,10,21,0,WALLET,23,Tuesday,0
TXN_007009,CUST_00436,7141.51,NETBANKING,FAILED,OTP_FAILURE,20,1,24,9,CARD,9,Saturday,1
TXN_007012,CUST_05788,15698.2,CARD,FAILED,INSUFFICIENT_FUNDS,26,27,15,0,WALLET,20,Friday,0
TXN_007017,CUST_04780,2439.6,CARD,FAILED,OTP_FAILURE,54,29,4,8,NETBANKING,16,Monday,0
TXN_007032,CUST_05808,2153.94,NETBANKING,FAILED,OTP_FAILURE,24,22,19,1,UPI,5,Thursday,0
TXN_007044,CUST_03132,20558.31,WALLET,FAILED,LIMIT_EXCEEDED,52,13,7,10,WALLET,7,Saturday,0
TXN_007046,CUST_05320,16458.62,NETBANKING,FAILED,NETWORK_ERROR,49,16,14,10,NETBANKING,23,Friday,1
TXN_007063,CUST_07587,5014.9,CARD,FAILED,NETWORK_ERROR,23,10,12,5,WALLET,12,Wednesday,1
TXN_007066,CUST_06411,6338.17,UPI,FAILED,INSUFFICIENT_FUNDS,56,25,11,6,NETBANKING,16,Tuesday,0
TXN_007082,CUST_01205,15865.95,UPI,FAILED,BANK_SERVER_DOWN,41,30,2,10,NETBANKING,10,Friday,0
TXN_007084,CUST_04318,1016.51,NETBANKING,FAILED,LIMIT_EXCEEDED,43,27,25,8,NETBANKING,8,Friday,1
TXN_007086,CUST_00236,11974.49,CARD,FAILED,INSUFFICIENT_FUNDS,32,22,23,6,UPI,7,Sunday,0
TXN_007093,CUST_03050,10877.41,UPI,FAILED,BANK_SERVER_DOWN,34,9,20,9,UPI,15,Friday,1
TXN_007094,CUST_06225,18492.38,NETBANKING,FAILED,BANK_SERVER_DOWN,45,22,22,4,WALLET,19,Friday,0
TXN_007102,CUST_05785,20653.42,WALLET,FAILED,BANK_TIMEOUT,37,27,7,2,WALLET,9,Thursday,0
TXN_007115,CUST_07396,1763.23,UPI,FAILED,NETWORK_ERROR,48,9,13,1,NETBANKING,14,Tuesday,1
TXN_007118,CUST_04627,19414.2,CARD,FAILED,BANK_TIMEOUT,60,29,5,7,CARD,5,Wednesday,1
TXN_007123,CUST_05972,9039.71,CARD,FAILED,CARD_DECLINED,55,9,23,3,WALLET,4,Saturday,0
TXN_007125,CUST_04516,2789.2,UPI,FAILED,INSUFFICIENT_FUNDS,34,20,14,3,UPI,13,Wednesday,1
TXN_007129,CUST_04871,6731.32,CARD,FAILED,BANK_SERVER_DOWN,57,7,11,4,UPI,2,Sunday,0
TXN_007131,CUST_05890,10254.24,WALLET,FAILED,BANK_TIMEOUT,25,13,8,6,NETBANKING,2,Saturday,0
TXN_007139,CUST_09566,8665.9,NETBANKING,FAILED,BANK_TIMEOUT,54,11,15,6,WALLET,18,Sunday,1
TXN_007142,CUST_09539,853.78,UPI,FAILED,BANK_TIMEOUT,48,19,13,6,UPI,10,Thursday,1
TXN_007151,CUST_05922,18284.75,NETBANKING,FAILED,LIMIT_EXCEEDED,29,20,13,1,WALLET,3,Thursday,0
TXN_007153,CUST_07102,6407.99,WALLET,FAILED,NETWORK_ERROR,59,29,11,8,CARD,16,Tuesday,0
TXN_007166,CUST_09810,9968.85,UPI,FAILED,CARD_DECLINED,41,23,2,1,NETBANKING,21,Friday,0
TXN_007167,CUST_08605,12820.84,CARD,FAILED,OTP_FAILURE,52,16,3,4,WALLET,23,Thursday,0
TXN_007185,CUST_01651,12027.28,WALLET,FAILED,BANK_TIMEOUT,43,2,3,0,CARD,5,Monday,1
TXN_007192,CUST_06394,16615.38,NETBANKING,FAILED,BANK_SERVER_DOWN,25,2,15,0,WALLET,10,Thursday,0
TXN_007198,CUST_09508,7858.6,CARD,FAILED,OTP_FAILURE,45,11,3,3,NETBANKING,23,Saturday,0
TXN_007217,CUST_00468,23984.6,WALLET,FAILED,LIMIT_EXCEEDED,33,9,9,7,UPI,9,Friday,0
TXN_007218,CUST_04083,7359.21,WALLET,FAILED,BANK_TIMEOUT,56,24,5,1,UPI,11,Saturday,0
TXN_007223,CUST_08326,13665.14,WALLET,FAILED,INSUFFICIENT_FUNDS,56,6,12,3,CARD,17,Tuesday,0
TXN_007229,CUST_02523,6918.96,UPI,FAILED,NETWORK_ERROR,48,3,8,7,WALLET,12,Monday,0
TXN_007231,CUST_02542,8032.32,UPI,FAILED,BANK_SERVER_DOWN,21,28,8,8,WALLET,22,Wednesday,0
TXN_007236,CUST_04957,16554.38,CARD,FAILED,NETWORK_ERROR,48,15,5,3,WALLET,2,Thursday,1
TXN_007237,CUST_07885,19089.36,UPI,FAILED,LIMIT_EXCEEDED,33,3,15,4,NETBANKING,21,Sunday,0
TXN_007238,CUST_09227,8648.04,CARD,FAILED,CARD_DECLINED,56,1,2,3,WALLET,14,Wednesday,0
TXN_007241,CUST_08472,24791.58,CARD,FAILED,CARD_DECLINED,27,23,19,3,NETBANKING,21,Monday,1
TXN_007243,CUST_06918,19014.76,WALLET,FAILED,CARD_DECLINED,48,5,16,9,NETBANKING,7,Wednesday,0
TXN_007258,CUST_00499,24670.53,WALLET,FAILED,BANK_SERVER_DOWN,47,16,13,8,NETBANKING,23,Thursday,0
TXN_007269,CUST_02446,7254.64,CARD,FAILED,NETWORK_ERROR,55,4,13,3,WALLET,12,Sunday,1
TXN_007271,CUST_06452,10851.99,WALLET,FAILED,CARD_DECLINED,20,10,21,4,NETBANKING,17,Thursday,0
TXN_007272,CUST_03954,22242.3,NETBANKING,FAILED,BANK_TIMEOUT,43,25,9,10,CARD,0,Tuesday,0
TXN_007280,CUST_04031,1293.67,CARD,FAILED,CARD_DECLINED,39,9,2,3,UPI,22,Saturday,0
TXN_007284,CUST_06603,24268.92,NETBANKING,FAILED,CARD_DECLINED,60,30,21,10,WALLET,4,Thursday,0
TXN_007285,CUST_09154,24072.82,NETBANKING,FAILED,CARD_DECLINED,26,23,16,7,CARD,3,Sunday,0
TXN_007294,CUST_02153,23053.57,CARD,FAILED,NETWORK_ERROR,44,10,10,4,NETBANKING,13,Tuesday,1
TXN_007307,CUST_01416,10625.73,WALLET,FAILED,INSUFFICIENT_FUNDS,58,1,8,9,CARD,22,Saturday,0
TXN_007310,CUST_07441,10881.37,NETBANKING,FAILED,BANK_TIMEOUT,48,22,15,9,CARD,3,Sunday,1
TXN_007337,CUST_00349,1949.68,WALLET,FAILED,INSUFFICIENT_FUNDS,49,13,17,3,NETBANKING,0,Friday,0
TXN_007340,CUST_09129,23101.11,UPI,FAILED,BANK_SERVER_DOWN,54,1,22,4,CARD,13,Saturday,0
TXN_007341,CUST_04912,15002.28,NETBANKING,FAILED,OTP_FAILURE,32,11,9,3,WALLET,22,Sunday,0
TXN_007347,CUST_07838,19392.42,UPI,FAILED,LIMIT_EXCEEDED,32,6,20,1,NETBANKING,1,Sunday,0
TXN_007349,CUST_08524,20584.13,NETBANKING,FAILED,CARD_DECLINED,28,10,24,3,NETBANKING,8,Wednesday,0
TXN_007376,CUST_04295,21990.28,WALLET,FAILED,CARD_DECLINED,26,9,21,7,NETBANKING,11,Saturday,0
TXN_007397,CUST_06532,7736.1,CARD,FAILED,INSUFFICIENT_FUNDS,22,2,24,6,WALLET,13,Wednesday,0
TXN_007399,CUST_09857,19324.34,UPI,FAILED,BANK_SERVER_DOWN,30,21,8,8,UPI,18,Wednesday,0
TXN_007401,CUST_08681,9805.89,CARD,FAILED,INSUFFICIENT_FUNDS,43,9,5,8,CARD,21,Friday,1
TXN_007407,CUST_02988,16985.2,NETBANKING,FAILED,BANK_SERVER_DOWN,30,29,6,8,NETBANKING,10,Friday,0
TXN_007418,CUST_06554,14081.47,WALLET,FAILED,OTP_FAILURE,18,12,23,9,CARD,19,Thursday,0
TXN_007426,CUST_08517,8222.82,CARD,FAILED,LIMIT_EXCEEDED,47,11,22,10,UPI,9,Sunday,0
TXN_007431,CUST_07851,7157.91,NETBANKING,FAILED,OTP_FAILURE,53,11,9,9,UPI,14,Thursday,0
TXN_007436,CUST_05228,6099.09,WALLET,FAILED,BANK_SERVER_DOWN,49,1,23,8,CARD,9,Sunday,0
TXN_007459,CUST_01973,184.06,WALLET,FAILED,INSUFFICIENT_FUNDS,32,2,4,2,NETBANKING,7,Wednesday,0
TXN_007468,CUST_06153,20047.36,WALLET,FAILED,LIMIT_EXCEEDED,26,2,13,10,WALLET,18,Tuesday,0
TXN_007474,CUST_06418,13334.85,NETBANKING,FAILED,OTP_FAILURE,21,13,8,0,NETBANKING,0,Tuesday,0
TXN_007497,CUST_07853,18158.12,NETBANKING,FAILED,NETWORK_ERROR,33,21,22,2,WALLET,10,Thursday,0
TXN_007500,CUST_09747,17243.25,WALLET,FAILED,INSUFFICIENT_FUNDS,40,21,16,5,NETBANKING,9,Saturday,0
TXN_007502,CUST_06496,13132.91,CARD,FAILED,NETWORK_ERROR,30,4,1,2,UPI,18,Thursday,1
TXN_007506,CUST_05438,15419.13,CARD,FAILED,BANK_TIMEOUT,38,24,13,9,NETBANKING,10,Wednesday,1
TXN_007519,CUST_01206,3943.78,UPI,FAILED,INSUFFICIENT_FUNDS,55,20,7,1,WALLET,7,Wednesday,0
TXN_007524,CUST_03799,14798.21,WALLET,FAILED,INSUFFICIENT_FUNDS,27,18,17,0,CARD,8,Sunday,0
TXN_007525,CUST_00138,20743.94,WALLET,FAILED,BANK_TIMEOUT,29,15,19,10,WALLET,15,Sunday,0
TXN_007535,CUST_03807,16610.97,NETBANKING,FAILED,BANK_TIMEOUT,41,21,10,6,UPI,9,Wednesday,1
TXN_007542,CUST_06864,2010.49,UPI,FAILED,INSUFFICIENT_FUNDS,24,7,9,9,CARD,14,Saturday,1
TXN_007553,CUST_09154,13370.15,UPI,FAILED,INSUFFICIENT_FUNDS,26,23,16,7,CARD,20,Friday,1
TXN_007561,CUST_07155,2238.61,UPI,FAILED,NETWORK_ERROR,34,8,16,5,UPI,12,Thursday,1
TXN_007565,CUST_05925,10780.25,NETBANKING,FAILED,BANK_SERVER_DOWN,25,14,15,1,WALLET,23,Sunday,1
TXN_007568,CUST_05756,18407.02,NETBANKING,FAILED,OTP_FAILURE,48,1,12,0,WALLET,9,Monday,0
TXN_007571,CUST_02942,14535.9,CARD,FAILED,BANK_SERVER_DOWN,33,5,4,0,NETBANKING,18,Wednesday,0
TXN_007575,CUST_03272,1636.38,CARD,FAILED,BANK_SERVER_DOWN,28,21,8,6,WALLET,2,Wednesday,0
TXN_007579,CUST_05372,2640.09,NETBANKING,FAILED,CARD_DECLINED,53,5,21,3,UPI,13,Saturday,0
TXN_007586,CUST_03785,11314.89,NETBANKING,FAILED,LIMIT_EXCEEDED,57,30,6,7,NETBANKING,9,Thursday,0
TXN_007590,CUST_09622,23138.76,WALLET,FAILED,BANK_TIMEOUT,48,5,4,7,WALLET,23,Sunday,1
TXN_007598,CUST_04249,12390.11,WALLET,FAILED,BANK_SERVER_DOWN,23,24,17,7,UPI,8,Monday,1
TXN_007614,CUST_08879,11424.46,UPI,FAILED,BANK_TIMEOUT,39,25,18,10,NETBANKING,19,Thursday,1
TXN_007628,CUST_03537,8574.29,CARD,FAILED,LIMIT_EXCEEDED,57,14,12,10,CARD,3,Tuesday,1
TXN_007632,CUST_06042,2710.54,WALLET,FAILED,OTP_FAILURE,59,16,24,10,NETBANKING,7,Monday,0
TXN_007641,CUST_08286,18774.9,CARD,FAILED,NETWORK_ERROR,49,11,5,6,NETBANKING,7,Wednesday,0
TXN_007653,CUST_06038,3264.18,NETBANKING,FAILED,CARD_DECLINED,55,24,23,0,CARD,21,Wednesday,0
TXN_007655,CUST_08984,1455.94,NETBANKING,FAILED,CARD_DECLINED,24,1,11,2,UPI,8,Monday,1
TXN_007676,CUST_03820,17451.28,UPI,FAILED,OTP_FAILURE,32,19,15,3,WALLET,4,Monday,0
TXN_007679,CUST_05540,12530.51,CARD,FAILED,LIMIT_EXCEEDED,37,2,8,2,CARD,9,Tuesday,0
TXN_007680,CUST_01534,13812.39,WALLET,FAILED,LIMIT_EXCEEDED,55,6,17,8,CARD,22,Monday,0
TXN_007681,CUST_09454,20317.0,NETBANKING,FAILED,LIMIT_EXCEEDED,22,17,14,2,WALLET,16,Sunday,0
TXN_007682,CUST_01199,7608.64,NETBANKING,FAILED,INSUFFICIENT_FUNDS,60,6,11,5,NETBANKING,7,Friday,1
TXN_007686,CUST_02638,8201.61,UPI,FAILED,CARD_DECLINED,30,3,10,9,CARD,22,Tuesday,1
TXN_007687,CUST_04567,22410.82,UPI,FAILED,INSUFFICIENT_FUNDS,56,28,7,5,NETBANKING,5,Monday,0
TXN_007689,CUST_07405,8881.96,UPI,FAILED,BANK_SERVER_DOWN,55,18,8,9,CARD,22,Monday,0
TXN_007691,CUST_07706,2857.03,WALLET,FAILED,OTP_FAILURE,22,28,17,3,NETBANKING,21,Thursday,0
TXN_007694,CUST_03234,18342.69,UPI,FAILED,INSUFFICIENT_FUNDS,23,11,3,6,CARD,20,Wednesday,0
TXN_007700,CUST_02579,11310.87,UPI,FAILED,BANK_TIMEOUT,39,17,23,2,CARD,7,Wednesday,1
TXN_007712,CUST_00320,5285.7,UPI,FAILED,OTP_FAILURE,52,13,8,6,NETBANKING,3,Saturday,0
TXN_007717,CUST_00867,20513.73,NETBANKING,FAILED,BANK_SERVER_DOWN,23,23,6,9,WALLET,17,Wednesday,0
TXN_007730,CUST_08614,4947.21,CARD,FAILED,CARD_DECLINED,31,12,15,7,WALLET,5,Monday,0
TXN_007732,CUST_09373,14414.12,CARD,FAILED,BANK_TIMEOUT,27,17,12,3,CARD,19,Tuesday,1
TXN_007734,CUST_06988,11170.49,UPI,FAILED,OTP_FAILURE,29,13,19,6,WALLET,13,Saturday,0
TXN_007737,CUST_08652,20448.01,WALLET,FAILED,BANK_SERVER_DOWN,49,9,2,5,CARD,7,Sunday,0
TXN_007738,CUST_03667,22583.62,CARD,FAILED,INSUFFICIENT_FUNDS,47,14,18,4,UPI,5,Friday,0
TXN_007740,CUST_00632,23294.62,CARD,FAILED,BANK_TIMEOUT,38,18,18,0,WALLET,21,Saturday,0
TXN_007745,CUST_01236,3975.48,NETBANKING,FAILED,CARD_DECLINED,50,10,8,2,UPI,13,Monday,0
TXN_007748,CUST_06855,12412.77,CARD,FAILED,BANK_TIMEOUT,53,4,17,8,WALLET,5,Tuesday,0
TXN_007777,CUST_09085,22880.08,NETBANKING,FAILED,BANK_TIMEOUT,33,8,17,9,CARD,10,Friday,1
TXN_007786,CUST_08374,8555.4,WALLET,FAILED,CARD_DECLINED,45,7,3,3,NETBANKING,11,Tuesday,0
TXN_007790,CUST_01424,20641.1,CARD,FAILED,BANK_TIMEOUT,38,6,6,5,CARD,17,Sunday,1
TXN_007791,CUST_00150,17606.57,NETBANKING,FAILED,OTP_FAILURE,23,20,24,0,CARD,14,Friday,0
TXN_007793,CUST_08824,13516.85,CARD,FAILED,OTP_FAILURE,58,17,18,1,NETBANKING,4,Saturday,0
TXN_007803,CUST_01886,2699.9,CARD,FAILED,BANK_TIMEOUT,56,4,20,9,UPI,5,Tuesday,1
TXN_007817,CUST_01517,11379.51,UPI,FAILED,LIMIT_EXCEEDED,33,9,14,5,CARD,21,Monday,0
TXN_007833,CUST_09250,10569.69,UPI,FAILED,NETWORK_ERROR,44,21,3,8,WALLET,15,Thursday,1
TXN_007842,CUST_08041,11525.56,NETBANKING,FAILED,LIMIT_EXCEEDED,35,9,20,5,NETBANKING,12,Sunday,1
TXN_007847,CUST_07694,12257.77,UPI,FAILED,INSUFFICIENT_FUNDS,29,22,10,7,CARD,12,Tuesday,0
TXN_007856,CUST_07390,1400.67,UPI,FAILED,OTP_FAILURE,30,21,22,4,NETBANKING,19,Friday,1
TXN_007858,CUST_00625,17416.41,UPI,FAILED,LIMIT_EXCEEDED,53,27,11,8,UPI,13,Sunday,1
TXN_007861,CUST_02716,3002.71,UPI,FAILED,INSUFFICIENT_FUNDS,26,12,5,5,CARD,18,Sunday,1
TXN_007873,CUST_06243,16949.67,CARD,FAILED,CARD_DECLINED,50,3,22,0,UPI,15,Saturday,0
TXN_007877,CUST_01564,3961.56,CARD,FAILED,OTP_FAILURE,38,10,18,9,NETBANKING,5,Monday,0
TXN_007887,CUST_07721,20249.93,CARD,FAILED,LIMIT_EXCEEDED,41,19,7,8,NETBANKING,3,Friday,0
TXN_007891,CUST_04310,11283.91,UPI,FAILED,INSUFFICIENT_FUNDS,22,15,19,8,NETBANKING,5,Friday,0
TXN_007897,CUST_03559,15587.52,CARD,FAILED,BANK_TIMEOUT,43,27,17,8,WALLET,1,Thursday,0
TXN_007914,CUST_00868,19708.98,NETBANKING,FAILED,NETWORK_ERROR,53,24,10,3,WALLET,2,Saturday,1
TXN_007915,CUST_01329,13152.32,NETBANKING,FAILED,BANK_SERVER_DOWN,42,28,24,1,WALLET,15,Friday,0
TXN_007918,CUST_04101,21281.37,WALLET,FAILED,INSUFFICIENT_FUNDS,30,28,24,4,WALLET,22,Wednesday,0
TXN_007919,CUST_01919,19498.34,NETBANKING,FAILED,INSUFFICIENT_FUNDS,48,18,6,10,UPI,9,Friday,0
TXN_007920,CUST_00771,8804.08,NETBANKING,FAILED,OTP_FAILURE,36,13,14,2,NETBANKING,14,Tuesday,1
TXN_007946,CUST_08966,16167.72,NETBANKING,FAILED,NETWORK_ERROR,56,26,5,2,WALLET,14,Thursday,0
TXN_007972,CUST_05521,11800.03,WALLET,FAILED,NETWORK_ERROR,30,20,23,3,CARD,20,Thursday,1
TXN_007979,CUST_07652,5582.63,CARD,FAILED,CARD_DECLINED,55,10,4,7,UPI,1,Thursday,0
TXN_007981,CUST_07538,24143.55,WALLET,FAILED,OTP_FAILURE,40,10,23,10,CARD,12,Wednesday,1
TXN_007982,CUST_08891,20852.62,CARD,FAILED,LIMIT_EXCEEDED,60,14,10,6,UPI,17,Sunday,0
TXN_007990,CUST_03108,1354.34,WALLET,FAILED,BANK_TIMEOUT,49,11,14,0,UPI,15,Tuesday,1
TXN_007992,CUST_09744,21696.44,NETBANKING,FAILED,OTP_FAILURE,31,28,14,10,CARD,15,Wednesday,0
TXN_007993,CUST_05387,5206.57,WALLET,FAILED,BANK_SERVER_DOWN,50,1,7,2,CARD,12,Thursday,0
TXN_008000,CUST_04904,22827.73,NETBANKING,FAILED,BANK_TIMEOUT,60,22,7,1,UPI,0,Saturday,1
TXN_008002,CUST_05839,1049.31,UPI,FAILED,NETWORK_ERROR,48,9,25,0,WALLET,12,Saturday,1
TXN_008003,CUST_00109,23719.3,CARD,FAILED,CARD_DECLINED,45,5,13,10,UPI,8,Friday,0
TXN_008020,CUST_04390,9122.29,NETBANKING,FAILED,OTP_FAILURE,59,27,13,7,NETBANKING,10,Friday,0
TXN_008026,CUST_00332,12143.8,NETBANKING,FAILED,BANK_SERVER_DOWN,32,24,15,5,CARD,11,Monday,0
TXN_008040,CUST_05491,14398.1,CARD,FAILED,OTP_FAILURE,40,9,3,10,NETBANKING,6,Monday,0
TXN_008042,CUST_09372,18298.93,CARD,FAILED,BANK_SERVER_DOWN,51,23,15,9,NETBANKING,10,Monday,0
TXN_008045,CUST_04762,251.21,CARD,FAILED,OTP_FAILURE,25,10,12,1,UPI,1,Tuesday,1
TXN_008047,CUST_03482,6058.31,NETBANKING,FAILED,OTP_FAILURE,37,16,4,7,NETBANKING,18,Friday,1
TXN_008050,CUST_03023,5163.98,NETBANKING,FAILED,CARD_DECLINED,50,9,22,7,NETBANKING,15,Saturday,1
TXN_008076,CUST_08433,7399.46,UPI,FAILED,BANK_TIMEOUT,24,5,10,10,CARD,21,Monday,1
TXN_008081,CUST_01406,17613.59,NETBANKING,FAILED,NETWORK_ERROR,36,26,19,2,WALLET,21,Friday,0
TXN_008086,CUST_07774,6983.28,CARD,FAILED,LIMIT_EXCEEDED,28,5,2,7,UPI,20,Friday,0
TXN_008088,CUST_03134,5373.39,UPI,FAILED,CARD_DECLINED,23,13,24,0,NETBANKING,7,Friday,1
TXN_008116,CUST_05546,886.79,UPI,FAILED,NETWORK_ERROR,53,21,5,2,CARD,8,Sunday,0
TXN_008121,CUST_07608,1121.57,CARD,FAILED,NETWORK_ERROR,40,20,7,2,UPI,18,Thursday,0
TXN_008124,CUST_02658,5325.45,WALLET,FAILED,LIMIT_EXCEEDED,32,1,15,6,UPI,10,Thursday,0
TXN_008131,CUST_01071,9075.28,CARD,FAILED,INSUFFICIENT_FUNDS,30,8,6,5,WALLET,9,Tuesday,0
TXN_008133,CUST_06438,3277.0,WALLET,FAILED,BANK_TIMEOUT,25,24,15,9,NETBANKING,23,Tuesday,1
TXN_008136,CUST_03347,13478.36,CARD,FAILED,BANK_TIMEOUT,19,14,7,0,CARD,7,Sunday,0
TXN_008138,CUST_05759,1602.08,WALLET,FAILED,LIMIT_EXCEEDED,36,18,21,5,WALLET,9,Tuesday,0
TXN_008139,CUST_06763,20901.07,WALLET,FAILED,CARD_DECLINED,31,15,7,3,UPI,18,Friday,0
TXN_008142,CUST_05378,17249.74,CARD,FAILED,CARD_DECLINED,22,21,3,1,CARD,18,Monday,0
TXN_008143,CUST_01144,7156.29,UPI,FAILED,CARD_DECLINED,47,27,21,7,WALLET,7,Thursday,0
TXN_008153,CUST_01345,4937.39,NETBANKING,FAILED,CARD_DECLINED,49,6,10,8,WALLET,18,Tuesday,1
TXN_008164,CUST_04842,2605.21,WALLET,FAILED,BANK_SERVER_DOWN,38,12,7,10,UPI,23,Monday,0
TXN_008175,CUST_05034,13697.62,CARD,FAILED,LIMIT_EXCEEDED,22,14,1,5,NETBANKING,23,Friday,0
TXN_008180,CUST_08970,7883.73,WALLET,FAILED,LIMIT_EXCEEDED,51,7,16,10,WALLET,13,Saturday,0
TXN_008203,CUST_02980,2334.14,UPI,FAILED,BANK_TIMEOUT,31,20,16,2,UPI,17,Saturday,1
TXN_008237,CUST_02242,5125.95,CARD,FAILED,BANK_TIMEOUT,52,16,5,0,WALLET,19,Wednesday,1
TXN_008245,CUST_01833,12424.5,NETBANKING,FAILED,NETWORK_ERROR,42,16,8,2,WALLET,17,Monday,0
TXN_008246,CUST_08675,9966.6,CARD,FAILED,CARD_DECLINED,46,10,4,8,WALLET,8,Wednesday,0
TXN_008260,CUST_01364,5119.33,CARD,FAILED,BANK_SERVER_DOWN,54,1,18,9,CARD,7,Monday,1
TXN_008265,CUST_02208,9319.39,UPI,FAILED,NETWORK_ERROR,33,17,17,10,CARD,9,Friday,1
TXN_008273,CUST_03266,12514.09,CARD,FAILED,BANK_SERVER_DOWN,56,23,19,8,WALLET,1,Wednesday,0
TXN_008284,CUST_00013,20517.39,CARD,FAILED,BANK_TIMEOUT,19,8,8,1,WALLET,12,Saturday,0
TXN_008297,CUST_03217,5170.05,UPI,FAILED,CARD_DECLINED,45,12,22,1,WALLET,10,Friday,0
TXN_008306,CUST_06680,2272.0,UPI,FAILED,NETWORK_ERROR,20,18,12,2,CARD,1,Tuesday,1
TXN_008309,CUST_00733,17064.31,NETBANKING,FAILED,BANK_TIMEOUT,22,27,25,4,CARD,5,Tuesday,0
TXN_008315,CUST_06552,7990.02,WALLET,FAILED,BANK_SERVER_DOWN,30,6,5,4,CARD,7,Monday,0
TXN_008320,CUST_00104,8289.26,CARD,FAILED,INSUFFICIENT_FUNDS,55,27,9,0,WALLET,15,Thursday,0
TXN_008323,CUST_04193,14979.46,CARD,FAILED,OTP_FAILURE,28,4,4,9,CARD,23,Friday,0
TXN_008328,CUST_05631,1880.78,CARD,FAILED,NETWORK_ERROR,57,29,22,3,WALLET,1,Tuesday,0
TXN_008331,CUST_01189,4580.7,NETBANKING,FAILED,CARD_DECLINED,53,29,6,4,UPI,12,Tuesday,1
TXN_008337,CUST_02578,12573.98,CARD,FAILED,BANK_SERVER_DOWN,39,6,16,7,CARD,10,Friday,0
TXN_008339,CUST_06675,24931.6,UPI,FAILED,LIMIT_EXCEEDED,37,25,9,5,CARD,19,Monday,0
TXN_008340,CUST_04808,24325.99,WALLET,FAILED,OTP_FAILURE,60,12,17,4,WALLET,5,Friday,1
TXN_008341,CUST_00647,13411.62,NETBANKING,FAILED,BANK_SERVER_DOWN,32,7,25,0,UPI,0,Tuesday,0
TXN_008344,CUST_01017,7007.08,WALLET,FAILED,NETWORK_ERROR,55,12,15,5,CARD,13,Monday,1
TXN_008346,CUST_07627,3680.93,NETBANKING,FAILED,OTP_FAILURE,27,24,4,10,UPI,15,Tuesday,0
TXN_008348,CUST_05165,24302.23,UPI,FAILED,OTP_FAILURE,42,20,9,7,UPI,8,Monday,0
TXN_008349,CUST_02196,21431.84,UPI,FAILED,CARD_DECLINED,24,17,8,0,UPI,22,Monday,1
TXN_008350,CUST_01558,2049.55,NETBANKING,FAILED,CARD_DECLINED,47,10,19,3,UPI,17,Wednesday,0
TXN_008361,CUST_01049,14872.1,UPI,FAILED,NETWORK_ERROR,28,10,7,9,CARD,0,Friday,1
TXN_008362,CUST_07223,21923.08,WALLET,FAILED,BANK_TIMEOUT,39,29,5,9,NETBANKING,6,Thursday,1
TXN_008390,CUST_03956,4322.05,CARD,FAILED,CARD_DECLINED,40,14,13,10,UPI,13,Wednesday,0
TXN_008397,CUST_07407,18041.73,NETBANKING,FAILED,CARD_DECLINED,58,28,14,7,CARD,21,Wednesday,0
TXN_008399,CUST_03117,9241.16,NETBANKING,FAILED,OTP_FAILURE,30,9,16,1,NETBANKING,8,Friday,1
TXN_008403,CUST_00290,9606.95,UPI,FAILED,INSUFFICIENT_FUNDS,60,4,4,8,CARD,2,Saturday,0
TXN_008406,CUST_05091,8256.39,WALLET,FAILED,CARD_DECLINED,44,13,22,10,CARD,1,Friday,0
TXN_008408,CUST_06503,23940.49,UPI,FAILED,OTP_FAILURE,20,9,5,7,NETBANKING,22,Monday,0
TXN_008416,CUST_05608,19982.17,CARD,FAILED,INSUFFICIENT_FUNDS,47,13,7,0,UPI,4,Saturday,0
TXN_008422,CUST_01477,15686.19,NETBANKING,FAILED,CARD_DECLINED,36,27,2,1,WALLET,13,Wednesday,0
TXN_008428,CUST_00831,8299.59,UPI,FAILED,BANK_SERVER_DOWN,36,16,19,1,NETBANKING,7,Wednesday,1
TXN_008429,CUST_04263,2855.65,CARD,FAILED,OTP_FAILURE,57,7,19,8,UPI,11,Wednesday,1
TXN_008433,CUST_03600,2522.02,NETBANKING,FAILED,INSUFFICIENT_FUNDS,49,11,4,8,WALLET,10,Tuesday,1
TXN_008436,CUST_02884,7714.64,NETBANKING,FAILED,CARD_DECLINED,36,1,15,9,CARD,1,Sunday,0
TXN_008443,CUST_04180,6697.57,UPI,FAILED,BANK_TIMEOUT,42,23,22,7,UPI,10,Tuesday,1
TXN_008476,CUST_08356,22772.91,NETBANKING,FAILED,NETWORK_ERROR,41,26,13,1,UPI,14,Sunday,1
TXN_008477,CUST_05163,10675.78,WALLET,FAILED,BANK_SERVER_DOWN,55,7,19,2,CARD,15,Monday,0
TXN_008479,CUST_08235,2125.72,NETBANKING,FAILED,NETWORK_ERROR,41,4,10,0,CARD,10,Thursday,1
TXN_008499,CUST_03973,1376.97,WALLET,FAILED,INSUFFICIENT_FUNDS,19,7,23,0,UPI,7,Friday,0
TXN_008503,CUST_01416,14146.25,NETBANKING,FAILED,BANK_TIMEOUT,58,1,8,9,CARD,4,Wednesday,1
TXN_008515,CUST_04934,20131.12,NETBANKING,FAILED,NETWORK_ERROR,45,20,8,5,CARD,12,Monday,1
TXN_008516,CUST_04579,7522.75,WALLET,FAILED,OTP_FAILURE,20,24,5,9,WALLET,7,Monday,1
TXN_008517,CUST_09052,5859.36,UPI,FAILED,BANK_TIMEOUT,26,21,11,2,NETBANKING,10,Wednesday,1
TXN_008527,CUST_05803,16136.08,UPI,FAILED,NETWORK_ERROR,52,28,10,6,CARD,20,Thursday,0
TXN_008536,CUST_05791,20938.46,UPI,FAILED,INSUFFICIENT_FUNDS,33,24,23,9,UPI,17,Friday,0
TXN_008541,CUST_00935,16568.38,UPI,FAILED,INSUFFICIENT_FUNDS,50,4,8,6,WALLET,5,Monday,0
TXN_008545,CUST_02953,18208.7,NETBANKING,FAILED,CARD_DECLINED,23,16,21,0,WALLET,11,Friday,0
TXN_008552,CUST_01115,1711.11,WALLET,FAILED,INSUFFICIENT_FUNDS,34,2,17,6,CARD,9,Monday,0
TXN_008555,CUST_07567,15049.2,NETBANKING,FAILED,LIMIT_EXCEEDED,32,1,14,9,CARD,4,Thursday,0
TXN_008556,CUST_02750,3234.38,CARD,FAILED,CARD_DECLINED,38,6,17,7,CARD,15,Wednesday,1
TXN_008558,CUST_07750,4490.77,WALLET,FAILED,CARD_DECLINED,24,8,16,2,CARD,9,Thursday,0
TXN_008565,CUST_09040,10191.38,CARD,FAILED,LIMIT_EXCEEDED,39,14,3,1,UPI,8,Sunday,0
TXN_008576,CUST_00258,21996.76,CARD,FAILED,INSUFFICIENT_FUNDS,45,7,13,9,WALLET,18,Wednesday,0
TXN_008578,CUST_05217,18391.7,CARD,FAILED,BANK_SERVER_DOWN,37,10,15,8,WALLET,9,Thursday,0
TXN_008586,CUST_02255,23460.62,UPI,FAILED,LIMIT_EXCEEDED,30,16,9,0,WALLET,15,Saturday,0
TXN_008590,CUST_06403,22894.84,CARD,FAILED,NETWORK_ERROR,60,24,10,2,WALLET,23,Thursday,1
TXN_008598,CUST_03429,12344.3,WALLET,FAILED,NETWORK_ERROR,55,12,20,1,UPI,12,Sunday,1
TXN_008601,CUST_07643,1018.32,UPI,FAILED,BANK_SERVER_DOWN,28,24,15,7,WALLET,1,Wednesday,0
TXN_008604,CUST_07546,23463.94,UPI,FAILED,CARD_DECLINED,41,3,22,5,NETBANKING,15,Wednesday,0
TXN_008612,CUST_02363,6483.12,WALLET,FAILED,BANK_SERVER_DOWN,55,27,22,7,WALLET,12,Monday,1
TXN_008618,CUST_06188,16617.51,CARD,FAILED,OTP_FAILURE,46,16,14,3,NETBANKING,4,Sunday,1
TXN_008619,CUST_08631,5556.53,WALLET,FAILED,NETWORK_ERROR,53,5,3,1,NETBANKING,22,Saturday,0
TXN_008624,CUST_01920,21146.29,WALLET,FAILED,OTP_FAILURE,59,25,23,1,WALLET,2,Sunday,0
TXN_008625,CUST_00238,17267.01,WALLET,FAILED,OTP_FAILURE,27,4,16,3,WALLET,8,Tuesday,1
TXN_008637,CUST_06791,3529.83,CARD,FAILED,CARD_DECLINED,32,28,18,5,UPI,8,Tuesday,0
TXN_008640,CUST_07246,12307.59,WALLET,FAILED,BANK_SERVER_DOWN,29,27,24,8,CARD,9,Monday,0
TXN_008646,CUST_05184,20713.77,UPI,FAILED,OTP_FAILURE,27,8,17,0,CARD,6,Thursday,0
TXN_008657,CUST_05913,2302.7,CARD,FAILED,OTP_FAILURE,32,24,21,2,WALLET,13,Saturday,0
TXN_008662,CUST_00525,24148.48,NETBANKING,FAILED,BANK_TIMEOUT,56,5,8,10,NETBANKING,13,Tuesday,1
TXN_008672,CUST_01693,21921.21,NETBANKING,FAILED,LIMIT_EXCEEDED,41,2,20,2,UPI,9,Saturday,0
TXN_008675,CUST_00130,12076.04,UPI,FAILED,BANK_SERVER_DOWN,33,15,5,2,CARD,18,Friday,0
TXN_008679,CUST_07833,22140.12,UPI,FAILED,OTP_FAILURE,28,25,18,8,NETBANKING,18,Friday,0
TXN_008696,CUST_05158,19557.23,NETBANKING,FAILED,NETWORK_ERROR,36,24,3,6,WALLET,10,Friday,0
TXN_008716,CUST_06494,14243.64,NETBANKING,FAILED,NETWORK_ERROR,25,22,8,8,CARD,23,Sunday,1
TXN_008719,CUST_06266,10108.08,NETBANKING,FAILED,CARD_DECLINED,55,13,12,3,WALLET,7,Wednesday,0
TXN_008729,CUST_09142,13451.12,NETBANKING,FAILED,CARD_DECLINED,19,23,1,6,NETBANKING,13,Monday,1
TXN_008748,CUST_05713,12679.37,NETBANKING,FAILED,NETWORK_ERROR,47,12,12,0,WALLET,18,Wednesday,1
TXN_008752,CUST_06458,6758.77,CARD,FAILED,CARD_DECLINED,22,2,2,1,UPI,0,Saturday,0
TXN_008754,CUST_03308,11103.24,UPI,FAILED,BANK_SERVER_DOWN,28,15,23,7,WALLET,1,Wednesday,0
TXN_008767,CUST_06026,4732.39,NETBANKING,FAILED,LIMIT_EXCEEDED,28,17,23,9,UPI,16,Sunday,1
TXN_008773,CUST_07580,19780.54,CARD,FAILED,CARD_DECLINED,44,2,1,3,WALLET,5,Saturday,0
TXN_008778,CUST_03406,24381.64,UPI,FAILED,BANK_TIMEOUT,34,13,9,1,CARD,18,Tuesday,0
TXN_008780,CUST_04173,17559.46,CARD,FAILED,LIMIT_EXCEEDED,53,10,22,6,NETBANKING,20,Tuesday,0
TXN_008784,CUST_09568,18392.08,NETBANKING,FAILED,NETWORK_ERROR,45,28,15,9,UPI,8,Saturday,0
TXN_008785,CUST_06322,16631.24,NETBANKING,FAILED,BANK_SERVER_DOWN,42,16,8,1,UPI,21,Monday,0
TXN_008789,CUST_03827,4206.33,NETBANKING,FAILED,OTP_FAILURE,36,10,23,4,WALLET,16,Saturday,0
TXN_008792,CUST_09332,13608.36,NETBANKING,FAILED,LIMIT_EXCEEDED,58,12,20,2,NETBANKING,17,Friday,0
TXN_008797,CUST_06390,1923.32,NETBANKING,FAILED,OTP_FAILURE,28,12,25,7,NETBANKING,2,Tuesday,0
TXN_008801,CUST_07584,23238.89,UPI,FAILED,INSUFFICIENT_FUNDS,27,25,15,5,NETBANKING,0,Monday,1
TXN_008805,CUST_02730,17407.08,NETBANKING,FAILED,NETWORK_ERROR,25,7,10,10,WALLET,20,Sunday,1
TXN_008807,CUST_04939,22273.15,UPI,FAILED,LIMIT_EXCEEDED,39,10,23,7,CARD,18,Wednesday,0
TXN_008819,CUST_06515,310.9,UPI,FAILED,OTP_FAILURE,41,11,15,3,UPI,23,Tuesday,1
TXN_008827,CUST_01820,11681.62,UPI,FAILED,OTP_FAILURE,33,21,6,0,NETBANKING,0,Wednesday,0
TXN_008835,CUST_01221,2246.92,UPI,FAILED,CARD_DECLINED,50,25,8,0,UPI,7,Friday,0
TXN_008837,CUST_07580,18863.21,UPI,FAILED,CARD_DECLINED,44,2,1,3,WALLET,15,Sunday,0
TXN_008843,CUST_03813,9201.55,CARD,FAILED,BANK_SERVER_DOWN,36,9,19,8,WALLET,1,Sunday,0
TXN_008844,CUST_01207,5975.34,WALLET,FAILED,INSUFFICIENT_FUNDS,42,19,11,6,NETBANKING,6,Thursday,0
TXN_008847,CUST_01704,7354.38,WALLET,FAILED,LIMIT_EXCEEDED,57,13,17,9,UPI,8,Monday,0
TXN_008849,CUST_00910,17331.92,WALLET,FAILED,NETWORK_ERROR,48,12,12,7,UPI,23,Saturday,1
TXN_008851,CUST_07239,18904.42,WALLET,FAILED,BANK_TIMEOUT,44,10,18,3,WALLET,23,Sunday,1
TXN_008858,CUST_02852,13771.15,UPI,FAILED,INSUFFICIENT_FUNDS,33,26,20,6,WALLET,14,Thursday,0
TXN_008863,CUST_06287,21712.17,WALLET,FAILED,LIMIT_EXCEEDED,25,26,11,10,CARD,3,Tuesday,0
TXN_008871,CUST_05223,4852.69,WALLET,FAILED,CARD_DECLINED,41,5,4,1,UPI,22,Sunday,0
TXN_008872,CUST_04889,19680.68,NETBANKING,FAILED,BANK_SERVER_DOWN,34,29,19,10,NETBANKING,22,Sunday,0
TXN_008875,CUST_09025,6538.21,NETBANKING,FAILED,INSUFFICIENT_FUNDS,33,9,23,4,UPI,10,Sunday,0
TXN_008877,CUST_04287,24590.28,CARD,FAILED,BANK_SERVER_DOWN,19,12,3,8,WALLET,16,Saturday,0
TXN_008878,CUST_00368,5933.96,CARD,FAILED,CARD_DECLINED,53,13,13,0,NETBANKING,17,Tuesday,0
TXN_008880,CUST_02447,24826.37,WALLET,FAILED,CARD_DECLINED,47,16,15,4,WALLET,15,Wednesday,0
TXN_008896,CUST_06604,22099.46,CARD,FAILED,CARD_DECLINED,29,28,14,8,WALLET,15,Wednesday,0
TXN_008897,CUST_01682,7927.14,UPI,FAILED,NETWORK_ERROR,26,13,5,8,WALLET,2,Thursday,1
TXN_008902,CUST_08784,19904.3,WALLET,FAILED,OTP_FAILURE,32,14,16,7,CARD,2,Wednesday,0
TXN_008905,CUST_01201,6768.01,WALLET,FAILED,LIMIT_EXCEEDED,57,29,1,2,WALLET,20,Sunday,0
TXN_008907,CUST_07659,13280.77,NETBANKING,FAILED,CARD_DECLINED,33,7,13,0,NETBANKING,13,Friday,0
TXN_008908,CUST_04258,16330.88,UPI,FAILED,BANK_SERVER_DOWN,36,2,15,3,WALLET,9,Tuesday,1
TXN_008917,CUST_04512,7845.77,UPI,FAILED,INSUFFICIENT_FUNDS,44,1,19,6,WALLET,1,Friday,1
TXN_008918,CUST_00322,13783.48,WALLET,FAILED,NETWORK_ERROR,57,19,20,10,NETBANKING,7,Saturday,1
TXN_008932,CUST_02682,16961.16,WALLET,FAILED,NETWORK_ERROR,19,13,23,9,UPI,7,Thursday,1
TXN_008953,CUST_06145,15088.24,NETBANKING,FAILED,BANK_SERVER_DOWN,43,5,23,7,CARD,5,Thursday,1
TXN_008954,CUST_02796,15458.23,WALLET,FAILED,LIMIT_EXCEEDED,19,5,5,4,UPI,21,Friday,0
TXN_008975,CUST_07581,3423.16,CARD,FAILED,BANK_SERVER_DOWN,33,30,7,5,UPI,15,Thursday,1
TXN_008976,CUST_01764,10670.98,WALLET,FAILED,LIMIT_EXCEEDED,22,17,1,6,UPI,2,Wednesday,0
TXN_008988,CUST_04600,8023.29,NETBANKING,FAILED,NETWORK_ERROR,50,22,23,4,WALLET,20,Tuesday,0
TXN_008992,CUST_09868,9932.5,NETBANKING,FAILED,INSUFFICIENT_FUNDS,36,1,1,3,CARD,19,Friday,0
TXN_009008,CUST_07711,2999.69,UPI,FAILED,BANK_TIMEOUT,18,18,8,8,UPI,19,Wednesday,0
TXN_009009,CUST_00837,12529.88,UPI,FAILED,CARD_DECLINED,39,26,14,8,WALLET,23,Sunday,0
TXN_009010,CUST_02158,17296.43,NETBANKING,FAILED,BANK_SERVER_DOWN,40,16,8,3,CARD,11,Sunday,0
TXN_009014,CUST_08647,22014.3,CARD,FAILED,INSUFFICIENT_FUNDS,20,15,19,0,CARD,1,Saturday,0
TXN_009018,CUST_03754,18817.87,NETBANKING,FAILED,BANK_SERVER_DOWN,60,17,2,9,CARD,21,Tuesday,0
TXN_009030,CUST_02262,18008.59,NETBANKING,FAILED,BANK_SERVER_DOWN,42,29,22,6,WALLET,11,Wednesday,0
TXN_009043,CUST_02749,17466.39,UPI,FAILED,OTP_FAILURE,48,21,24,10,NETBANKING,18,Friday,0
TXN_009050,CUST_08997,10469.04,WALLET,FAILED,LIMIT_EXCEEDED,21,17,2,10,CARD,17,Monday,0
TXN_009057,CUST_02540,8998.0,NETBANKING,FAILED,INSUFFICIENT_FUNDS,39,4,14,6,UPI,14,Thursday,0
TXN_009062,CUST_05856,3133.39,CARD,FAILED,CARD_DECLINED,54,26,5,10,UPI,11,Sunday,0
TXN_009070,CUST_09649,10966.08,NETBANKING,FAILED,INSUFFICIENT_FUNDS,43,15,23,1,NETBANKING,17,Sunday,1
TXN_009074,CUST_02450,16471.26,WALLET,FAILED,OTP_FAILURE,50,25,25,10,NETBANKING,23,Sunday,0
TXN_009076,CUST_09450,7271.45,CARD,FAILED,BANK_SERVER_DOWN,38,8,16,6,UPI,14,Sunday,0
TXN_009084,CUST_03525,3461.84,NETBANKING,FAILED,BANK_SERVER_DOWN,33,17,9,7,WALLET,12,Tuesday,0
TXN_009088,CUST_05516,18610.96,CARD,FAILED,CARD_DECLINED,32,20,14,7,NETBANKING,2,Tuesday,0
TXN_009091,CUST_02970,20805.68,NETBANKING,FAILED,INSUFFICIENT_FUNDS,22,14,9,2,WALLET,15,Sunday,0
TXN_009097,CUST_09831,18738.41,NETBANKING,FAILED,CARD_DECLINED,40,20,14,0,NETBANKING,13,Friday,0
TXN_009100,CUST_02092,20227.88,UPI,FAILED,LIMIT_EXCEEDED,48,7,24,6,NETBANKING,15,Saturday,0
TXN_009109,CUST_01313,22159.18,UPI,FAILED,OTP_FAILURE,21,9,21,0,NETBANKING,19,Friday,0
TXN_009112,CUST_00686,6218.46,CARD,FAILED,INSUFFICIENT_FUNDS,40,14,11,3,CARD,5,Wednesday,0
TXN_009113,CUST_06227,12243.41,WALLET,FAILED,NETWORK_ERROR,48,14,10,0,CARD,7,Saturday,1
TXN_009120,CUST_09417,19796.54,WALLET,FAILED,CARD_DECLINED,32,26,13,2,CARD,20,Tuesday,0
TXN_009124,CUST_06318,16733.8,NETBANKING,FAILED,OTP_FAILURE,46,1,14,1,UPI,18,Saturday,0
TXN_009147,CUST_07037,23125.99,UPI,FAILED,BANK_SERVER_DOWN,56,22,14,5,NETBANKING,1,Wednesday,0
TXN_009149,CUST_03794,18211.55,CARD,FAILED,CARD_DECLINED,31,14,2,5,WALLET,22,Monday,0
TXN_009150,CUST_01228,11189.81,WALLET,FAILED,BANK_TIMEOUT,21,21,9,6,CARD,4,Friday,0
TXN_009158,CUST_08763,16737.57,UPI,FAILED,OTP_FAILURE,38,9,21,9,WALLET,17,Saturday,1
TXN_009189,CUST_06841,21577.63,UPI,FAILED,BANK_TIMEOUT,31,9,25,1,UPI,8,Thursday,0
TXN_009190,CUST_04683,4961.3,NETBANKING,FAILED,INSUFFICIENT_FUNDS,22,14,23,0,UPI,20,Tuesday,0
TXN_009196,CUST_06403,1455.27,CARD,FAILED,LIMIT_EXCEEDED,60,24,10,2,WALLET,3,Saturday,0
TXN_009198,CUST_09514,4333.67,WALLET,FAILED,NETWORK_ERROR,36,8,9,9,WALLET,18,Friday,0
TXN_009222,CUST_01113,2788.88,UPI,FAILED,INSUFFICIENT_FUNDS,26,27,17,7,NETBANKING,1,Monday,0
TXN_009234,CUST_07056,20759.36,WALLET,FAILED,LIMIT_EXCEEDED,44,29,10,6,CARD,1,Wednesday,0
TXN_009235,CUST_05816,423.78,WALLET,FAILED,NETWORK_ERROR,44,9,20,1,UPI,5,Wednesday,1
TXN_009241,CUST_05606,10449.51,WALLET,FAILED,INSUFFICIENT_FUNDS,41,28,17,7,UPI,23,Monday,0
TXN_009245,CUST_06300,10142.15,CARD,FAILED,BANK_SERVER_DOWN,26,10,19,5,CARD,23,Friday,0
TXN_009247,CUST_09857,10001.5,CARD,FAILED,NETWORK_ERROR,30,21,8,8,UPI,0,Friday,0
TXN_009256,CUST_09547,16019.21,CARD,FAILED,CARD_DECLINED,49,19,12,9,WALLET,2,Tuesday,0
TXN_009269,CUST_01906,9261.13,UPI,FAILED,BANK_TIMEOUT,22,26,15,0,UPI,11,Saturday,1
TXN_009273,CUST_00138,4388.87,NETBANKING,FAILED,CARD_DECLINED,29,15,19,10,WALLET,2,Thursday,0
TXN_009279,CUST_07331,24139.85,UPI,FAILED,LIMIT_EXCEEDED,36,1,18,9,WALLET,0,Tuesday,1
TXN_009281,CUST_07641,16313.59,WALLET,FAILED,INSUFFICIENT_FUNDS,28,18,14,9,WALLET,20,Wednesday,1
TXN_009291,CUST_00892,7703.25,UPI,FAILED,LIMIT_EXCEEDED,46,8,18,7,UPI,4,Thursday,0
TXN_009294,CUST_09100,24844.69,WALLET,FAILED,INSUFFICIENT_FUNDS,57,14,10,6,NETBANKING,12,Sunday,1
TXN_009301,CUST_05413,19684.38,WALLET,FAILED,BANK_TIMEOUT,28,24,13,8,CARD,22,Thursday,1
TXN_009309,CUST_03963,12085.12,UPI,FAILED,BANK_TIMEOUT,38,13,13,1,WALLET,12,Tuesday,0
TXN_009321,CUST_07988,13144.16,WALLET,FAILED,LIMIT_EXCEEDED,58,10,12,0,WALLET,1,Monday,0
TXN_009331,CUST_04624,24742.82,UPI,FAILED,INSUFFICIENT_FUNDS,20,9,2,2,WALLET,20,Monday,0
TXN_009333,CUST_08319,4836.7,NETBANKING,FAILED,BANK_TIMEOUT,43,11,8,1,WALLET,13,Tuesday,1
TXN_009334,CUST_05298,4693.24,NETBANKING,FAILED,BANK_SERVER_DOWN,54,14,15,9,WALLET,7,Wednesday,1
TXN_009336,CUST_09759,16819.69,NETBANKING,FAILED,OTP_FAILURE,27,2,12,8,UPI,14,Monday,0
TXN_009338,CUST_07837,5001.36,NETBANKING,FAILED,CARD_DECLINED,25,4,16,10,CARD,8,Thursday,0
TXN_009340,CUST_04516,3696.85,WALLET,FAILED,NETWORK_ERROR,34,20,14,3,UPI,20,Wednesday,1
TXN_009347,CUST_07437,4476.85,UPI,FAILED,NETWORK_ERROR,53,9,10,6,UPI,0,Monday,1
TXN_009351,CUST_01267,7785.37,NETBANKING,FAILED,INSUFFICIENT_FUNDS,46,23,7,7,CARD,4,Tuesday,0
TXN_009355,CUST_01606,5769.73,UPI,FAILED,INSUFFICIENT_FUNDS,32,23,18,1,NETBANKING,23,Wednesday,0
TXN_009356,CUST_06098,8803.21,CARD,FAILED,INSUFFICIENT_FUNDS,60,4,10,8,WALLET,20,Monday,0
TXN_009357,CUST_07829,245.81,UPI,FAILED,OTP_FAILURE,21,16,6,9,CARD,13,Tuesday,0
TXN_009365,CUST_06908,6123.66,CARD,FAILED,BANK_TIMEOUT,28,22,16,6,CARD,8,Friday,1
TXN_009369,CUST_09811,10313.7,UPI,FAILED,INSUFFICIENT_FUNDS,32,14,24,2,NETBANKING,20,Tuesday,0
TXN_009383,CUST_09316,22478.99,UPI,FAILED,NETWORK_ERROR,45,25,24,2,WALLET,15,Saturday,1
TXN_009387,CUST_06006,16257.46,NETBANKING,FAILED,NETWORK_ERROR,33,21,9,0,NETBANKING,1,Saturday,0
TXN_009389,CUST_08599,1139.01,NETBANKING,FAILED,BANK_SERVER_DOWN,20,28,20,1,CARD,1,Thursday,0
TXN_009395,CUST_04105,12099.33,UPI,FAILED,OTP_FAILURE,56,13,11,7,UPI,12,Tuesday,0
TXN_009396,CUST_04714,2385.66,NETBANKING,FAILED,BANK_SERVER_DOWN,39,27,7,3,UPI,10,Thursday,0
TXN_009397,CUST_09583,23094.78,CARD,FAILED,LIMIT_EXCEEDED,34,18,15,5,WALLET,6,Monday,0
TXN_009398,CUST_00738,568.77,WALLET,FAILED,CARD_DECLINED,24,27,4,7,CARD,18,Thursday,0
TXN_009408,CUST_04178,14418.46,NETBANKING,FAILED,BANK_TIMEOUT,49,10,11,5,UPI,18,Saturday,1
TXN_009418,CUST_08795,11488.46,NETBANKING,FAILED,BANK_TIMEOUT,48,19,10,9,CARD,4,Wednesday,1
TXN_009426,CUST_00937,2446.09,WALLET,FAILED,BANK_SERVER_DOWN,43,14,18,9,NETBANKING,4,Thursday,0
TXN_009450,CUST_05565,12799.2,CARD,FAILED,BANK_TIMEOUT,19,6,5,2,NETBANKING,1,Monday,0
TXN_009455,CUST_05637,13977.86,UPI,FAILED,CARD_DECLINED,57,29,12,2,UPI,14,Monday,1
TXN_009476,CUST_07891,20256.6,CARD,FAILED,BANK_TIMEOUT,28,17,8,9,WALLET,1,Friday,1
TXN_009478,CUST_06888,9292.18,WALLET,FAILED,LIMIT_EXCEEDED,35,24,2,7,WALLET,12,Monday,0
TXN_009479,CUST_01054,16430.55,UPI,FAILED,BANK_SERVER_DOWN,53,3,4,10,CARD,20,Thursday,0
TXN_009482,CUST_00427,10393.92,CARD,FAILED,OTP_FAILURE,55,16,13,10,UPI,9,Thursday,1
TXN_009486,CUST_07303,14959.8,CARD,FAILED,BANK_SERVER_DOWN,43,29,11,1,WALLET,8,Wednesday,0
TXN_009487,CUST_09774,17609.35,CARD,FAILED,NETWORK_ERROR,55,1,4,5,WALLET,23,Thursday,0
TXN_009491,CUST_00745,20619.9,UPI,FAILED,INSUFFICIENT_FUNDS,32,26,12,2,CARD,15,Friday,0
TXN_009504,CUST_00668,2923.98,CARD,FAILED,INSUFFICIENT_FUNDS,26,21,11,0,UPI,13,Tuesday,0
TXN_009507,CUST_07840,1486.75,CARD,FAILED,LIMIT_EXCEEDED,46,25,18,1,WALLET,7,Saturday,0
TXN_009510,CUST_08531,2567.26,UPI,FAILED,OTP_FAILURE,59,14,8,7,CARD,20,Thursday,1
TXN_009513,CUST_06149,18646.77,CARD,FAILED,LIMIT_EXCEEDED,23,18,18,6,NETBANKING,5,Wednesday,0
TXN_009516,CUST_00332,5000.34,CARD,FAILED,BANK_SERVER_DOWN,32,24,15,5,CARD,8,Tuesday,1
TXN_009518,CUST_06357,3944.39,NETBANKING,FAILED,OTP_FAILURE,23,23,13,4,CARD,18,Friday,1
TXN_009521,CUST_04615,21934.17,NETBANKING,FAILED,OTP_FAILURE,59,4,3,1,UPI,12,Monday,0
TXN_009527,CUST_07175,18429.52,UPI,FAILED,BANK_SERVER_DOWN,24,10,2,1,NETBANKING,9,Saturday,0
TXN_009532,CUST_05596,2124.53,NETBANKING,FAILED,CARD_DECLINED,48,27,22,10,UPI,1,Friday,0
TXN_009534,CUST_03009,1462.63,UPI,FAILED,INSUFFICIENT_FUNDS,31,14,11,3,NETBANKING,4,Thursday,0
TXN_009541,CUST_07268,2486.03,WALLET,FAILED,CARD_DECLINED,26,29,19,8,UPI,17,Wednesday,0
TXN_009542,CUST_08012,18321.16,NETBANKING,FAILED,CARD_DECLINED,45,29,22,3,NETBANKING,5,Saturday,0
TXN_009543,CUST_06734,14180.77,CARD,FAILED,NETWORK_ERROR,58,30,8,3,WALLET,11,Friday,0
TXN_009546,CUST_09456,23453.89,CARD,FAILED,OTP_FAILURE,26,25,7,1,UPI,4,Tuesday,0
TXN_009553,CUST_04758,7910.25,CARD,FAILED,BANK_SERVER_DOWN,20,28,22,6,CARD,1,Sunday,0
TXN_009558,CUST_05824,4757.32,NETBANKING,FAILED,LIMIT_EXCEEDED,51,29,10,1,CARD,23,Thursday,1
TXN_009572,CUST_02389,14616.37,UPI,FAILED,CARD_DECLINED,45,6,21,7,NETBANKING,22,Saturday,0
TXN_009581,CUST_03506,14264.89,UPI,FAILED,INSUFFICIENT_FUNDS,56,4,7,9,CARD,20,Saturday,0
TXN_009584,CUST_05560,5020.9,UPI,FAILED,NETWORK_ERROR,21,9,17,4,CARD,22,Wednesday,0
TXN_009588,CUST_00999,9528.93,CARD,FAILED,LIMIT_EXCEEDED,36,26,17,0,UPI,6,Wednesday,0
TXN_009592,CUST_06361,17082.39,WALLET,FAILED,CARD_DECLINED,33,20,8,4,NETBANKING,18,Friday,0
TXN_009596,CUST_03441,8797.18,UPI,FAILED,INSUFFICIENT_FUNDS,38,19,11,5,WALLET,10,Monday,0
TXN_009615,CUST_05806,22880.78,WALLET,FAILED,CARD_DECLINED,22,17,13,3,UPI,17,Friday,0
TXN_009623,CUST_07785,13154.97,UPI,FAILED,BANK_SERVER_DOWN,37,7,12,2,NETBANKING,8,Wednesday,0
TXN_009629,CUST_09559,2292.03,UPI,FAILED,OTP_FAILURE,56,18,24,10,NETBANKING,13,Monday,1
TXN_009634,CUST_01404,5530.86,UPI,FAILED,NETWORK_ERROR,32,5,1,9,WALLET,17,Monday,1
TXN_009642,CUST_09198,17454.32,WALLET,FAILED,NETWORK_ERROR,49,26,24,9,WALLET,6,Saturday,1
TXN_009644,CUST_04455,24984.74,WALLET,FAILED,BANK_TIMEOUT,32,24,14,9,WALLET,19,Wednesday,1
TXN_009646,CUST_08435,19108.45,WALLET,FAILED,BANK_TIMEOUT,19,12,7,5,WALLET,9,Monday,1
TXN_009647,CUST_05366,22907.34,NETBANKING,FAILED,LIMIT_EXCEEDED,60,28,12,2,UPI,4,Friday,0
TXN_009657,CUST_00445,14808.55,UPI,FAILED,NETWORK_ERROR,58,7,4,9,CARD,3,Sunday,0
TXN_009660,CUST_02567,16950.12,WALLET,FAILED,CARD_DECLINED,20,22,16,4,NETBANKING,4,Thursday,0
TXN_009666,CUST_02884,21703.99,WALLET,FAILED,CARD_DECLINED,36,1,15,9,CARD,0,Thursday,0
TXN_009667,CUST_04160,22023.47,NETBANKING,FAILED,BANK_TIMEOUT,26,27,18,1,CARD,22,Sunday,0
TXN_009676,CUST_09111,18667.2,UPI,FAILED,CARD_DECLINED,57,23,3,7,CARD,22,Monday,0
TXN_009677,CUST_02003,5657.13,NETBANKING,FAILED,INSUFFICIENT_FUNDS,58,12,20,4,CARD,13,Sunday,0
TXN_009679,CUST_02551,3320.26,UPI,FAILED,CARD_DECLINED,47,10,23,5,NETBANKING,6,Friday,0
TXN_009681,CUST_09979,18362.69,UPI,FAILED,LIMIT_EXCEEDED,60,27,7,6,NETBANKING,4,Monday,0
TXN_009688,CUST_03503,4818.47,CARD,FAILED,OTP_FAILURE,38,16,1,5,CARD,4,Thursday,0
TXN_009694,CUST_02283,20149.67,WALLET,FAILED,INSUFFICIENT_FUNDS,20,19,3,6,UPI,22,Saturday,0
TXN_009696,CUST_08208,24584.57,UPI,FAILED,NETWORK_ERROR,56,18,18,6,NETBANKING,4,Saturday,1
TXN_009712,CUST_03937,11278.42,WALLET,FAILED,CARD_DECLINED,30,17,22,1,NETBANKING,2,Tuesday,0
TXN_009714,CUST_05480,18810.05,UPI,FAILED,BANK_SERVER_DOWN,27,17,23,4,CARD,12,Thursday,0
TXN_009718,CUST_05501,1618.46,UPI,FAILED,CARD_DECLINED,44,7,20,5,WALLET,21,Tuesday,1
TXN_009729,CUST_03278,10779.24,WALLET,FAILED,OTP_FAILURE,55,2,23,6,UPI,19,Thursday,0
TXN_009731,CUST_02922,7923.46,UPI,FAILED,BANK_TIMEOUT,38,15,18,10,CARD,11,Monday,1
TXN_009737,CUST_00292,19023.43,NETBANKING,FAILED,INSUFFICIENT_FUNDS,30,29,23,8,CARD,8,Saturday,0
TXN_009749,CUST_08807,18807.77,UPI,FAILED,INSUFFICIENT_FUNDS,30,1,11,6,NETBANKING,0,Thursday,0
TXN_009761,CUST_02317,5218.88,UPI,FAILED,CARD_DECLINED,26,30,5,7,WALLET,19,Wednesday,0
TXN_009767,CUST_06706,19173.64,WALLET,FAILED,CARD_DECLINED,26,26,5,3,CARD,2,Friday,0
TXN_009775,CUST_04009,3463.09,WALLET,FAILED,OTP_FAILURE,57,8,15,3,NETBANKING,9,Wednesday,0
TXN_009779,CUST_06038,1317.5,UPI,FAILED,NETWORK_ERROR,55,24,23,0,CARD,10,Thursday,0
TXN_009785,CUST_00229,22445.1,NETBANKING,FAILED,INSUFFICIENT_FUNDS,54,24,13,2,CARD,17,Sunday,1
TXN_009804,CUST_00942,9289.11,CARD,FAILED,BANK_TIMEOUT,30,18,19,4,UPI,4,Thursday,0
TXN_009808,CUST_05311,837.33,WALLET,FAILED,OTP_FAILURE,19,16,6,4,CARD,5,Wednesday,1
TXN_009812,CUST_07599,24463.7,NETBANKING,FAILED,LIMIT_EXCEEDED,44,18,6,6,CARD,22,Wednesday,0
TXN_009824,CUST_09748,142.13,UPI,FAILED,CARD_DECLINED,52,9,24,2,NETBANKING,22,Friday,1
TXN_009833,CUST_02170,8811.97,NETBANKING,FAILED,LIMIT_EXCEEDED,50,12,21,9,UPI,5,Thursday,0
TXN_009837,CUST_07356,4131.64,CARD,FAILED,OTP_FAILURE,33,4,16,9,UPI,3,Monday,0
TXN_009852,CUST_05934,10674.85,UPI,FAILED,BANK_TIMEOUT,51,17,23,0,NETBANKING,15,Monday,1
TXN_009859,CUST_08743,2115.0,CARD,FAILED,INSUFFICIENT_FUNDS,47,12,13,10,NETBANKING,3,Wednesday,0
TXN_009860,CUST_06049,3353.76,WALLET,FAILED,OTP_FAILURE,51,6,22,9,WALLET,15,Tuesday,1
TXN_009865,CUST_03216,4904.69,CARD,FAILED,NETWORK_ERROR,31,18,4,3,UPI,5,Friday,1
TXN_009885,CUST_04900,22737.03,NETBANKING,FAILED,LIMIT_EXCEEDED,34,9,5,3,CARD,8,Thursday,0
TXN_009888,CUST_07550,6262.98,UPI,FAILED,BANK_SERVER_DOWN,35,24,17,3,WALLET,23,Saturday,0
TXN_009894,CUST_03575,3084.65,CARD,FAILED,BANK_SERVER_DOWN,55,21,20,1,UPI,12,Wednesday,0
TXN_009908,CUST_09843,6799.81,UPI,FAILED,BANK_TIMEOUT,21,25,20,2,NETBANKING,8,Tuesday,0
TXN_009929,CUST_02424,21749.53,NETBANKING,FAILED,INSUFFICIENT_FUNDS,26,9,12,4,CARD,10,Friday,0
TXN_009940,CUST_01986,9482.28,WALLET,FAILED,INSUFFICIENT_FUNDS,19,6,16,8,CARD,1,Sunday,0
TXN_009956,CUST_01164,17914.25,UPI,FAILED,NETWORK_ERROR,20,22,24,0,UPI,11,Friday,0
TXN_009961,CUST_01741,4937.41,UPI,FAILED,CARD_DECLINED,51,29,24,9,CARD,1,Friday,0
TXN_009963,CUST_06652,21382.56,NETBANKING,FAILED,BANK_TIMEOUT,57,12,13,0,UPI,10,Tuesday,0
TXN_009966,CUST_02287,3268.42,UPI,FAILED,NETWORK_ERROR,60,2,11,7,UPI,7,Friday,1
TXN_009968,CUST_04241,4926.83,UPI,FAILED,LIMIT_EXCEEDED,49,25,5,6,NETBANKING,13,Friday,1
TXN_009972,CUST_09624,14186.12,NETBANKING,FAILED,BANK_TIMEOUT,56,13,22,2,UPI,19,Friday,1
TXN_009977,CUST_00668,9738.37,CARD,FAILED,BANK_TIMEOUT,26,21,11,0,UPI,6,Friday,1
TXN_009978,CUST_06235,7092.34,CARD,FAILED,LIMIT_EXCEEDED,32,2,8,9,NETBANKING,1,Thursday,0
TXN_009985,CUST_06752,1401.56,WALLET,FAILED,NETWORK_ERROR,55,3,20,3,CARD,20,Sunday,1
TXN_009988,CUST_06022,16083.3,CARD,FAILED,INSUFFICIENT_FUNDS,43,9,17,6,WALLET,2,Monday,0
TXN_009996,CUST_05230,15692.41,UPI,FAILED,BANK_SERVER_DOWN,56,21,23,3,CARD,4,Wednesday,0
TXN_009997,CUST_05090,5229.87,WALLET,FAILED,INSUFFICIENT_FUNDS,52,10,4,6,CARD,15,Monday,0
TXN_010000,CUST_09336,20244.75,CARD,FAILED,BANK_SERVER_DOWN,51,14,15,6,UPI,21,Monday,0
TXN_010001,CUST_08209,4300.71,CARD,FAILED,CARD_DECLINED,18,9,2,6,UPI,21,Tuesday,0
TXN_010002,CUST_00544,16781.85,UPI,FAILED,INSUFFICIENT_FUNDS,24,29,2,1,CARD,14,Tuesday,0
TXN_010009,CUST_05818,3534.82,CARD,FAILED,NETWORK_ERROR,48,17,5,2,WALLET,5,Friday,0
TXN_010011,CUST_05263,12931.76,CARD,FAILED,INSUFFICIENT_FUNDS,20,10,11,9,WALLET,8,Sunday,0
TXN_010018,CUST_04749,24140.62,NETBANKING,FAILED,BANK_TIMEOUT,23,20,15,4,WALLET,11,Sunday,1
TXN_010021,CUST_07016,15094.08,WALLET,FAILED,LIMIT_EXCEEDED,34,29,23,0,UPI,13,Friday,1
TXN_010034,CUST_03963,3546.43,NETBANKING,FAILED,BANK_TIMEOUT,38,13,13,1,WALLET,10,Friday,1
TXN_010042,CUST_05286,9283.59,UPI,FAILED,INSUFFICIENT_FUNDS,50,3,18,10,CARD,22,Tuesday,0
TXN_010048,CUST_05885,8704.53,UPI,FAILED,CARD_DECLINED,43,9,23,5,WALLET,6,Sunday,0
TXN_010049,CUST_08209,6802.1,UPI,FAILED,BANK_TIMEOUT,18,9,2,6,UPI,21,Monday,1
TXN_010052,CUST_02763,24449.75,CARD,FAILED,OTP_FAILURE,27,2,17,3,WALLET,14,Wednesday,0
TXN_010054,CUST_08562,1865.91,WALLET,FAILED,INSUFFICIENT_FUNDS,43,29,18,8,CARD,7,Saturday,0
TXN_010057,CUST_03151,19627.28,NETBANKING,FAILED,BANK_SERVER_DOWN,60,19,21,2,UPI,10,Tuesday,0
TXN_010060,CUST_03508,2740.22,CARD,FAILED,BANK_TIMEOUT,33,17,2,2,UPI,4,Tuesday,1
TXN_010065,CUST_07681,22392.69,UPI,FAILED,NETWORK_ERROR,56,9,25,0,WALLET,9,Sunday,0
TXN_010075,CUST_04811,24348.51,NETBANKING,FAILED,CARD_DECLINED,29,10,5,9,WALLET,9,Thursday,0
TXN_010077,CUST_06419,5218.52,NETBANKING,FAILED,CARD_DECLINED,53,19,20,8,UPI,10,Thursday,1
TXN_010089,CUST_02636,7538.09,CARD,FAILED,NETWORK_ERROR,33,29,8,4,CARD,7,Tuesday,1
TXN_010096,CUST_08469,7850.8,CARD,FAILED,CARD_DECLINED,48,6,1,9,WALLET,9,Monday,0
TXN_010105,CUST_08619,5011.63,NETBANKING,FAILED,LIMIT_EXCEEDED,56,19,7,2,CARD,8,Wednesday,0
TXN_010114,CUST_04674,7241.85,WALLET,FAILED,BANK_TIMEOUT,49,5,21,8,WALLET,11,Saturday,0
TXN_010115,CUST_00639,16756.94,UPI,FAILED,BANK_SERVER_DOWN,21,20,15,3,NETBANKING,15,Saturday,0
TXN_010119,CUST_09296,11482.35,NETBANKING,FAILED,OTP_FAILURE,47,8,3,3,UPI,2,Tuesday,0
TXN_010125,CUST_04894,15676.99,WALLET,FAILED,LIMIT_EXCEEDED,52,29,2,0,UPI,0,Sunday,0
TXN_010127,CUST_03262,23244.78,WALLET,FAILED,LIMIT_EXCEEDED,48,11,9,3,UPI,9,Saturday,0
TXN_010139,CUST_09295,6219.58,UPI,FAILED,NETWORK_ERROR,60,26,14,1,UPI,8,Monday,1
TXN_010141,CUST_05252,9386.8,WALLET,FAILED,OTP_FAILURE,46,8,16,5,CARD,5,Wednesday,0
TXN_010158,CUST_00492,9862.07,NETBANKING,FAILED,BANK_TIMEOUT,53,11,12,10,WALLET,9,Thursday,0
TXN_010163,CUST_05132,17316.73,NETBANKING,FAILED,NETWORK_ERROR,35,26,4,10,UPI,3,Saturday,0
TXN_010164,CUST_00516,13084.61,CARD,FAILED,BANK_SERVER_DOWN,45,28,2,9,NETBANKING,13,Saturday,0
TXN_010172,CUST_02991,19634.39,WALLET,FAILED,BANK_SERVER_DOWN,42,14,3,9,UPI,18,Monday,0
TXN_010178,CUST_08576,11178.13,WALLET,FAILED,INSUFFICIENT_FUNDS,43,21,20,4,CARD,0,Friday,0
TXN_010183,CUST_09454,12187.7,CARD,FAILED,NETWORK_ERROR,22,17,14,2,WALLET,16,Sunday,1
TXN_010184,CUST_07263,15238.41,UPI,FAILED,CARD_DECLINED,51,25,4,10,WALLET,5,Wednesday,0
TXN_010186,CUST_01194,8194.86,UPI,FAILED,BANK_SERVER_DOWN,18,23,7,5,WALLET,14,Tuesday,0
TXN_010191,CUST_09995,1965.64,NETBANKING,FAILED,BANK_TIMEOUT,39,15,19,6,UPI,0,Sunday,1
TXN_010196,CUST_07979,7459.91,WALLET,FAILED,CARD_DECLINED,55,8,8,9,UPI,15,Tuesday,0
TXN_010197,CUST_04845,24368.45,NETBANKING,FAILED,BANK_SERVER_DOWN,42,9,10,4,UPI,0,Tuesday,0
TXN_010214,CUST_03201,12650.23,NETBANKING,FAILED,LIMIT_EXCEEDED,42,11,13,7,UPI,16,Wednesday,1
TXN_010215,CUST_07629,16644.04,NETBANKING,FAILED,OTP_FAILURE,51,1,1,9,WALLET,13,Saturday,0
TXN_010229,CUST_00829,14097.08,WALLET,FAILED,BANK_TIMEOUT,60,14,6,2,UPI,20,Sunday,0
TXN_010235,CUST_05875,23426.57,NETBANKING,FAILED,CARD_DECLINED,47,14,14,1,WALLET,7,Tuesday,0
TXN_010238,CUST_02810,13548.79,NETBANKING,FAILED,CARD_DECLINED,49,3,16,4,WALLET,10,Tuesday,0
TXN_010265,CUST_07964,23180.65,CARD,FAILED,BANK_TIMEOUT,35,19,9,6,WALLET,19,Friday,0
TXN_010272,CUST_02263,15470.74,UPI,FAILED,LIMIT_EXCEEDED,30,15,10,1,CARD,11,Friday,0
TXN_010296,CUST_09994,12833.47,NETBANKING,FAILED,BANK_TIMEOUT,51,17,6,8,UPI,23,Friday,0
TXN_010309,CUST_04424,4642.39,CARD,FAILED,OTP_FAILURE,28,1,7,1,WALLET,5,Monday,0
TXN_010310,CUST_08880,21719.1,UPI,FAILED,BANK_SERVER_DOWN,20,22,10,5,CARD,22,Sunday,0
TXN_010312,CUST_00894,17312.04,NETBANKING,FAILED,NETWORK_ERROR,21,12,3,5,WALLET,17,Monday,0
TXN_010314,CUST_06982,15364.24,CARD,FAILED,CARD_DECLINED,33,21,7,7,CARD,19,Thursday,1
TXN_010322,CUST_01850,10680.54,WALLET,FAILED,LIMIT_EXCEEDED,48,22,14,9,UPI,1,Tuesday,0
TXN_010326,CUST_01059,10236.97,WALLET,FAILED,BANK_TIMEOUT,40,12,8,5,CARD,14,Wednesday,1
TXN_010328,CUST_00278,2046.2,CARD,FAILED,BANK_TIMEOUT,46,18,13,5,UPI,0,Friday,1
TXN_010330,CUST_03275,7535.8,CARD,FAILED,LIMIT_EXCEEDED,47,25,3,6,UPI,10,Friday,0
TXN_010333,CUST_02906,17228.9,CARD,FAILED,INSUFFICIENT_FUNDS,54,2,16,9,UPI,7,Sunday,0
TXN_010338,CUST_09735,24829.47,CARD,FAILED,BANK_SERVER_DOWN,28,10,10,5,WALLET,9,Thursday,0
TXN_010342,CUST_05323,21034.91,UPI,FAILED,OTP_FAILURE,38,20,10,6,NETBANKING,14,Tuesday,0
TXN_010343,CUST_04702,6747.08,UPI,FAILED,CARD_DECLINED,37,23,7,2,CARD,17,Tuesday,0
TXN_010354,CUST_08813,17459.36,UPI,FAILED,LIMIT_EXCEEDED,44,3,1,2,CARD,13,Saturday,0
TXN_010374,CUST_07292,1795.33,UPI,FAILED,LIMIT_EXCEEDED,19,8,7,9,NETBANKING,23,Wednesday,0
TXN_010376,CUST_01647,11335.84,CARD,FAILED,CARD_DECLINED,45,13,6,5,WALLET,16,Wednesday,0
TXN_010381,CUST_06961,23238.26,WALLET,FAILED,BANK_SERVER_DOWN,21,20,20,10,UPI,6,Monday,0
TXN_010385,CUST_07662,24091.76,CARD,FAILED,LIMIT_EXCEEDED,43,1,25,1,WALLET,17,Sunday,0
TXN_010389,CUST_08176,12743.78,WALLET,FAILED,LIMIT_EXCEEDED,38,15,9,0,UPI,5,Wednesday,0
TXN_010399,CUST_06985,11588.68,UPI,FAILED,INSUFFICIENT_FUNDS,21,29,4,8,WALLET,4,Sunday,0
TXN_010407,CUST_09250,18238.55,NETBANKING,FAILED,BANK_SERVER_DOWN,44,21,3,8,WALLET,15,Wednesday,0
TXN_010418,CUST_07259,2509.5,NETBANKING,FAILED,LIMIT_EXCEEDED,30,13,9,4,CARD,6,Sunday,0
TXN_010424,CUST_05130,19525.36,WALLET,FAILED,NETWORK_ERROR,45,17,16,3,UPI,16,Saturday,1
TXN_010435,CUST_07952,18236.84,WALLET,FAILED,LIMIT_EXCEEDED,46,20,20,0,WALLET,11,Friday,0
TXN_010455,CUST_08997,8472.94,WALLET,FAILED,LIMIT_EXCEEDED,21,17,2,10,CARD,2,Sunday,0
TXN_010460,CUST_09877,19375.33,WALLET,FAILED,BANK_TIMEOUT,39,27,12,8,NETBANKING,21,Friday,0
TXN_010462,CUST_06787,21610.59,UPI,FAILED,INSUFFICIENT_FUNDS,24,22,2,5,NETBANKING,6,Friday,0
TXN_010472,CUST_00466,7453.88,WALLET,FAILED,CARD_DECLINED,59,5,24,7,UPI,12,Tuesday,0
TXN_010475,CUST_01584,14988.61,CARD,FAILED,BANK_TIMEOUT,54,24,9,7,WALLET,20,Saturday,1
TXN_010476,CUST_09164,144.5,NETBANKING,FAILED,LIMIT_EXCEEDED,34,28,17,7,UPI,0,Tuesday,1
TXN_010478,CUST_05815,20447.14,NETBANKING,FAILED,BANK_SERVER_DOWN,51,1,13,6,WALLET,14,Friday,0
TXN_010481,CUST_08981,15735.3,NETBANKING,FAILED,OTP_FAILURE,19,24,2,6,UPI,20,Wednesday,0
TXN_010490,CUST_00349,7117.39,CARD,FAILED,INSUFFICIENT_FUNDS,49,13,17,3,NETBANKING,3,Sunday,0
TXN_010495,CUST_00429,19800.38,CARD,FAILED,CARD_DECLINED,26,2,19,9,NETBANKING,22,Sunday,0
TXN_010508,CUST_08043,19434.76,NETBANKING,FAILED,LIMIT_EXCEEDED,40,7,11,4,CARD,16,Sunday,0
TXN_010514,CUST_06271,15494.74,WALLET,FAILED,INSUFFICIENT_FUNDS,48,15,19,3,NETBANKING,9,Tuesday,0
TXN_010516,CUST_06971,11144.26,CARD,FAILED,CARD_DECLINED,34,4,16,2,WALLET,11,Thursday,0
TXN_010519,CUST_04871,20860.85,CARD,FAILED,BANK_TIMEOUT,57,7,11,4,UPI,0,Wednesday,1
TXN_010524,CUST_08351,17733.2,NETBANKING,FAILED,INSUFFICIENT_FUNDS,19,24,3,1,WALLET,21,Sunday,0
TXN_010527,CUST_00828,20963.58,UPI,FAILED,NETWORK_ERROR,36,13,14,6,WALLET,23,Thursday,0
TXN_010531,CUST_02814,23016.23,WALLET,FAILED,BANK_SERVER_DOWN,27,15,1,6,CARD,23,Thursday,0
TXN_010534,CUST_07584,15712.66,WALLET,FAILED,BANK_TIMEOUT,27,25,15,5,NETBANKING,5,Friday,1
TXN_010537,CUST_01928,21390.92,CARD,FAILED,OTP_FAILURE,55,21,19,4,NETBANKING,0,Sunday,1
TXN_010541,CUST_06507,3885.7,WALLET,FAILED,BANK_TIMEOUT,22,8,20,1,NETBANKING,22,Thursday,1
TXN_010543,CUST_09342,22688.29,WALLET,FAILED,BANK_TIMEOUT,48,29,6,4,NETBANKING,12,Tuesday,0
TXN_010544,CUST_06113,24589.75,CARD,FAILED,OTP_FAILURE,32,10,3,0,NETBANKING,2,Tuesday,0
TXN_010554,CUST_07832,2320.11,NETBANKING,FAILED,CARD_DECLINED,24,16,17,3,CARD,12,Saturday,1
TXN_010562,CUST_06838,7660.16,CARD,FAILED,INSUFFICIENT_FUNDS,46,16,25,1,CARD,13,Wednesday,0
TXN_010567,CUST_07403,5089.58,UPI,FAILED,BANK_SERVER_DOWN,22,12,16,10,NETBANKING,4,Saturday,0
TXN_010572,CUST_00078,23264.88,WALLET,FAILED,NETWORK_ERROR,55,23,10,9,WALLET,18,Sunday,0
TXN_010574,CUST_00218,14246.52,UPI,FAILED,OTP_FAILURE,28,26,23,9,UPI,7,Tuesday,0
TXN_010581,CUST_07398,10366.62,NETBANKING,FAILED,NETWORK_ERROR,20,4,16,10,NETBANKING,8,Thursday,1
TXN_010597,CUST_05871,8420.77,NETBANKING,FAILED,LIMIT_EXCEEDED,53,20,12,5,WALLET,4,Wednesday,0
TXN_010598,CUST_08705,18862.67,WALLET,FAILED,LIMIT_EXCEEDED,31,22,21,1,UPI,15,Monday,0
TXN_010599,CUST_01747,23982.36,CARD,FAILED,CARD_DECLINED,27,26,1,6,CARD,4,Sunday,0
TXN_010604,CUST_01610,13092.9,UPI,FAILED,OTP_FAILURE,58,10,14,2,NETBANKING,19,Friday,1
TXN_010614,CUST_07754,11101.74,NETBANKING,FAILED,CARD_DECLINED,47,18,6,10,CARD,2,Tuesday,0
TXN_010618,CUST_04637,6394.54,UPI,FAILED,LIMIT_EXCEEDED,34,17,12,5,NETBANKING,11,Thursday,0
TXN_010625,CUST_06598,21416.92,WALLET,FAILED,BANK_TIMEOUT,21,22,14,8,CARD,3,Monday,0
TXN_010629,CUST_01366,3228.11,CARD,FAILED,OTP_FAILURE,40,1,24,5,NETBANKING,14,Wednesday,0
TXN_010632,CUST_01310,24519.71,WALLET,FAILED,CARD_DECLINED,36,19,5,0,UPI,3,Saturday,0
TXN_010633,CUST_00830,11563.05,NETBANKING,FAILED,CARD_DECLINED,26,19,14,9,NETBANKING,0,Tuesday,1
TXN_010645,CUST_07101,16421.38,CARD,FAILED,CARD_DECLINED,29,29,23,6,NETBANKING,9,Thursday,1
TXN_010650,CUST_07204,22437.55,UPI,FAILED,INSUFFICIENT_FUNDS,32,21,2,7,NETBANKING,18,Monday,0
TXN_010654,CUST_00485,6652.6,CARD,FAILED,NETWORK_ERROR,19,17,20,5,UPI,9,Thursday,1
TXN_010657,CUST_07299,18205.55,NETBANKING,FAILED,CARD_DECLINED,33,29,25,3,CARD,5,Monday,1
TXN_010662,CUST_09143,21096.95,WALLET,FAILED,BANK_SERVER_DOWN,38,18,10,2,WALLET,5,Sunday,0
TXN_010667,CUST_09008,14220.09,CARD,FAILED,CARD_DECLINED,51,24,21,6,CARD,7,Friday,1
TXN_010670,CUST_04372,12413.09,UPI,FAILED,BANK_TIMEOUT,39,9,25,8,CARD,23,Thursday,1
TXN_010671,CUST_06682,14558.84,UPI,FAILED,BANK_SERVER_DOWN,22,21,6,1,NETBANKING,8,Saturday,0
TXN_010681,CUST_08641,22162.08,CARD,FAILED,INSUFFICIENT_FUNDS,35,18,22,10,WALLET,7,Thursday,0
TXN_010682,CUST_09324,4687.59,NETBANKING,FAILED,LIMIT_EXCEEDED,59,24,1,3,CARD,20,Thursday,0
TXN_010688,CUST_04951,2247.88,WALLET,FAILED,BANK_TIMEOUT,42,3,7,5,CARD,10,Friday,0
TXN_010689,CUST_08993,19857.58,WALLET,FAILED,INSUFFICIENT_FUNDS,20,30,14,7,NETBANKING,11,Tuesday,0
TXN_010696,CUST_03101,8262.58,NETBANKING,FAILED,INSUFFICIENT_FUNDS,59,13,21,9,UPI,4,Tuesday,0
TXN_010697,CUST_00759,11268.71,WALLET,FAILED,LIMIT_EXCEEDED,41,17,4,9,UPI,2,Friday,0
TXN_010707,CUST_05382,4705.86,WALLET,FAILED,INSUFFICIENT_FUNDS,55,15,10,3,UPI,15,Wednesday,0
TXN_010719,CUST_09023,7683.85,CARD,FAILED,LIMIT_EXCEEDED,58,29,11,1,WALLET,12,Thursday,0
TXN_010735,CUST_08090,12171.53,WALLET,FAILED,NETWORK_ERROR,51,5,4,3,CARD,5,Wednesday,1
TXN_010748,CUST_08961,8525.91,CARD,FAILED,BANK_TIMEOUT,25,20,21,8,WALLET,11,Thursday,1
TXN_010754,CUST_08463,24772.48,WALLET,FAILED,LIMIT_EXCEEDED,49,22,1,8,CARD,8,Tuesday,0
TXN_010757,CUST_03309,19445.47,CARD,FAILED,OTP_FAILURE,43,16,9,9,NETBANKING,22,Sunday,0
TXN_010766,CUST_02607,2505.69,NETBANKING,FAILED,BANK_SERVER_DOWN,43,11,17,2,WALLET,8,Friday,1
TXN_010767,CUST_08808,24220.03,CARD,FAILED,NETWORK_ERROR,45,25,1,0,NETBANKING,9,Thursday,1
TXN_010772,CUST_05021,4290.77,NETBANKING,FAILED,INSUFFICIENT_FUNDS,26,12,17,7,CARD,10,Tuesday,0
TXN_010775,CUST_07941,16059.28,WALLET,FAILED,LIMIT_EXCEEDED,22,21,25,8,UPI,5,Saturday,0
TXN_010776,CUST_02105,1678.26,UPI,FAILED,BANK_SERVER_DOWN,32,29,17,3,WALLET,19,Wednesday,0
TXN_010785,CUST_00160,9932.98,NETBANKING,FAILED,BANK_TIMEOUT,34,25,2,4,NETBANKING,10,Friday,1
TXN_010786,CUST_09308,22180.11,UPI,FAILED,CARD_DECLINED,58,15,25,3,WALLET,6,Wednesday,1
TXN_010792,CUST_09059,14389.07,UPI,FAILED,OTP_FAILURE,43,30,9,6,WALLET,16,Sunday,0
TXN_010799,CUST_09458,5687.62,WALLET,FAILED,NETWORK_ERROR,37,18,20,3,NETBANKING,10,Monday,1
TXN_010801,CUST_05379,16658.97,NETBANKING,FAILED,LIMIT_EXCEEDED,57,16,15,0,NETBANKING,10,Sunday,1
TXN_010803,CUST_08503,430.08,NETBANKING,FAILED,BANK_SERVER_DOWN,50,2,21,2,CARD,7,Monday,0
TXN_010809,CUST_04590,15620.83,CARD,FAILED,BANK_SERVER_DOWN,37,8,18,0,NETBANKING,15,Friday,0
TXN_010810,CUST_05630,20235.5,UPI,FAILED,BANK_SERVER_DOWN,21,29,23,10,UPI,14,Tuesday,0
TXN_010814,CUST_04731,7009.15,UPI,FAILED,NETWORK_ERROR,47,23,4,5,WALLET,2,Monday,1
TXN_010819,CUST_09427,17375.97,CARD,FAILED,INSUFFICIENT_FUNDS,48,22,12,1,NETBANKING,14,Wednesday,1
TXN_010821,CUST_05105,4927.32,CARD,FAILED,LIMIT_EXCEEDED,21,27,11,3,NETBANKING,22,Monday,0
TXN_010822,CUST_01414,17932.2,UPI,FAILED,LIMIT_EXCEEDED,38,8,15,5,WALLET,10,Friday,0
TXN_010830,CUST_00697,2227.08,CARD,FAILED,CARD_DECLINED,51,22,7,2,UPI,13,Thursday,0
TXN_010837,CUST_04042,8521.16,WALLET,FAILED,OTP_FAILURE,25,12,9,3,CARD,10,Friday,0
TXN_010852,CUST_06159,11073.02,CARD,FAILED,BANK_SERVER_DOWN,49,9,10,9,WALLET,5,Wednesday,1
TXN_010861,CUST_01753,17204.54,WALLET,FAILED,BANK_SERVER_DOWN,23,6,8,0,NETBANKING,2,Sunday,0
TXN_010867,CUST_01672,1836.39,CARD,FAILED,BANK_SERVER_DOWN,29,6,4,10,WALLET,22,Thursday,0
TXN_010870,CUST_06590,17749.73,NETBANKING,FAILED,OTP_FAILURE,41,24,20,0,NETBANKING,10,Monday,1
TXN_010884,CUST_04230,4595.11,UPI,FAILED,BANK_SERVER_DOWN,36,30,17,9,NETBANKING,2,Sunday,1
TXN_010905,CUST_00080,959.6,UPI,FAILED,LIMIT_EXCEEDED,22,18,6,3,CARD,7,Tuesday,0
TXN_010913,CUST_00823,15043.34,NETBANKING,FAILED,BANK_SERVER_DOWN,39,7,8,10,NETBANKING,3,Tuesday,0
TXN_010914,CUST_03423,24858.93,NETBANKING,FAILED,INSUFFICIENT_FUNDS,21,7,14,4,WALLET,14,Wednesday,0
TXN_010915,CUST_05134,8136.24,NETBANKING,FAILED,NETWORK_ERROR,42,26,16,8,WALLET,18,Saturday,1
TXN_010916,CUST_04360,8082.65,UPI,FAILED,OTP_FAILURE,50,20,24,8,NETBANKING,16,Sunday,0
TXN_010923,CUST_09586,6245.45,WALLET,FAILED,LIMIT_EXCEEDED,52,23,2,2,CARD,4,Saturday,0
TXN_010925,CUST_06963,19187.5,WALLET,FAILED,BANK_TIMEOUT,31,2,4,8,NETBANKING,1,Tuesday,1
TXN_010931,CUST_03630,2278.85,UPI,FAILED,BANK_SERVER_DOWN,24,19,6,0,NETBANKING,21,Tuesday,1
TXN_010938,CUST_07570,21510.48,CARD,FAILED,NETWORK_ERROR,41,13,8,2,UPI,3,Wednesday,0
TXN_010939,CUST_03840,11985.39,CARD,FAILED,BANK_SERVER_DOWN,30,16,15,9,NETBANKING,11,Friday,0
TXN_010951,CUST_04065,8623.73,CARD,FAILED,CARD_DECLINED,54,22,20,4,NETBANKING,6,Monday,0
TXN_010958,CUST_01919,5103.52,CARD,FAILED,BANK_TIMEOUT,48,18,6,10,UPI,8,Thursday,1
TXN_010961,CUST_04887,5020.27,NETBANKING,FAILED,NETWORK_ERROR,60,21,1,2,WALLET,10,Sunday,1
TXN_010969,CUST_03636,11115.76,NETBANKING,FAILED,CARD_DECLINED,54,12,10,8,WALLET,7,Wednesday,1
TXN_010971,CUST_03665,699.64,CARD,FAILED,LIMIT_EXCEEDED,60,28,23,6,NETBANKING,2,Monday,0
TXN_010975,CUST_08090,22925.05,NETBANKING,FAILED,CARD_DECLINED,51,5,4,3,CARD,6,Wednesday,0
TXN_010979,CUST_01982,22967.44,WALLET,FAILED,BANK_SERVER_DOWN,22,16,24,10,CARD,21,Saturday,1
TXN_010983,CUST_03458,22990.96,CARD,FAILED,LIMIT_EXCEEDED,24,9,13,4,UPI,3,Wednesday,0
TXN_010990,CUST_01717,17675.6,NETBANKING,FAILED,BANK_TIMEOUT,46,14,12,0,UPI,15,Monday,1
TXN_010991,CUST_08400,5433.57,CARD,FAILED,CARD_DECLINED,29,20,16,8,WALLET,16,Saturday,0
TXN_011027,CUST_03050,4990.92,CARD,FAILED,BANK_TIMEOUT,34,9,20,9,UPI,11,Sunday,1
TXN_011029,CUST_05587,23386.55,WALLET,FAILED,CARD_DECLINED,58,26,12,1,UPI,7,Saturday,0
TXN_011030,CUST_07128,18618.2,UPI,FAILED,INSUFFICIENT_FUNDS,21,13,20,7,UPI,18,Monday,0
TXN_011035,CUST_08509,2416.96,UPI,FAILED,BANK_TIMEOUT,35,27,24,0,NETBANKING,9,Friday,1
TXN_011037,CUST_03690,14115.15,NETBANKING,FAILED,LIMIT_EXCEEDED,18,23,19,2,CARD,14,Monday,0
TXN_011039,CUST_00456,14616.97,CARD,FAILED,INSUFFICIENT_FUNDS,21,5,20,6,NETBANKING,20,Tuesday,0
TXN_011066,CUST_09400,934.56,WALLET,FAILED,CARD_DECLINED,48,14,5,5,WALLET,22,Sunday,0
TXN_011073,CUST_05196,19045.42,WALLET,FAILED,BANK_TIMEOUT,22,23,18,0,UPI,11,Friday,1
TXN_011083,CUST_08779,19851.53,CARD,FAILED,INSUFFICIENT_FUNDS,38,20,4,5,UPI,4,Saturday,0
TXN_011086,CUST_03416,14926.13,WALLET,FAILED,OTP_FAILURE,46,27,3,3,WALLET,2,Monday,0
TXN_011087,CUST_00012,17298.79,CARD,FAILED,BANK_SERVER_DOWN,19,21,1,4,UPI,1,Friday,0
TXN_011101,CUST_09406,8433.93,WALLET,FAILED,BANK_SERVER_DOWN,28,19,12,2,CARD,14,Wednesday,0
TXN_011105,CUST_06763,24370.58,CARD,FAILED,NETWORK_ERROR,31,15,7,3,UPI,15,Sunday,0
TXN_011113,CUST_07525,15971.71,NETBANKING,FAILED,OTP_FAILURE,54,1,15,9,NETBANKING,13,Thursday,1
TXN_011115,CUST_09620,10242.02,UPI,FAILED,CARD_DECLINED,32,20,6,1,UPI,22,Tuesday,1
TXN_011130,CUST_04003,148.07,NETBANKING,FAILED,CARD_DECLINED,59,21,6,7,NETBANKING,12,Friday,0
TXN_011137,CUST_08865,24026.48,WALLET,FAILED,NETWORK_ERROR,33,10,9,2,CARD,13,Monday,0
TXN_011142,CUST_09878,2226.91,CARD,FAILED,INSUFFICIENT_FUNDS,56,7,9,7,UPI,6,Friday,1
TXN_011150,CUST_05826,17786.86,NETBANKING,FAILED,INSUFFICIENT_FUNDS,59,19,12,8,CARD,13,Tuesday,0
TXN_011151,CUST_06034,10539.46,CARD,FAILED,LIMIT_EXCEEDED,53,21,11,9,UPI,14,Friday,0
TXN_011158,CUST_03347,7519.73,NETBANKING,FAILED,INSUFFICIENT_FUNDS,19,14,7,0,CARD,4,Monday,0
TXN_011167,CUST_02011,1251.75,CARD,FAILED,CARD_DECLINED,33,18,10,9,NETBANKING,7,Sunday,0
TXN_011168,CUST_09011,537.62,CARD,FAILED,OTP_FAILURE,21,12,5,9,WALLET,8,Wednesday,0
TXN_011173,CUST_05233,23364.22,WALLET,FAILED,BANK_SERVER_DOWN,20,4,22,0,UPI,8,Saturday,1
TXN_011179,CUST_02172,11815.14,WALLET,FAILED,BANK_SERVER_DOWN,58,20,9,7,UPI,3,Monday,0
TXN_011202,CUST_02600,2594.9,WALLET,FAILED,BANK_TIMEOUT,27,4,18,8,NETBANKING,8,Tuesday,1
TXN_011204,CUST_06875,7295.09,NETBANKING,FAILED,INSUFFICIENT_FUNDS,57,18,15,3,UPI,6,Wednesday,0
TXN_011215,CUST_04890,7647.55,CARD,FAILED,LIMIT_EXCEEDED,24,6,18,6,NETBANKING,15,Wednesday,1
TXN_011217,CUST_06059,10358.99,NETBANKING,FAILED,NETWORK_ERROR,55,13,18,9,WALLET,18,Tuesday,0
TXN_011223,CUST_02446,24732.88,CARD,FAILED,BANK_TIMEOUT,55,4,13,3,WALLET,6,Monday,1
TXN_011228,CUST_07896,20171.48,NETBANKING,FAILED,INSUFFICIENT_FUNDS,49,20,8,9,UPI,9,Friday,0
TXN_011231,CUST_00635,9674.9,CARD,FAILED,LIMIT_EXCEEDED,30,11,6,9,WALLET,13,Thursday,0
TXN_011242,CUST_08899,6988.5,UPI,FAILED,CARD_DECLINED,29,8,7,8,WALLET,1,Thursday,0
TXN_011246,CUST_09363,5086.17,NETBANKING,FAILED,INSUFFICIENT_FUNDS,39,30,2,5,UPI,3,Saturday,0
TXN_011249,CUST_00955,20090.52,CARD,FAILED,BANK_TIMEOUT,28,3,25,9,NETBANKING,12,Sunday,0
TXN_011250,CUST_02609,24875.76,WALLET,FAILED,BANK_TIMEOUT,33,3,5,9,WALLET,4,Saturday,1
TXN_011251,CUST_07380,8175.61,WALLET,FAILED,NETWORK_ERROR,21,21,23,7,CARD,17,Friday,0
TXN_011253,CUST_03790,19436.86,NETBANKING,FAILED,OTP_FAILURE,19,20,3,7,UPI,2,Thursday,0
TXN_011257,CUST_03696,533.53,UPI,FAILED,NETWORK_ERROR,46,29,16,0,NETBANKING,10,Wednesday,0
TXN_011258,CUST_02261,17596.91,NETBANKING,FAILED,INSUFFICIENT_FUNDS,60,11,3,3,UPI,17,Friday,0
TXN_011264,CUST_00599,4223.48,CARD,FAILED,NETWORK_ERROR,31,25,10,10,CARD,7,Friday,1
TXN_011270,CUST_08896,6064.78,NETBANKING,FAILED,LIMIT_EXCEEDED,51,21,12,4,CARD,17,Monday,1
TXN_011280,CUST_03187,5508.85,WALLET,FAILED,LIMIT_EXCEEDED,60,17,21,1,NETBANKING,17,Sunday,0
TXN_011292,CUST_07827,8621.73,CARD,FAILED,BANK_TIMEOUT,30,29,21,8,CARD,14,Tuesday,1
TXN_011301,CUST_00417,9629.09,NETBANKING,FAILED,BANK_TIMEOUT,36,7,18,4,NETBANKING,13,Thursday,1
TXN_011303,CUST_04530,6366.94,UPI,FAILED,NETWORK_ERROR,21,3,17,8,NETBANKING,17,Saturday,1
TXN_011312,CUST_01544,1455.17,UPI,FAILED,INSUFFICIENT_FUNDS,32,9,23,7,CARD,13,Friday,1
TXN_011314,CUST_03162,2726.84,UPI,FAILED,BANK_SERVER_DOWN,37,10,13,1,NETBANKING,8,Saturday,0
TXN_011321,CUST_08968,19997.11,NETBANKING,FAILED,NETWORK_ERROR,22,9,2,2,CARD,16,Saturday,1
TXN_011325,CUST_00990,7203.96,WALLET,FAILED,INSUFFICIENT_FUNDS,48,18,4,5,CARD,10,Friday,0
TXN_011342,CUST_06253,12551.27,NETBANKING,FAILED,OTP_FAILURE,27,22,21,0,WALLET,5,Thursday,1
TXN_011346,CUST_01987,7428.85,CARD,FAILED,INSUFFICIENT_FUNDS,23,14,9,8,UPI,6,Friday,0
TXN_011350,CUST_05528,16770.84,CARD,FAILED,CARD_DECLINED,45,25,12,3,WALLET,15,Saturday,0
TXN_011359,CUST_01513,21284.62,NETBANKING,FAILED,INSUFFICIENT_FUNDS,49,8,12,4,UPI,1,Saturday,1
TXN_011364,CUST_07810,10366.95,UPI,FAILED,INSUFFICIENT_FUNDS,51,13,10,1,CARD,18,Thursday,0
TXN_011387,CUST_04794,15914.26,WALLET,FAILED,CARD_DECLINED,50,19,22,2,UPI,17,Thursday,0
TXN_011390,CUST_00841,2030.56,NETBANKING,FAILED,BANK_TIMEOUT,57,18,23,1,CARD,13,Sunday,1
TXN_011392,CUST_07014,23173.5,UPI,FAILED,NETWORK_ERROR,20,26,10,7,UPI,11,Saturday,1
TXN_011397,CUST_02651,23185.31,CARD,FAILED,OTP_FAILURE,37,28,15,3,CARD,21,Thursday,0
TXN_011410,CUST_05772,6934.68,CARD,FAILED,CARD_DECLINED,33,4,12,8,WALLET,20,Thursday,0
TXN_011420,CUST_08002,21008.17,NETBANKING,FAILED,CARD_DECLINED,25,10,1,2,WALLET,2,Thursday,0
TXN_011423,CUST_08473,24928.61,CARD,FAILED,BANK_TIMEOUT,22,11,24,4,NETBANKING,17,Tuesday,1
TXN_011436,CUST_02035,10442.92,WALLET,FAILED,BANK_SERVER_DOWN,59,5,20,5,UPI,20,Sunday,1
TXN_011448,CUST_08394,3617.37,UPI,FAILED,BANK_SERVER_DOWN,51,21,1,0,CARD,3,Friday,0
TXN_011452,CUST_07025,16086.08,CARD,FAILED,CARD_DECLINED,40,19,11,7,NETBANKING,0,Thursday,0
TXN_011457,CUST_06349,8161.01,NETBANKING,FAILED,CARD_DECLINED,48,10,19,0,UPI,17,Wednesday,1
TXN_011462,CUST_01970,23438.58,WALLET,FAILED,BANK_SERVER_DOWN,42,15,7,7,NETBANKING,0,Friday,0
TXN_011466,CUST_05235,16355.14,NETBANKING,FAILED,CARD_DECLINED,46,23,4,3,UPI,21,Friday,0
TXN_011469,CUST_00703,10664.03,WALLET,FAILED,BANK_TIMEOUT,39,27,6,9,UPI,14,Saturday,0
TXN_011478,CUST_05673,7496.49,WALLET,FAILED,BANK_TIMEOUT,60,16,3,7,NETBANKING,12,Wednesday,1
TXN_011496,CUST_05763,979.48,UPI,FAILED,CARD_DECLINED,54,26,6,1,WALLET,10,Friday,0
TXN_011497,CUST_01285,20729.78,WALLET,FAILED,BANK_SERVER_DOWN,59,12,20,7,CARD,6,Monday,0
TXN_011501,CUST_03462,22491.04,NETBANKING,FAILED,BANK_SERVER_DOWN,40,25,11,9,NETBANKING,2,Thursday,1
TXN_011509,CUST_06754,15615.63,WALLET,FAILED,OTP_FAILURE,49,25,21,10,WALLET,0,Friday,0
TXN_011517,CUST_05576,10627.68,UPI,FAILED,CARD_DECLINED,39,21,14,8,WALLET,13,Saturday,0
TXN_011532,CUST_06492,13537.7,UPI,FAILED,INSUFFICIENT_FUNDS,22,26,19,6,NETBANKING,21,Friday,0
TXN_011534,CUST_04523,9116.62,NETBANKING,FAILED,LIMIT_EXCEEDED,40,19,18,3,CARD,8,Friday,1
TXN_011539,CUST_07678,14945.42,NETBANKING,FAILED,CARD_DECLINED,25,26,3,0,CARD,16,Saturday,0
TXN_011550,CUST_07920,10702.88,WALLET,FAILED,BANK_SERVER_DOWN,31,21,23,9,NETBANKING,8,Sunday,0
TXN_011551,CUST_01381,20669.7,WALLET,FAILED,CARD_DECLINED,39,6,15,4,WALLET,9,Friday,1
TXN_011554,CUST_07296,2434.95,UPI,FAILED,NETWORK_ERROR,22,4,9,9,WALLET,5,Monday,0
TXN_011558,CUST_02953,12831.18,UPI,FAILED,LIMIT_EXCEEDED,23,16,21,0,WALLET,10,Saturday,1
TXN_011584,CUST_08189,5823.19,UPI,FAILED,CARD_DECLINED,51,19,14,1,WALLET,21,Thursday,1
TXN_011588,CUST_08846,12003.68,WALLET,FAILED,LIMIT_EXCEEDED,22,24,1,10,NETBANKING,9,Tuesday,0
TXN_011590,CUST_06054,22242.19,UPI,FAILED,INSUFFICIENT_FUNDS,50,28,16,8,CARD,21,Thursday,0
TXN_011599,CUST_05551,15460.27,CARD,FAILED,LIMIT_EXCEEDED,31,8,23,10,CARD,23,Wednesday,0
TXN_011605,CUST_07438,11745.66,NETBANKING,FAILED,CARD_DECLINED,56,12,18,7,UPI,2,Tuesday,0
TXN_011608,CUST_05503,17290.46,NETBANKING,FAILED,BANK_TIMEOUT,46,3,4,0,NETBANKING,7,Sunday,0
TXN_011611,CUST_00977,14177.13,CARD,FAILED,CARD_DECLINED,21,24,20,5,UPI,8,Tuesday,1
TXN_011617,CUST_00224,20724.46,WALLET,FAILED,LIMIT_EXCEEDED,18,12,25,5,NETBANKING,6,Thursday,1
TXN_011623,CUST_07423,292.05,NETBANKING,FAILED,BANK_TIMEOUT,48,23,15,4,WALLET,23,Friday,0
TXN_011635,CUST_01591,6949.95,CARD,FAILED,INSUFFICIENT_FUNDS,33,28,24,10,NETBANKING,14,Friday,0
TXN_011640,CUST_08052,20798.45,NETBANKING,FAILED,NETWORK_ERROR,52,18,19,4,CARD,17,Saturday,1
TXN_011641,CUST_02645,24937.09,UPI,FAILED,CARD_DECLINED,32,10,21,3,NETBANKING,9,Monday,0
TXN_011642,CUST_03641,20562.94,UPI,FAILED,LIMIT_EXCEEDED,49,20,1,1,UPI,6,Friday,1
TXN_011647,CUST_04320,10121.86,CARD,FAILED,OTP_FAILURE,20,26,10,8,WALLET,21,Saturday,0
TXN_011652,CUST_06428,5277.23,NETBANKING,FAILED,INSUFFICIENT_FUNDS,55,18,20,0,CARD,17,Wednesday,0
TXN_011659,CUST_01239,17715.14,NETBANKING,FAILED,CARD_DECLINED,27,19,4,8,WALLET,6,Sunday,0
TXN_011660,CUST_00494,5834.16,NETBANKING,FAILED,LIMIT_EXCEEDED,31,18,24,10,CARD,10,Thursday,0
TXN_011662,CUST_08545,8545.91,WALLET,FAILED,OTP_FAILURE,21,7,16,10,CARD,12,Sunday,0
TXN_011669,CUST_02456,20564.5,WALLET,FAILED,NETWORK_ERROR,50,16,2,3,CARD,20,Sunday,0
TXN_011679,CUST_07550,23600.27,CARD,FAILED,BANK_SERVER_DOWN,35,24,17,3,WALLET,23,Tuesday,0
TXN_011681,CUST_04857,21739.58,WALLET,FAILED,CARD_DECLINED,35,20,12,9,WALLET,3,Monday,1
TXN_011693,CUST_09101,8247.84,NETBANKING,FAILED,BANK_TIMEOUT,20,4,20,8,WALLET,14,Tuesday,0
TXN_011700,CUST_08520,19688.44,CARD,FAILED,BANK_TIMEOUT,19,27,14,4,UPI,14,Wednesday,0
TXN_011706,CUST_03849,3867.3,WALLET,FAILED,NETWORK_ERROR,50,30,1,7,UPI,18,Sunday,0
TXN_011731,CUST_09891,967.41,WALLET,FAILED,BANK_SERVER_DOWN,34,12,1,1,NETBANKING,8,Monday,0
TXN_011733,CUST_07026,6706.44,NETBANKING,FAILED,BANK_TIMEOUT,53,9,4,7,NETBANKING,10,Sunday,1
TXN_011734,CUST_00328,19737.6,CARD,FAILED,BANK_TIMEOUT,25,5,10,3,WALLET,1,Monday,0
TXN_011752,CUST_04809,24700.28,NETBANKING,FAILED,LIMIT_EXCEEDED,60,28,16,10,WALLET,15,Sunday,0
TXN_011753,CUST_09201,3904.33,NETBANKING,FAILED,INSUFFICIENT_FUNDS,59,11,15,6,CARD,13,Wednesday,1
TXN_011758,CUST_06453,4561.05,UPI,FAILED,LIMIT_EXCEEDED,28,16,6,9,NETBANKING,2,Friday,0
TXN_011762,CUST_05871,19057.29,UPI,FAILED,BANK_TIMEOUT,53,20,12,5,WALLET,5,Wednesday,0
TXN_011765,CUST_08048,8268.98,UPI,FAILED,BANK_SERVER_DOWN,26,15,6,0,UPI,12,Sunday,1
TXN_011771,CUST_09965,16533.74,UPI,FAILED,LIMIT_EXCEEDED,41,4,16,8,UPI,17,Saturday,0
TXN_011780,CUST_00017,19538.7,NETBANKING,FAILED,NETWORK_ERROR,47,7,18,1,UPI,18,Wednesday,1
TXN_011787,CUST_00944,21937.07,WALLET,FAILED,INSUFFICIENT_FUNDS,23,22,17,6,WALLET,9,Monday,1
TXN_011803,CUST_09525,5455.0,UPI,FAILED,LIMIT_EXCEEDED,58,17,13,0,WALLET,15,Friday,0
TXN_011807,CUST_08063,24640.5,WALLET,FAILED,LIMIT_EXCEEDED,40,20,23,3,CARD,15,Wednesday,0
TXN_011814,CUST_03589,11904.02,NETBANKING,FAILED,NETWORK_ERROR,60,21,20,2,CARD,19,Saturday,1
TXN_011820,CUST_00389,4615.37,WALLET,FAILED,BANK_SERVER_DOWN,20,18,1,7,CARD,21,Wednesday,1
TXN_011823,CUST_04414,14278.02,NETBANKING,FAILED,NETWORK_ERROR,41,5,17,10,CARD,17,Monday,0
TXN_011824,CUST_02083,17672.8,CARD,FAILED,CARD_DECLINED,37,1,7,2,WALLET,4,Sunday,0
TXN_011826,CUST_01917,19406.74,CARD,FAILED,CARD_DECLINED,19,18,25,7,UPI,20,Thursday,0
TXN_011828,CUST_05764,7090.84,UPI,FAILED,LIMIT_EXCEEDED,41,12,4,0,UPI,9,Sunday,0
TXN_011830,CUST_01431,9948.56,NETBANKING,FAILED,LIMIT_EXCEEDED,37,19,22,7,WALLET,4,Thursday,0
TXN_011835,CUST_01496,3301.11,NETBANKING,FAILED,CARD_DECLINED,22,11,23,2,CARD,18,Tuesday,0
TXN_011842,CUST_01561,20749.61,CARD,FAILED,OTP_FAILURE,18,25,7,10,UPI,11,Thursday,0
TXN_011851,CUST_09970,20431.35,UPI,FAILED,NETWORK_ERROR,45,27,15,4,CARD,17,Saturday,1
TXN_011855,CUST_04365,8729.08,UPI,FAILED,CARD_DECLINED,37,1,16,1,WALLET,19,Monday,0
TXN_011859,CUST_01785,22917.22,WALLET,FAILED,BANK_SERVER_DOWN,39,23,24,2,NETBANKING,23,Wednesday,0
TXN_011867,CUST_08983,11705.41,NETBANKING,FAILED,BANK_SERVER_DOWN,36,14,7,9,CARD,12,Tuesday,0
TXN_011874,CUST_09867,10940.85,NETBANKING,FAILED,LIMIT_EXCEEDED,56,28,1,10,UPI,3,Friday,0
TXN_011888,CUST_09101,9608.82,NETBANKING,FAILED,INSUFFICIENT_FUNDS,20,4,20,8,WALLET,4,Thursday,1
TXN_011894,CUST_05121,11741.59,NETBANKING,FAILED,OTP_FAILURE,42,28,14,10,CARD,16,Wednesday,0
TXN_011899,CUST_08371,21894.2,CARD,FAILED,INSUFFICIENT_FUNDS,49,8,13,5,NETBANKING,21,Tuesday,0
TXN_011905,CUST_08971,13198.02,UPI,FAILED,INSUFFICIENT_FUNDS,41,27,7,6,NETBANKING,13,Wednesday,0
TXN_011923,CUST_01166,340.49,WALLET,FAILED,OTP_FAILURE,31,22,11,6,UPI,4,Friday,0
TXN_011926,CUST_03317,24222.51,NETBANKING,FAILED,INSUFFICIENT_FUNDS,36,10,25,4,CARD,5,Wednesday,0
TXN_011927,CUST_07385,12238.14,NETBANKING,FAILED,INSUFFICIENT_FUNDS,53,28,25,3,NETBANKING,8,Monday,0
TXN_011934,CUST_08350,23540.72,NETBANKING,FAILED,CARD_DECLINED,57,6,6,0,UPI,3,Sunday,0
TXN_011951,CUST_03329,3271.36,UPI,FAILED,INSUFFICIENT_FUNDS,30,25,9,1,NETBANKING,14,Saturday,0
TXN_011954,CUST_08831,18997.55,NETBANKING,FAILED,NETWORK_ERROR,43,6,25,5,WALLET,4,Friday,1
TXN_011961,CUST_00729,21870.41,NETBANKING,FAILED,INSUFFICIENT_FUNDS,57,6,9,10,UPI,0,Friday,0
TXN_011963,CUST_02941,16842.09,UPI,FAILED,LIMIT_EXCEEDED,36,18,24,8,NETBANKING,2,Friday,0
TXN_011967,CUST_01025,8355.57,UPI,FAILED,LIMIT_EXCEEDED,48,29,25,4,CARD,18,Saturday,0
TXN_011972,CUST_02765,11605.78,CARD,FAILED,CARD_DECLINED,22,12,11,5,WALLET,22,Wednesday,0
TXN_011997,CUST_09236,2479.99,WALLET,FAILED,CARD_DECLINED,28,26,14,9,WALLET,5,Wednesday,1
TXN_011998,CUST_04249,6896.02,UPI,FAILED,NETWORK_ERROR,23,24,17,7,UPI,14,Thursday,0
TXN_012008,CUST_03224,14766.05,CARD,FAILED,OTP_FAILURE,38,23,4,2,NETBANKING,17,Monday,0
TXN_012015,CUST_07857,8405.53,CARD,FAILED,CARD_DECLINED,54,24,6,10,NETBANKING,1,Wednesday,0
TXN_012020,CUST_03114,2328.05,NETBANKING,FAILED,NETWORK_ERROR,46,13,5,5,WALLET,7,Thursday,1
TXN_012023,CUST_07606,21923.56,CARD,FAILED,OTP_FAILURE,26,21,3,6,CARD,14,Friday,0
TXN_012026,CUST_02846,22823.21,UPI,FAILED,BANK_SERVER_DOWN,37,9,9,0,NETBANKING,10,Monday,0
TXN_012040,CUST_09952,18743.83,NETBANKING,FAILED,CARD_DECLINED,48,19,13,1,WALLET,14,Friday,0
TXN_012044,CUST_06512,2028.52,UPI,FAILED,INSUFFICIENT_FUNDS,24,29,14,4,UPI,0,Wednesday,1
TXN_012047,CUST_00067,2227.35,CARD,FAILED,LIMIT_EXCEEDED,35,17,16,10,UPI,1,Friday,0
TXN_012053,CUST_03019,14832.88,UPI,FAILED,NETWORK_ERROR,46,21,2,7,UPI,19,Monday,0
TXN_012060,CUST_08825,8452.36,CARD,FAILED,NETWORK_ERROR,42,21,10,5,WALLET,17,Friday,1
TXN_012071,CUST_08432,5529.88,UPI,FAILED,OTP_FAILURE,42,10,20,0,NETBANKING,7,Friday,0
TXN_012073,CUST_09829,16362.82,CARD,FAILED,BANK_SERVER_DOWN,57,25,17,10,WALLET,9,Saturday,0
TXN_012074,CUST_09015,265.46,CARD,FAILED,CARD_DECLINED,45,12,23,9,NETBANKING,1,Friday,0
TXN_012076,CUST_04287,18639.88,CARD,FAILED,LIMIT_EXCEEDED,19,12,3,8,WALLET,10,Tuesday,0
TXN_012078,CUST_00097,15445.63,CARD,FAILED,CARD_DECLINED,59,24,24,8,NETBANKING,5,Tuesday,0
TXN_012089,CUST_04731,2927.85,CARD,FAILED,NETWORK_ERROR,47,23,4,5,WALLET,12,Friday,1
TXN_012106,CUST_09745,24001.16,CARD,FAILED,BANK_TIMEOUT,31,14,1,9,UPI,1,Saturday,1
TXN_012112,CUST_06494,14884.56,NETBANKING,FAILED,INSUFFICIENT_FUNDS,25,22,8,8,CARD,6,Sunday,0
TXN_012120,CUST_05088,4260.79,CARD,FAILED,INSUFFICIENT_FUNDS,41,22,24,8,WALLET,17,Sunday,0
TXN_012126,CUST_07734,5693.4,NETBANKING,FAILED,OTP_FAILURE,30,4,8,7,WALLET,5,Monday,0
TXN_012133,CUST_04866,19339.7,NETBANKING,FAILED,LIMIT_EXCEEDED,60,15,5,1,WALLET,18,Monday,0
TXN_012136,CUST_05798,5582.66,CARD,FAILED,NETWORK_ERROR,36,30,24,2,WALLET,0,Wednesday,0
TXN_012140,CUST_04310,7912.05,WALLET,FAILED,CARD_DECLINED,22,15,19,8,NETBANKING,23,Sunday,0
TXN_012148,CUST_07659,9300.25,NETBANKING,FAILED,OTP_FAILURE,33,7,13,0,NETBANKING,5,Saturday,0
TXN_012149,CUST_01141,6271.4,WALLET,FAILED,BANK_TIMEOUT,49,24,20,10,NETBANKING,5,Wednesday,1
TXN_012150,CUST_08145,1194.07,NETBANKING,FAILED,NETWORK_ERROR,29,8,25,6,WALLET,17,Wednesday,0
TXN_012155,CUST_02780,11495.11,UPI,FAILED,INSUFFICIENT_FUNDS,59,4,2,0,WALLET,21,Sunday,0
TXN_012163,CUST_06838,22358.25,UPI,FAILED,NETWORK_ERROR,46,16,25,1,CARD,22,Saturday,0
TXN_012164,CUST_02439,7756.96,WALLET,FAILED,INSUFFICIENT_FUNDS,20,7,17,0,CARD,2,Tuesday,1
TXN_012179,CUST_01845,1372.2,WALLET,FAILED,BANK_TIMEOUT,54,8,21,3,WALLET,8,Tuesday,1
TXN_012186,CUST_00728,10836.83,NETBANKING,FAILED,NETWORK_ERROR,30,3,9,9,CARD,21,Monday,1
TXN_012189,CUST_07196,22491.0,NETBANKING,FAILED,BANK_SERVER_DOWN,37,22,20,4,UPI,14,Thursday,0
TXN_012192,CUST_07915,5646.68,CARD,FAILED,INSUFFICIENT_FUNDS,23,26,3,3,NETBANKING,7,Wednesday,0
TXN_012208,CUST_09930,8552.65,WALLET,FAILED,CARD_DECLINED,31,5,20,4,WALLET,23,Monday,1
TXN_012214,CUST_04536,13173.5,UPI,FAILED,INSUFFICIENT_FUNDS,45,27,3,9,NETBANKING,1,Monday,0
TXN_012219,CUST_05950,18064.64,WALLET,FAILED,BANK_SERVER_DOWN,56,9,11,5,NETBANKING,15,Tuesday,0
TXN_012222,CUST_01865,12071.79,NETBANKING,FAILED,LIMIT_EXCEEDED,55,5,15,2,CARD,12,Tuesday,0
TXN_012233,CUST_05905,23289.52,NETBANKING,FAILED,OTP_FAILURE,20,3,1,3,CARD,23,Friday,0
TXN_012242,CUST_06115,1047.45,CARD,FAILED,INSUFFICIENT_FUNDS,35,19,1,3,CARD,19,Sunday,0
TXN_012243,CUST_04070,19362.34,CARD,FAILED,INSUFFICIENT_FUNDS,21,9,23,10,NETBANKING,7,Sunday,0
TXN_012249,CUST_07350,16041.73,NETBANKING,FAILED,BANK_TIMEOUT,18,28,23,7,CARD,9,Sunday,1
TXN_012250,CUST_09017,2166.19,WALLET,FAILED,BANK_TIMEOUT,22,2,5,5,CARD,7,Saturday,1
TXN_012285,CUST_01187,19237.25,WALLET,FAILED,LIMIT_EXCEEDED,39,18,22,5,NETBANKING,3,Friday,0
TXN_012300,CUST_07285,16259.39,CARD,FAILED,OTP_FAILURE,20,7,24,4,UPI,11,Monday,1
TXN_012303,CUST_07324,3899.97,NETBANKING,FAILED,CARD_DECLINED,18,11,17,10,UPI,13,Sunday,1
TXN_012307,CUST_09794,13589.39,NETBANKING,FAILED,NETWORK_ERROR,44,7,19,7,NETBANKING,7,Sunday,1
TXN_012311,CUST_09866,4301.69,NETBANKING,FAILED,CARD_DECLINED,30,30,25,7,UPI,13,Monday,1
TXN_012312,CUST_04257,3327.8,CARD,FAILED,INSUFFICIENT_FUNDS,57,5,3,10,CARD,2,Tuesday,1
TXN_012315,CUST_07930,2554.35,CARD,FAILED,BANK_SERVER_DOWN,43,5,7,7,CARD,22,Thursday,0
TXN_012317,CUST_09728,5900.11,CARD,FAILED,BANK_SERVER_DOWN,55,29,9,8,WALLET,9,Sunday,0
TXN_012337,CUST_05099,10693.8,NETBANKING,FAILED,LIMIT_EXCEEDED,55,2,17,0,UPI,20,Friday,0
TXN_012341,CUST_06896,22021.96,CARD,FAILED,LIMIT_EXCEEDED,48,4,14,5,NETBANKING,12,Monday,0
TXN_012351,CUST_02979,11663.83,UPI,FAILED,BANK_SERVER_DOWN,26,8,21,2,NETBANKING,15,Friday,0
TXN_012356,CUST_02562,13225.48,CARD,FAILED,INSUFFICIENT_FUNDS,38,16,23,8,UPI,11,Sunday,0
TXN_012363,CUST_04906,7407.77,NETBANKING,FAILED,INSUFFICIENT_FUNDS,20,29,21,10,CARD,7,Saturday,1
TXN_012365,CUST_07123,10920.32,CARD,FAILED,BANK_SERVER_DOWN,23,4,14,0,WALLET,10,Monday,0
TXN_012383,CUST_04353,4053.36,UPI,FAILED,OTP_FAILURE,44,27,19,9,NETBANKING,10,Saturday,1
TXN_012391,CUST_04932,23939.09,NETBANKING,FAILED,LIMIT_EXCEEDED,59,25,18,3,NETBANKING,10,Friday,1
TXN_012413,CUST_08812,7816.99,NETBANKING,FAILED,INSUFFICIENT_FUNDS,29,28,2,8,WALLET,8,Thursday,0
TXN_012414,CUST_08392,24437.8,WALLET,FAILED,OTP_FAILURE,52,8,25,4,NETBANKING,6,Friday,0
TXN_012417,CUST_00833,24193.46,UPI,FAILED,OTP_FAILURE,37,30,22,7,WALLET,18,Tuesday,0
TXN_012425,CUST_08291,14617.42,UPI,FAILED,BANK_SERVER_DOWN,34,10,3,5,CARD,10,Sunday,0
TXN_012431,CUST_02187,15338.26,WALLET,FAILED,BANK_TIMEOUT,48,9,9,2,NETBANKING,16,Monday,0
TXN_012438,CUST_02004,16989.99,WALLET,FAILED,LIMIT_EXCEEDED,35,26,24,1,UPI,14,Monday,0
TXN_012445,CUST_09478,2361.79,UPI,FAILED,LIMIT_EXCEEDED,24,21,19,1,UPI,21,Wednesday,0
TXN_012470,CUST_02607,22148.08,WALLET,FAILED,BANK_TIMEOUT,43,11,17,2,WALLET,15,Tuesday,1
TXN_012472,CUST_08383,15706.02,WALLET,FAILED,CARD_DECLINED,26,17,20,6,UPI,4,Saturday,0
TXN_012480,CUST_05012,12712.71,UPI,FAILED,OTP_FAILURE,18,5,24,5,NETBANKING,20,Monday,0
TXN_012485,CUST_07771,8688.85,CARD,FAILED,OTP_FAILURE,39,23,10,6,NETBANKING,0,Wednesday,0
TXN_012499,CUST_08726,2577.12,CARD,FAILED,BANK_SERVER_DOWN,24,13,14,6,NETBANKING,9,Tuesday,0
TXN_012508,CUST_00323,5899.12,CARD,FAILED,NETWORK_ERROR,58,13,19,10,UPI,16,Tuesday,1
TXN_012512,CUST_05661,17633.24,CARD,FAILED,INSUFFICIENT_FUNDS,54,16,9,10,CARD,19,Thursday,0
TXN_012516,CUST_09437,20850.07,NETBANKING,FAILED,BANK_SERVER_DOWN,28,3,20,3,NETBANKING,9,Wednesday,1
TXN_012531,CUST_06656,5397.53,WALLET,FAILED,BANK_SERVER_DOWN,21,5,3,6,CARD,9,Friday,0
TXN_012535,CUST_06625,5912.88,UPI,FAILED,CARD_DECLINED,55,25,21,7,CARD,13,Sunday,0
TXN_012547,CUST_07533,4195.03,UPI,FAILED,NETWORK_ERROR,54,17,23,8,WALLET,2,Friday,1
TXN_012550,CUST_06439,18301.2,NETBANKING,FAILED,LIMIT_EXCEEDED,32,23,17,4,UPI,6,Friday,0
TXN_012556,CUST_06712,11463.77,NETBANKING,FAILED,OTP_FAILURE,44,7,3,8,NETBANKING,5,Tuesday,0
TXN_012560,CUST_04736,11986.33,WALLET,FAILED,LIMIT_EXCEEDED,60,8,13,5,NETBANKING,2,Monday,0
TXN_012563,CUST_09010,16556.72,UPI,FAILED,INSUFFICIENT_FUNDS,20,14,1,1,NETBANKING,2,Tuesday,0
TXN_012564,CUST_08230,19410.26,CARD,FAILED,CARD_DECLINED,55,24,13,4,WALLET,0,Saturday,1
TXN_012567,CUST_09793,7421.31,WALLET,FAILED,OTP_FAILURE,53,28,24,7,NETBANKING,10,Sunday,0
TXN_012569,CUST_00862,22090.73,CARD,FAILED,CARD_DECLINED,37,3,1,4,NETBANKING,12,Wednesday,0
TXN_012575,CUST_05892,7292.22,NETBANKING,FAILED,LIMIT_EXCEEDED,23,10,3,8,UPI,2,Tuesday,0
TXN_012576,CUST_08391,1944.99,CARD,FAILED,CARD_DECLINED,47,20,3,7,NETBANKING,12,Friday,0
TXN_012582,CUST_01405,3481.22,UPI,FAILED,INSUFFICIENT_FUNDS,42,21,3,5,NETBANKING,1,Tuesday,0
TXN_012589,CUST_06611,17432.84,UPI,FAILED,NETWORK_ERROR,57,12,21,1,CARD,22,Monday,0
TXN_012603,CUST_07317,8653.71,WALLET,FAILED,OTP_FAILURE,43,28,7,1,NETBANKING,10,Wednesday,0
TXN_012613,CUST_08323,1837.28,CARD,FAILED,OTP_FAILURE,35,9,5,10,NETBANKING,7,Sunday,0
TXN_012619,CUST_06242,9700.76,CARD,FAILED,OTP_FAILURE,55,16,7,2,UPI,6,Sunday,0
TXN_012626,CUST_05055,24457.76,NETBANKING,FAILED,BANK_TIMEOUT,33,21,6,10,UPI,22,Monday,0
TXN_012634,CUST_00272,7208.55,UPI,FAILED,BANK_TIMEOUT,32,19,24,10,UPI,4,Monday,1
TXN_012636,CUST_09863,20689.47,UPI,FAILED,BANK_SERVER_DOWN,47,16,19,7,NETBANKING,0,Friday,0
TXN_012637,CUST_01132,10734.57,NETBANKING,FAILED,NETWORK_ERROR,43,13,10,3,WALLET,13,Tuesday,0
TXN_012641,CUST_00416,24232.51,NETBANKING,FAILED,BANK_TIMEOUT,50,21,18,0,UPI,11,Saturday,1
TXN_012645,CUST_03216,13003.04,UPI,FAILED,NETWORK_ERROR,31,18,4,3,UPI,20,Tuesday,0
TXN_012648,CUST_04177,21116.45,CARD,FAILED,NETWORK_ERROR,25,23,14,10,NETBANKING,23,Sunday,1
TXN_012656,CUST_04015,2763.0,NETBANKING,FAILED,OTP_FAILURE,40,27,23,8,CARD,10,Friday,1
TXN_012657,CUST_04595,2546.34,NETBANKING,FAILED,LIMIT_EXCEEDED,22,18,6,7,CARD,18,Saturday,0
TXN_012668,CUST_08225,8736.25,UPI,FAILED,BANK_TIMEOUT,50,28,21,1,NETBANKING,14,Monday,0
TXN_012677,CUST_05909,8703.81,UPI,FAILED,LIMIT_EXCEEDED,34,6,3,2,NETBANKING,14,Thursday,0
TXN_012692,CUST_00606,7118.28,WALLET,FAILED,INSUFFICIENT_FUNDS,54,12,25,8,WALLET,13,Wednesday,0
TXN_012693,CUST_04341,17855.83,NETBANKING,FAILED,BANK_SERVER_DOWN,45,16,21,9,CARD,4,Wednesday,0
TXN_012697,CUST_07318,20823.56,UPI,FAILED,OTP_FAILURE,59,14,21,10,WALLET,16,Wednesday,0
TXN_012704,CUST_08797,885.5,CARD,FAILED,BANK_SERVER_DOWN,47,3,7,3,UPI,9,Sunday,0
TXN_012708,CUST_09900,18440.06,UPI,FAILED,LIMIT_EXCEEDED,31,7,23,2,WALLET,5,Thursday,0
TXN_012709,CUST_06627,17095.14,CARD,FAILED,BANK_TIMEOUT,42,4,20,9,WALLET,1,Monday,1
TXN_012718,CUST_01842,11856.12,NETBANKING,FAILED,OTP_FAILURE,42,1,24,7,UPI,6,Saturday,0
TXN_012719,CUST_06846,21055.94,UPI,FAILED,BANK_TIMEOUT,31,8,15,8,NETBANKING,12,Thursday,0
TXN_012726,CUST_01991,5360.54,CARD,FAILED,BANK_SERVER_DOWN,37,22,23,6,CARD,21,Wednesday,0
TXN_012744,CUST_09878,22449.46,UPI,FAILED,BANK_TIMEOUT,56,7,9,7,UPI,19,Wednesday,0
TXN_012754,CUST_09579,17518.34,WALLET,FAILED,INSUFFICIENT_FUNDS,44,5,23,9,CARD,18,Tuesday,0
TXN_012755,CUST_04782,15712.55,UPI,FAILED,BANK_SERVER_DOWN,55,16,20,10,UPI,22,Tuesday,1
TXN_012761,CUST_04714,1298.82,NETBANKING,FAILED,CARD_DECLINED,39,27,7,3,UPI,10,Friday,1
TXN_012773,CUST_07968,3815.53,CARD,FAILED,OTP_FAILURE,47,27,21,4,WALLET,11,Wednesday,1
TXN_012775,CUST_05120,22774.43,WALLET,FAILED,NETWORK_ERROR,45,7,10,6,NETBANKING,13,Saturday,0
TXN_012778,CUST_09797,6923.06,UPI,FAILED,BANK_TIMEOUT,33,27,6,2,WALLET,19,Wednesday,1
TXN_012779,CUST_06068,22883.17,UPI,FAILED,CARD_DECLINED,28,14,8,2,NETBANKING,6,Friday,0
TXN_012782,CUST_02926,6497.26,NETBANKING,FAILED,BANK_SERVER_DOWN,39,20,6,9,UPI,17,Sunday,0
TXN_012789,CUST_09709,7031.08,UPI,FAILED,CARD_DECLINED,36,22,25,9,NETBANKING,15,Wednesday,1
TXN_012807,CUST_00881,6512.94,NETBANKING,FAILED,LIMIT_EXCEEDED,42,10,6,4,WALLET,11,Sunday,0
TXN_012808,CUST_00473,19652.77,WALLET,FAILED,OTP_FAILURE,36,20,20,4,WALLET,7,Sunday,0
TXN_012822,CUST_01238,8592.27,WALLET,FAILED,BANK_SERVER_DOWN,51,7,5,4,NETBANKING,14,Monday,0
TXN_012826,CUST_01768,11772.06,NETBANKING,FAILED,CARD_DECLINED,33,2,25,10,WALLET,12,Tuesday,0
TXN_012831,CUST_09316,3122.65,UPI,FAILED,OTP_FAILURE,45,25,24,2,WALLET,17,Monday,1
TXN_012840,CUST_06298,2818.62,UPI,FAILED,INSUFFICIENT_FUNDS,53,1,20,7,WALLET,3,Friday,0
TXN_012846,CUST_01881,5952.86,CARD,FAILED,LIMIT_EXCEEDED,35,9,3,1,WALLET,1,Wednesday,0
TXN_012853,CUST_03445,6020.88,CARD,FAILED,OTP_FAILURE,43,28,19,3,WALLET,14,Monday,0
TXN_012854,CUST_07940,10648.12,UPI,FAILED,LIMIT_EXCEEDED,37,20,16,2,NETBANKING,14,Saturday,1
TXN_012855,CUST_05026,17815.16,WALLET,FAILED,BANK_SERVER_DOWN,28,26,16,3,NETBANKING,16,Wednesday,0
TXN_012873,CUST_09551,4995.95,WALLET,FAILED,BANK_TIMEOUT,25,14,2,6,NETBANKING,12,Saturday,1
TXN_012877,CUST_09680,9736.82,NETBANKING,FAILED,LIMIT_EXCEEDED,28,7,17,1,CARD,9,Friday,0
TXN_012884,CUST_01009,4355.05,NETBANKING,FAILED,NETWORK_ERROR,49,3,1,10,NETBANKING,23,Tuesday,1
TXN_012890,CUST_01501,5358.49,UPI,FAILED,BANK_SERVER_DOWN,48,2,23,1,WALLET,17,Tuesday,1
TXN_012891,CUST_06502,18007.07,UPI,FAILED,BANK_TIMEOUT,35,27,5,7,NETBANKING,13,Thursday,1
TXN_012892,CUST_07434,3071.55,CARD,FAILED,OTP_FAILURE,45,3,19,5,UPI,6,Thursday,0
TXN_012896,CUST_05510,14416.5,CARD,FAILED,LIMIT_EXCEEDED,43,3,14,10,NETBANKING,15,Tuesday,0
TXN_012900,CUST_07151,2214.28,CARD,FAILED,BANK_TIMEOUT,40,4,13,7,UPI,20,Friday,1
TXN_012901,CUST_09427,4237.55,CARD,FAILED,CARD_DECLINED,48,22,12,1,NETBANKING,2,Wednesday,0
TXN_012909,CUST_07979,6917.56,WALLET,FAILED,BANK_TIMEOUT,55,8,8,9,UPI,13,Friday,0
TXN_012914,CUST_05156,4910.79,WALLET,FAILED,BANK_SERVER_DOWN,33,22,7,0,CARD,2,Sunday,0
TXN_012924,CUST_01262,21258.64,WALLET,FAILED,NETWORK_ERROR,38,3,14,1,NETBANKING,2,Tuesday,0
TXN_012926,CUST_09515,3911.12,UPI,FAILED,NETWORK_ERROR,50,2,18,4,WALLET,8,Friday,0
TXN_012928,CUST_02284,8591.46,NETBANKING,FAILED,BANK_SERVER_DOWN,51,23,25,5,WALLET,8,Wednesday,0
TXN_012930,CUST_07316,18408.4,UPI,FAILED,BANK_SERVER_DOWN,18,17,8,5,CARD,0,Tuesday,0
TXN_012932,CUST_00024,12562.3,CARD,FAILED,OTP_FAILURE,32,30,10,2,UPI,14,Wednesday,1
TXN_012934,CUST_03575,21799.1,WALLET,FAILED,BANK_SERVER_DOWN,55,21,20,1,UPI,6,Wednesday,0
TXN_012938,CUST_02926,14057.97,NETBANKING,FAILED,CARD_DECLINED,39,20,6,9,UPI,4,Friday,0
TXN_012947,CUST_07391,6491.91,WALLET,FAILED,BANK_SERVER_DOWN,26,7,2,10,UPI,14,Thursday,0
TXN_012948,CUST_01897,10976.64,NETBANKING,FAILED,LIMIT_EXCEEDED,41,11,6,7,CARD,9,Monday,0
TXN_012959,CUST_02653,11461.19,CARD,FAILED,BANK_SERVER_DOWN,60,9,21,10,UPI,9,Saturday,0
TXN_012965,CUST_03872,6960.12,NETBANKING,FAILED,BANK_SERVER_DOWN,57,9,12,2,NETBANKING,4,Wednesday,0
TXN_012972,CUST_04381,15525.37,NETBANKING,FAILED,CARD_DECLINED,59,4,25,7,UPI,9,Sunday,0
TXN_012980,CUST_09572,7893.87,NETBANKING,FAILED,BANK_SERVER_DOWN,51,12,21,8,CARD,19,Saturday,0
TXN_012981,CUST_05980,18822.67,CARD,FAILED,LIMIT_EXCEEDED,44,22,21,4,NETBANKING,2,Friday,0
TXN_012983,CUST_01727,3551.97,CARD,FAILED,NETWORK_ERROR,49,1,1,7,WALLET,20,Saturday,0
TXN_012987,CUST_07861,24277.41,WALLET,FAILED,OTP_FAILURE,22,20,17,1,WALLET,8,Thursday,1
TXN_012992,CUST_06079,15651.77,CARD,FAILED,BANK_TIMEOUT,54,28,18,3,NETBANKING,17,Monday,0
TXN_013006,CUST_06991,23191.76,UPI,FAILED,INSUFFICIENT_FUNDS,37,21,22,5,UPI,6,Saturday,0
TXN_013007,CUST_01231,8547.26,NETBANKING,FAILED,OTP_FAILURE,33,17,25,1,UPI,8,Sunday,0
TXN_013014,CUST_08943,1090.65,UPI,FAILED,CARD_DECLINED,41,24,6,0,WALLET,21,Saturday,0
TXN_013017,CUST_05342,4332.9,CARD,FAILED,NETWORK_ERROR,55,18,5,6,NETBANKING,14,Thursday,1
TXN_013019,CUST_04896,21516.31,WALLET,FAILED,OTP_FAILURE,45,12,24,5,NETBANKING,2,Saturday,0
TXN_013047,CUST_03197,10553.74,UPI,FAILED,BANK_SERVER_DOWN,44,13,11,5,NETBANKING,21,Wednesday,0
TXN_013048,CUST_00268,1079.5,NETBANKING,FAILED,INSUFFICIENT_FUNDS,38,5,10,2,WALLET,16,Thursday,0
TXN_013050,CUST_02576,9752.86,WALLET,FAILED,LIMIT_EXCEEDED,21,21,3,8,WALLET,3,Sunday,0
TXN_013059,CUST_00549,14661.24,WALLET,FAILED,BANK_SERVER_DOWN,51,28,14,9,UPI,17,Monday,0
TXN_013065,CUST_09860,15368.19,CARD,FAILED,INSUFFICIENT_FUNDS,56,28,6,8,WALLET,11,Saturday,0
TXN_013067,CUST_06160,21328.81,CARD,FAILED,NETWORK_ERROR,46,30,19,10,WALLET,7,Sunday,0
TXN_013068,CUST_05680,17499.88,WALLET,FAILED,INSUFFICIENT_FUNDS,42,3,13,5,NETBANKING,7,Thursday,1
TXN_013074,CUST_01018,18010.83,CARD,FAILED,LIMIT_EXCEEDED,41,28,3,5,UPI,0,Friday,0
TXN_013086,CUST_06431,14413.28,WALLET,FAILED,LIMIT_EXCEEDED,24,19,12,8,NETBANKING,10,Friday,0
TXN_013089,CUST_08462,23404.95,UPI,FAILED,CARD_DECLINED,50,27,21,10,CARD,5,Friday,0
TXN_013091,CUST_07948,24601.16,UPI,FAILED,CARD_DECLINED,18,19,22,3,UPI,16,Sunday,1
TXN_013099,CUST_06245,16528.57,NETBANKING,FAILED,LIMIT_EXCEEDED,36,9,20,7,CARD,11,Thursday,0
TXN_013100,CUST_06401,18896.72,CARD,FAILED,NETWORK_ERROR,33,14,5,1,WALLET,8,Thursday,1
TXN_013101,CUST_07597,22461.73,NETBANKING,FAILED,INSUFFICIENT_FUNDS,27,30,2,2,UPI,18,Sunday,0
TXN_013105,CUST_04341,13933.67,WALLET,FAILED,CARD_DECLINED,45,16,21,9,CARD,2,Sunday,0
TXN_013109,CUST_06757,5592.96,WALLET,FAILED,BANK_SERVER_DOWN,26,25,22,9,UPI,20,Friday,0
TXN_013115,CUST_01618,4829.56,WALLET,FAILED,LIMIT_EXCEEDED,27,7,13,5,CARD,12,Monday,0
TXN_013119,CUST_08155,1942.75,UPI,FAILED,CARD_DECLINED,47,5,7,8,NETBANKING,15,Monday,0
TXN_013120,CUST_01683,9497.88,UPI,FAILED,BANK_SERVER_DOWN,36,4,23,8,WALLET,13,Friday,1
TXN_013127,CUST_08788,11731.31,NETBANKING,FAILED,CARD_DECLINED,58,24,24,7,UPI,23,Wednesday,0
TXN_013130,CUST_09351,2838.46,UPI,FAILED,NETWORK_ERROR,23,5,2,9,NETBANKING,5,Sunday,1
TXN_013137,CUST_04858,16770.53,UPI,FAILED,INSUFFICIENT_FUNDS,22,25,17,8,NETBANKING,20,Sunday,0
TXN_013149,CUST_00439,6577.92,CARD,FAILED,OTP_FAILURE,29,22,13,1,NETBANKING,15,Thursday,1
TXN_013150,CUST_05392,16577.88,UPI,FAILED,OTP_FAILURE,55,11,20,10,UPI,8,Sunday,0
TXN_013163,CUST_01557,20634.01,CARD,FAILED,OTP_FAILURE,48,2,7,10,UPI,0,Tuesday,0
TXN_013165,CUST_05291,18168.64,CARD,FAILED,OTP_FAILURE,31,14,7,5,UPI,4,Wednesday,0
TXN_013168,CUST_06853,6963.29,UPI,FAILED,OTP_FAILURE,57,23,18,1,WALLET,3,Wednesday,0
TXN_013203,CUST_02890,9317.48,CARD,FAILED,BANK_SERVER_DOWN,60,24,10,5,UPI,22,Sunday,0
TXN_013210,CUST_04478,7152.13,NETBANKING,FAILED,BANK_TIMEOUT,35,18,6,5,WALLET,1,Saturday,0
TXN_013225,CUST_00205,18962.96,UPI,FAILED,OTP_FAILURE,59,1,7,9,UPI,7,Wednesday,0
TXN_013231,CUST_01872,7287.08,UPI,FAILED,NETWORK_ERROR,57,19,10,4,CARD,0,Tuesday,0
TXN_013239,CUST_00760,18322.38,NETBANKING,FAILED,INSUFFICIENT_FUNDS,24,9,2,8,NETBANKING,16,Tuesday,0
TXN_013240,CUST_03828,7798.32,WALLET,FAILED,NETWORK_ERROR,22,25,18,9,UPI,6,Sunday,1
TXN_013248,CUST_02593,5835.83,NETBANKING,FAILED,OTP_FAILURE,28,25,5,0,WALLET,4,Wednesday,0
TXN_013250,CUST_07162,16725.1,UPI,FAILED,BANK_TIMEOUT,27,26,3,1,NETBANKING,2,Friday,1
TXN_013256,CUST_01046,1667.05,UPI,FAILED,OTP_FAILURE,20,9,2,10,WALLET,17,Monday,0
TXN_013267,CUST_07916,14409.88,UPI,FAILED,BANK_TIMEOUT,50,22,22,8,CARD,3,Thursday,0
TXN_013277,CUST_04513,22562.54,CARD,FAILED,BANK_TIMEOUT,60,10,1,10,WALLET,4,Wednesday,0
TXN_013283,CUST_06498,18013.48,WALLET,FAILED,NETWORK_ERROR,34,14,25,2,NETBANKING,12,Thursday,1
TXN_013290,CUST_06386,8994.61,CARD,FAILED,BANK_TIMEOUT,56,11,8,8,WALLET,4,Monday,1
TXN_013291,CUST_09674,15067.05,UPI,FAILED,BANK_SERVER_DOWN,53,29,17,2,UPI,5,Friday,0
TXN_013299,CUST_00599,14548.9,NETBANKING,FAILED,LIMIT_EXCEEDED,31,25,10,10,CARD,1,Tuesday,0
TXN_013300,CUST_01150,16960.37,UPI,FAILED,NETWORK_ERROR,60,25,14,10,NETBANKING,21,Saturday,1
TXN_013311,CUST_08723,6644.14,NETBANKING,FAILED,OTP_FAILURE,54,20,17,2,NETBANKING,17,Tuesday,1
TXN_013321,CUST_02993,11364.19,UPI,FAILED,NETWORK_ERROR,33,28,16,5,WALLET,9,Wednesday,1
TXN_013322,CUST_06397,16638.25,NETBANKING,FAILED,BANK_TIMEOUT,43,4,10,0,UPI,3,Wednesday,1
TXN_013326,CUST_07759,245.54,NETBANKING,FAILED,LIMIT_EXCEEDED,23,5,2,2,WALLET,5,Thursday,0
TXN_013335,CUST_06565,19791.71,CARD,FAILED,INSUFFICIENT_FUNDS,35,4,21,4,NETBANKING,16,Thursday,0
TXN_013348,CUST_06178,21039.55,CARD,FAILED,BANK_TIMEOUT,57,9,18,5,CARD,12,Thursday,1
TXN_013355,CUST_02210,17428.76,CARD,FAILED,OTP_FAILURE,24,5,18,5,UPI,15,Saturday,1
TXN_013366,CUST_09707,9030.07,WALLET,FAILED,INSUFFICIENT_FUNDS,28,17,8,9,UPI,22,Sunday,0
TXN_013367,CUST_07575,14256.85,UPI,FAILED,OTP_FAILURE,27,2,18,1,UPI,12,Thursday,0
TXN_013368,CUST_09406,7213.78,WALLET,FAILED,OTP_FAILURE,28,19,12,2,CARD,19,Monday,0
TXN_013373,CUST_05813,23885.69,CARD,FAILED,NETWORK_ERROR,58,7,11,2,NETBANKING,4,Saturday,1
TXN_013375,CUST_01136,2667.31,NETBANKING,FAILED,OTP_FAILURE,32,20,10,10,NETBANKING,1,Thursday,0
TXN_013380,CUST_08069,11654.28,UPI,FAILED,BANK_TIMEOUT,25,2,9,2,CARD,7,Monday,0
TXN_013382,CUST_03297,250.66,UPI,FAILED,CARD_DECLINED,60,9,19,6,WALLET,10,Monday,0
TXN_013391,CUST_05288,21565.11,NETBANKING,FAILED,CARD_DECLINED,48,30,5,7,UPI,22,Saturday,0
TXN_013393,CUST_04522,23775.42,NETBANKING,FAILED,CARD_DECLINED,54,1,13,5,WALLET,15,Sunday,0
TXN_013409,CUST_01043,18714.13,WALLET,FAILED,CARD_DECLINED,49,3,25,5,NETBANKING,15,Saturday,0
TXN_013418,CUST_07206,20981.65,CARD,FAILED,BANK_SERVER_DOWN,37,15,18,8,CARD,7,Wednesday,1
TXN_013438,CUST_00885,12450.16,UPI,FAILED,BANK_SERVER_DOWN,59,5,19,6,WALLET,21,Wednesday,1
TXN_013441,CUST_07940,19900.03,UPI,FAILED,BANK_SERVER_DOWN,37,20,16,2,NETBANKING,3,Friday,1
TXN_013452,CUST_03213,21725.17,CARD,FAILED,BANK_SERVER_DOWN,47,28,18,10,CARD,22,Wednesday,1
TXN_013453,CUST_03268,20862.76,NETBANKING,FAILED,BANK_TIMEOUT,31,16,6,10,UPI,1,Tuesday,0
TXN_013454,CUST_00126,16529.89,NETBANKING,FAILED,OTP_FAILURE,30,6,13,6,CARD,21,Wednesday,0
TXN_013457,CUST_08756,7581.98,UPI,FAILED,CARD_DECLINED,35,27,15,9,CARD,13,Tuesday,0
TXN_013462,CUST_06131,890.68,UPI,FAILED,OTP_FAILURE,26,21,8,8,NETBANKING,4,Monday,0
TXN_013473,CUST_03549,8807.12,CARD,FAILED,BANK_SERVER_DOWN,39,29,1,3,UPI,3,Sunday,0
TXN_013505,CUST_01088,20088.42,UPI,FAILED,LIMIT_EXCEEDED,38,9,10,1,CARD,20,Wednesday,0
TXN_013507,CUST_05040,4606.44,CARD,FAILED,BANK_TIMEOUT,57,20,16,9,UPI,1,Thursday,1
TXN_013509,CUST_07251,18401.81,WALLET,FAILED,BANK_TIMEOUT,49,23,3,0,CARD,21,Wednesday,1
TXN_013512,CUST_02261,10440.06,UPI,FAILED,NETWORK_ERROR,60,11,3,3,UPI,18,Thursday,1
TXN_013513,CUST_01100,1247.38,CARD,FAILED,CARD_DECLINED,47,7,12,5,CARD,10,Wednesday,0
TXN_013516,CUST_09477,22363.71,CARD,FAILED,OTP_FAILURE,59,24,5,0,NETBANKING,15,Monday,0
TXN_013522,CUST_09560,10689.78,WALLET,FAILED,OTP_FAILURE,35,20,20,3,UPI,1,Wednesday,0
TXN_013525,CUST_04024,1385.43,WALLET,FAILED,BANK_TIMEOUT,45,8,20,4,WALLET,19,Saturday,1
TXN_013526,CUST_03117,20015.21,NETBANKING,FAILED,LIMIT_EXCEEDED,30,9,16,1,NETBANKING,3,Sunday,0
TXN_013527,CUST_07970,24545.8,WALLET,FAILED,BANK_SERVER_DOWN,44,19,7,8,WALLET,10,Friday,0
TXN_013528,CUST_03753,9600.63,WALLET,FAILED,LIMIT_EXCEEDED,20,28,7,8,UPI,16,Thursday,0
TXN_013532,CUST_05566,20821.34,UPI,FAILED,BANK_SERVER_DOWN,57,28,25,3,CARD,13,Wednesday,0
TXN_013535,CUST_03382,8089.92,UPI,FAILED,NETWORK_ERROR,50,16,22,3,CARD,11,Wednesday,1
TXN_013537,CUST_04059,2309.69,CARD,FAILED,BANK_SERVER_DOWN,52,16,18,10,NETBANKING,13,Friday,1
TXN_013544,CUST_04453,8650.07,NETBANKING,FAILED,OTP_FAILURE,34,15,15,5,CARD,13,Wednesday,0
TXN_013549,CUST_09106,13550.45,WALLET,FAILED,OTP_FAILURE,24,25,22,8,UPI,9,Tuesday,1
TXN_013550,CUST_06285,11500.41,UPI,FAILED,LIMIT_EXCEEDED,18,12,20,4,NETBANKING,11,Friday,0
TXN_013562,CUST_04356,21126.23,CARD,FAILED,LIMIT_EXCEEDED,49,7,25,10,NETBANKING,0,Monday,0
TXN_013581,CUST_08981,7027.75,CARD,FAILED,LIMIT_EXCEEDED,19,24,2,6,UPI,4,Saturday,0
TXN_013591,CUST_08596,1642.67,NETBANKING,FAILED,OTP_FAILURE,35,24,1,2,CARD,12,Thursday,1
TXN_013592,CUST_09301,24639.92,WALLET,FAILED,OTP_FAILURE,26,23,12,2,NETBANKING,17,Wednesday,1
TXN_013609,CUST_08050,16427.01,UPI,FAILED,BANK_SERVER_DOWN,40,8,7,0,WALLET,13,Monday,0
TXN_013613,CUST_04423,11327.8,UPI,FAILED,NETWORK_ERROR,26,21,10,0,CARD,5,Monday,0
TXN_013614,CUST_07539,3052.68,UPI,FAILED,OTP_FAILURE,52,30,6,5,CARD,13,Sunday,0
TXN_013615,CUST_06672,20987.63,UPI,FAILED,LIMIT_EXCEEDED,47,4,12,0,UPI,21,Monday,0
TXN_013624,CUST_03070,24062.78,WALLET,FAILED,NETWORK_ERROR,32,25,15,8,UPI,13,Friday,1
TXN_013629,CUST_06226,23441.46,CARD,FAILED,INSUFFICIENT_FUNDS,52,4,15,9,NETBANKING,9,Friday,0
TXN_013646,CUST_03648,2453.72,UPI,FAILED,INSUFFICIENT_FUNDS,30,4,12,0,CARD,1,Sunday,1
TXN_013656,CUST_09330,18939.39,WALLET,FAILED,CARD_DECLINED,43,22,4,1,UPI,19,Friday,0
TXN_013660,CUST_08560,6712.73,UPI,FAILED,NETWORK_ERROR,42,11,13,4,UPI,10,Thursday,1
TXN_013663,CUST_09133,4912.43,WALLET,FAILED,OTP_FAILURE,47,22,15,3,NETBANKING,22,Thursday,1
TXN_013665,CUST_08391,575.24,NETBANKING,FAILED,CARD_DECLINED,47,20,3,7,NETBANKING,2,Thursday,0
TXN_013666,CUST_06943,12311.7,NETBANKING,FAILED,NETWORK_ERROR,38,16,15,2,CARD,17,Friday,1
TXN_013673,CUST_01979,20814.71,WALLET,FAILED,LIMIT_EXCEEDED,45,26,4,5,NETBANKING,20,Thursday,0
TXN_013674,CUST_05535,12854.56,NETBANKING,FAILED,LIMIT_EXCEEDED,48,10,7,3,CARD,23,Monday,0
TXN_013675,CUST_01761,8562.52,CARD,FAILED,CARD_DECLINED,58,3,20,0,WALLET,8,Sunday,0
TXN_013678,CUST_06271,21770.18,CARD,FAILED,INSUFFICIENT_FUNDS,48,15,19,3,NETBANKING,7,Thursday,0
TXN_013680,CUST_08719,7780.48,WALLET,FAILED,INSUFFICIENT_FUNDS,37,19,23,7,CARD,15,Saturday,0
TXN_013681,CUST_03089,10183.75,WALLET,FAILED,BANK_SERVER_DOWN,43,26,13,10,CARD,15,Sunday,0
TXN_013683,CUST_01043,7315.68,CARD,FAILED,OTP_FAILURE,49,3,25,5,NETBANKING,23,Monday,0
TXN_013685,CUST_08787,5552.15,UPI,FAILED,BANK_TIMEOUT,18,1,25,9,UPI,22,Sunday,0
TXN_013691,CUST_00984,22422.87,WALLET,FAILED,OTP_FAILURE,35,25,7,6,NETBANKING,6,Monday,0
TXN_013695,CUST_05974,22202.45,CARD,FAILED,LIMIT_EXCEEDED,31,28,19,8,WALLET,3,Friday,0
TXN_013711,CUST_00600,3282.66,WALLET,FAILED,OTP_FAILURE,34,22,9,1,UPI,11,Monday,0
TXN_013720,CUST_09183,14220.85,UPI,FAILED,BANK_SERVER_DOWN,19,18,12,8,NETBANKING,21,Tuesday,0
TXN_013729,CUST_02887,19360.71,NETBANKING,FAILED,OTP_FAILURE,27,30,19,1,UPI,15,Monday,0
TXN_013733,CUST_08142,1036.62,UPI,FAILED,OTP_FAILURE,59,8,14,8,WALLET,18,Saturday,0
TXN_013741,CUST_07487,8245.87,NETBANKING,FAILED,NETWORK_ERROR,25,16,6,10,WALLET,5,Tuesday,0
TXN_013746,CUST_03722,20900.06,UPI,FAILED,BANK_TIMEOUT,47,14,17,8,WALLET,3,Monday,0
TXN_013747,CUST_09928,2779.0,WALLET,FAILED,BANK_TIMEOUT,39,7,13,1,WALLET,17,Wednesday,1
TXN_013748,CUST_08814,20109.69,WALLET,FAILED,LIMIT_EXCEEDED,20,19,15,5,UPI,16,Tuesday,0
TXN_013750,CUST_01217,8704.31,WALLET,FAILED,BANK_TIMEOUT,35,17,19,7,UPI,0,Wednesday,1
TXN_013756,CUST_07953,17181.4,WALLET,FAILED,LIMIT_EXCEEDED,34,12,20,1,CARD,10,Friday,0
TXN_013760,CUST_03850,22977.41,WALLET,FAILED,CARD_DECLINED,33,28,25,7,NETBANKING,13,Thursday,0
TXN_013768,CUST_09684,4045.72,WALLET,FAILED,LIMIT_EXCEEDED,28,11,19,5,WALLET,22,Saturday,0
TXN_013778,CUST_06476,6824.81,UPI,FAILED,LIMIT_EXCEEDED,56,25,19,6,WALLET,16,Thursday,1
TXN_013784,CUST_00704,118.26,WALLET,FAILED,NETWORK_ERROR,48,5,13,6,NETBANKING,10,Thursday,0
TXN_013785,CUST_02875,17653.19,WALLET,FAILED,NETWORK_ERROR,58,1,5,0,WALLET,14,Sunday,0
TXN_013791,CUST_04944,2965.08,NETBANKING,FAILED,NETWORK_ERROR,25,17,6,0,CARD,17,Thursday,1
TXN_013794,CUST_04257,13179.86,NETBANKING,FAILED,OTP_FAILURE,57,5,3,10,CARD,7,Sunday,0
TXN_013797,CUST_06788,3573.61,CARD,FAILED,NETWORK_ERROR,21,10,5,1,WALLET,9,Monday,1
TXN_013799,CUST_04105,2534.59,NETBANKING,FAILED,LIMIT_EXCEEDED,56,13,11,7,UPI,13,Friday,0
TXN_013810,CUST_08738,13206.74,WALLET,FAILED,BANK_TIMEOUT,28,1,19,4,NETBANKING,4,Saturday,1
TXN_013818,CUST_09391,12459.94,NETBANKING,FAILED,OTP_FAILURE,29,3,2,10,NETBANKING,3,Saturday,0
TXN_013819,CUST_04987,3741.12,CARD,FAILED,NETWORK_ERROR,28,21,1,3,CARD,21,Friday,0
TXN_013821,CUST_01273,5895.13,CARD,FAILED,NETWORK_ERROR,18,4,23,3,UPI,21,Sunday,0
TXN_013822,CUST_04237,875.35,WALLET,FAILED,OTP_FAILURE,35,6,13,2,UPI,0,Sunday,0
TXN_013830,CUST_04088,23813.95,CARD,FAILED,OTP_FAILURE,57,21,16,3,CARD,4,Tuesday,1
TXN_013831,CUST_05000,24942.82,WALLET,FAILED,BANK_TIMEOUT,49,5,15,0,NETBANKING,21,Wednesday,1
TXN_013844,CUST_00096,21677.21,WALLET,FAILED,CARD_DECLINED,43,8,5,10,CARD,14,Sunday,0
TXN_013847,CUST_01838,5649.85,WALLET,FAILED,CARD_DECLINED,42,7,11,3,UPI,1,Sunday,0
TXN_013848,CUST_00631,6685.77,CARD,FAILED,LIMIT_EXCEEDED,52,20,6,0,UPI,18,Saturday,0
TXN_013855,CUST_00746,16041.75,CARD,FAILED,OTP_FAILURE,31,18,9,8,WALLET,16,Wednesday,0
TXN_013861,CUST_02131,5618.53,WALLET,FAILED,NETWORK_ERROR,36,3,8,10,UPI,17,Wednesday,0
TXN_013869,CUST_03255,142.37,UPI,FAILED,BANK_SERVER_DOWN,47,13,21,5,CARD,14,Wednesday,0
TXN_013872,CUST_02365,20769.61,WALLET,FAILED,BANK_SERVER_DOWN,33,11,1,0,CARD,14,Monday,0
TXN_013880,CUST_02861,3967.59,CARD,FAILED,LIMIT_EXCEEDED,43,18,13,2,WALLET,8,Saturday,1
TXN_013887,CUST_07161,6701.13,NETBANKING,FAILED,BANK_TIMEOUT,35,12,24,1,WALLET,7,Saturday,0
TXN_013893,CUST_08913,2285.73,UPI,FAILED,INSUFFICIENT_FUNDS,22,9,22,3,NETBANKING,0,Saturday,1
TXN_013896,CUST_08695,15483.84,UPI,FAILED,LIMIT_EXCEEDED,19,5,24,6,CARD,2,Friday,0
TXN_013905,CUST_09207,24738.25,NETBANKING,FAILED,OTP_FAILURE,40,28,25,6,UPI,13,Saturday,0
TXN_013907,CUST_06543,16135.57,WALLET,FAILED,BANK_SERVER_DOWN,51,18,14,6,WALLET,10,Tuesday,0
TXN_013911,CUST_06514,11690.03,UPI,FAILED,INSUFFICIENT_FUNDS,55,23,6,3,NETBANKING,21,Thursday,0
TXN_013916,CUST_06699,20485.96,UPI,FAILED,INSUFFICIENT_FUNDS,53,10,19,4,WALLET,23,Wednesday,0
TXN_013919,CUST_06200,16534.23,CARD,FAILED,BANK_SERVER_DOWN,29,10,7,1,WALLET,15,Sunday,0
TXN_013929,CUST_02770,3423.37,WALLET,FAILED,OTP_FAILURE,18,24,5,2,NETBANKING,7,Thursday,0
TXN_013932,CUST_08741,14981.11,NETBANKING,FAILED,BANK_SERVER_DOWN,40,5,5,1,CARD,1,Thursday,0
TXN_013933,CUST_03693,658.8,UPI,FAILED,NETWORK_ERROR,23,12,23,0,WALLET,1,Sunday,0
TXN_013948,CUST_03103,8322.28,UPI,FAILED,OTP_FAILURE,46,6,10,6,WALLET,15,Friday,0
TXN_013954,CUST_01782,23822.88,CARD,FAILED,CARD_DECLINED,42,13,15,7,CARD,16,Wednesday,0
TXN_013957,CUST_08136,5395.58,UPI,FAILED,CARD_DECLINED,30,9,20,3,NETBANKING,2,Friday,0
TXN_013959,CUST_06110,9431.29,UPI,FAILED,LIMIT_EXCEEDED,52,29,16,9,WALLET,5,Friday,0
TXN_013964,CUST_02685,19367.49,UPI,FAILED,CARD_DECLINED,49,9,25,10,UPI,3,Friday,1
TXN_013970,CUST_02427,13089.99,CARD,FAILED,CARD_DECLINED,35,11,24,5,WALLET,6,Sunday,0
TXN_013975,CUST_02387,15029.34,CARD,FAILED,BANK_TIMEOUT,43,18,8,9,NETBANKING,21,Tuesday,0
TXN_013983,CUST_01921,15147.3,WALLET,FAILED,INSUFFICIENT_FUNDS,26,7,9,7,UPI,17,Saturday,0
TXN_013984,CUST_09245,10246.29,WALLET,FAILED,BANK_TIMEOUT,57,13,1,2,NETBANKING,10,Friday,0
TXN_013991,CUST_05789,785.83,NETBANKING,FAILED,NETWORK_ERROR,37,5,14,1,UPI,9,Thursday,1
TXN_013997,CUST_06353,2869.72,NETBANKING,FAILED,BANK_TIMEOUT,40,7,17,3,CARD,8,Tuesday,1
TXN_014000,CUST_03393,23746.66,CARD,FAILED,OTP_FAILURE,21,23,3,5,WALLET,2,Friday,0
TXN_014004,CUST_00850,18867.99,CARD,FAILED,NETWORK_ERROR,23,22,2,2,NETBANKING,23,Monday,0
TXN_014008,CUST_07733,18991.35,NETBANKING,FAILED,CARD_DECLINED,32,4,6,10,WALLET,16,Tuesday,0
TXN_014012,CUST_00032,20449.19,UPI,FAILED,CARD_DECLINED,39,27,21,3,CARD,1,Friday,0
TXN_014020,CUST_02233,10077.46,UPI,FAILED,BANK_TIMEOUT,35,24,14,1,UPI,4,Friday,1
TXN_014031,CUST_02917,12361.93,NETBANKING,FAILED,OTP_FAILURE,49,25,4,4,UPI,10,Sunday,0
TXN_014034,CUST_06776,19246.15,WALLET,FAILED,OTP_FAILURE,20,22,24,3,WALLET,17,Sunday,1
TXN_014047,CUST_08739,4756.85,WALLET,FAILED,CARD_DECLINED,57,21,8,7,UPI,13,Saturday,0
TXN_014048,CUST_08878,23168.57,UPI,FAILED,BANK_SERVER_DOWN,46,5,15,6,NETBANKING,8,Monday,0
TXN_014057,CUST_03055,682.81,NETBANKING,FAILED,NETWORK_ERROR,56,22,25,6,NETBANKING,18,Tuesday,1
TXN_014069,CUST_04835,5917.5,NETBANKING,FAILED,CARD_DECLINED,37,3,3,2,CARD,17,Wednesday,0
TXN_014076,CUST_09272,15366.65,NETBANKING,FAILED,OTP_FAILURE,18,22,4,9,CARD,16,Wednesday,0
TXN_014086,CUST_08758,11528.28,UPI,FAILED,CARD_DECLINED,44,15,25,7,NETBANKING,6,Wednesday,0
TXN_014090,CUST_02743,1923.7,NETBANKING,FAILED,BANK_TIMEOUT,39,9,20,0,CARD,17,Tuesday,0
TXN_014099,CUST_05946,6625.46,WALLET,FAILED,BANK_SERVER_DOWN,58,21,19,2,UPI,3,Friday,0
TXN_014101,CUST_07443,5762.32,UPI,FAILED,NETWORK_ERROR,22,11,25,4,CARD,22,Monday,1
TXN_014103,CUST_04191,15341.33,WALLET,FAILED,BANK_SERVER_DOWN,29,27,7,10,CARD,16,Friday,0
TXN_014112,CUST_09768,22983.47,NETBANKING,FAILED,CARD_DECLINED,32,3,3,5,NETBANKING,22,Saturday,0
TXN_014117,CUST_04593,10570.24,WALLET,FAILED,OTP_FAILURE,19,13,16,6,CARD,5,Wednesday,0
TXN_014118,CUST_03576,10489.26,CARD,FAILED,BANK_TIMEOUT,18,26,2,3,WALLET,8,Monday,0
TXN_014122,CUST_07369,22161.25,CARD,FAILED,BANK_TIMEOUT,55,3,7,7,WALLET,9,Saturday,0
TXN_014137,CUST_04202,6711.23,WALLET,FAILED,NETWORK_ERROR,40,6,8,5,UPI,22,Monday,0
TXN_014142,CUST_03205,15583.01,NETBANKING,FAILED,LIMIT_EXCEEDED,47,1,3,0,WALLET,1,Saturday,0
TXN_014148,CUST_06990,10890.33,NETBANKING,FAILED,NETWORK_ERROR,54,20,3,5,WALLET,6,Wednesday,1
TXN_014155,CUST_06865,1219.26,WALLET,FAILED,CARD_DECLINED,25,21,9,1,CARD,14,Thursday,0
TXN_014165,CUST_07198,5372.02,WALLET,FAILED,BANK_SERVER_DOWN,45,4,9,6,UPI,1,Friday,0
TXN_014170,CUST_01070,11430.16,UPI,FAILED,BANK_TIMEOUT,58,17,18,6,WALLET,14,Sunday,1
TXN_014171,CUST_08099,23518.99,UPI,FAILED,LIMIT_EXCEEDED,20,15,2,3,WALLET,17,Thursday,0
TXN_014173,CUST_05606,13874.35,CARD,FAILED,NETWORK_ERROR,41,28,17,7,UPI,15,Friday,0
TXN_014189,CUST_09299,17625.35,CARD,FAILED,INSUFFICIENT_FUNDS,28,9,20,8,WALLET,22,Wednesday,0
TXN_014192,CUST_05740,6062.85,NETBANKING,FAILED,INSUFFICIENT_FUNDS,18,7,12,9,CARD,6,Sunday,0
TXN_014210,CUST_01382,8808.06,UPI,FAILED,INSUFFICIENT_FUNDS,44,19,18,2,NETBANKING,1,Wednesday,1
TXN_014214,CUST_05501,21678.19,NETBANKING,FAILED,OTP_FAILURE,44,7,20,5,WALLET,4,Saturday,0
TXN_014218,CUST_03227,10148.94,UPI,FAILED,BANK_TIMEOUT,35,15,16,6,CARD,4,Monday,1
TXN_014220,CUST_05889,10027.28,UPI,FAILED,CARD_DECLINED,49,3,6,8,NETBANKING,7,Thursday,0
TXN_014224,CUST_02964,15372.62,WALLET,FAILED,BANK_SERVER_DOWN,39,8,3,9,CARD,8,Tuesday,0
TXN_014229,CUST_00441,3271.47,UPI,FAILED,BANK_TIMEOUT,38,3,18,7,WALLET,21,Friday,1
TXN_014231,CUST_03804,14245.74,NETBANKING,FAILED,BANK_TIMEOUT,27,24,18,7,WALLET,9,Tuesday,0
TXN_014233,CUST_05872,1826.73,WALLET,FAILED,BANK_TIMEOUT,29,17,23,9,CARD,16,Thursday,1
TXN_014244,CUST_04520,24327.09,NETBANKING,FAILED,BANK_TIMEOUT,37,3,17,6,WALLET,23,Wednesday,1
TXN_014246,CUST_01512,16906.4,UPI,FAILED,OTP_FAILURE,25,1,13,1,WALLET,17,Monday,0
TXN_014255,CUST_00654,20420.28,WALLET,FAILED,INSUFFICIENT_FUNDS,19,5,23,10,NETBANKING,21,Wednesday,1
TXN_014258,CUST_09771,13717.35,WALLET,FAILED,NETWORK_ERROR,56,29,7,0,UPI,16,Tuesday,0
TXN_014268,CUST_05105,11852.0,CARD,FAILED,OTP_FAILURE,21,27,11,3,NETBANKING,15,Monday,0
TXN_014269,CUST_03225,5550.73,CARD,FAILED,LIMIT_EXCEEDED,51,28,24,2,UPI,20,Friday,0
TXN_014282,CUST_03045,13947.99,WALLET,FAILED,LIMIT_EXCEEDED,40,28,20,2,UPI,6,Saturday,0
TXN_014298,CUST_06391,5196.63,UPI,FAILED,BANK_SERVER_DOWN,24,13,6,3,NETBANKING,8,Tuesday,0
TXN_014305,CUST_04348,5094.05,NETBANKING,FAILED,OTP_FAILURE,44,7,22,5,CARD,8,Sunday,0
TXN_014317,CUST_07318,11859.16,WALLET,FAILED,LIMIT_EXCEEDED,59,14,21,10,WALLET,15,Saturday,0
TXN_014320,CUST_08227,8915.96,CARD,FAILED,BANK_SERVER_DOWN,34,10,19,3,CARD,12,Saturday,1
TXN_014325,CUST_05261,3695.71,WALLET,FAILED,NETWORK_ERROR,29,25,7,6,CARD,19,Tuesday,0
TXN_014326,CUST_09952,13397.16,NETBANKING,FAILED,BANK_SERVER_DOWN,48,19,13,1,WALLET,14,Thursday,0
TXN_014328,CUST_05941,15000.0,NETBANKING,FAILED,NETWORK_ERROR,27,25,24,8,UPI,23,Friday,1
TXN_014348,CUST_08183,16359.81,CARD,FAILED,CARD_DECLINED,50,15,25,5,WALLET,3,Monday,0
TXN_014361,CUST_03666,5466.14,CARD,FAILED,BANK_SERVER_DOWN,42,21,11,6,WALLET,11,Wednesday,0
TXN_014369,CUST_01870,2660.17,UPI,FAILED,INSUFFICIENT_FUNDS,40,19,12,7,CARD,6,Wednesday,0
TXN_014372,CUST_07574,17181.25,UPI,FAILED,OTP_FAILURE,56,23,14,4,WALLET,7,Thursday,0
TXN_014379,CUST_07030,13504.24,NETBANKING,FAILED,INSUFFICIENT_FUNDS,22,10,15,2,CARD,9,Saturday,0
TXN_014381,CUST_08128,12051.93,NETBANKING,FAILED,INSUFFICIENT_FUNDS,24,21,20,4,UPI,12,Tuesday,1
TXN_014383,CUST_08264,14168.27,UPI,FAILED,LIMIT_EXCEEDED,31,14,16,3,NETBANKING,8,Saturday,0
TXN_014390,CUST_06197,5877.41,CARD,FAILED,CARD_DECLINED,45,16,16,4,UPI,20,Thursday,0
TXN_014393,CUST_00410,2079.61,CARD,FAILED,LIMIT_EXCEEDED,32,1,1,10,NETBANKING,16,Wednesday,1
TXN_014396,CUST_02211,4275.32,CARD,FAILED,OTP_FAILURE,59,20,14,4,UPI,11,Wednesday,1
TXN_014400,CUST_05774,1787.84,WALLET,FAILED,LIMIT_EXCEEDED,53,8,6,6,CARD,3,Thursday,0
TXN_014408,CUST_03596,19741.45,WALLET,FAILED,OTP_FAILURE,32,7,14,9,NETBANKING,9,Sunday,0
TXN_014413,CUST_07750,15650.39,WALLET,FAILED,LIMIT_EXCEEDED,24,8,16,2,CARD,20,Tuesday,0
TXN_014415,CUST_08922,23195.27,WALLET,FAILED,BANK_SERVER_DOWN,20,7,25,2,UPI,0,Thursday,0
TXN_014417,CUST_06294,4489.4,UPI,FAILED,INSUFFICIENT_FUNDS,41,19,5,7,NETBANKING,1,Saturday,1
TXN_014423,CUST_06931,23391.35,CARD,FAILED,NETWORK_ERROR,23,7,19,6,CARD,14,Tuesday,1
TXN_014424,CUST_09016,12512.65,UPI,FAILED,LIMIT_EXCEEDED,30,12,14,8,WALLET,10,Tuesday,0
TXN_014432,CUST_01459,3570.42,UPI,FAILED,BANK_SERVER_DOWN,30,19,14,3,CARD,2,Monday,0
TXN_014439,CUST_04118,18200.12,NETBANKING,FAILED,LIMIT_EXCEEDED,34,23,16,10,NETBANKING,2,Monday,0
TXN_014448,CUST_01986,15348.14,WALLET,FAILED,OTP_FAILURE,19,6,16,8,CARD,15,Thursday,0
TXN_014452,CUST_00589,15704.29,WALLET,FAILED,OTP_FAILURE,52,3,9,5,CARD,1,Friday,0
TXN_014469,CUST_04986,12263.51,WALLET,FAILED,LIMIT_EXCEEDED,21,30,17,1,CARD,0,Friday,0
TXN_014489,CUST_01619,24727.92,UPI,FAILED,NETWORK_ERROR,53,4,1,9,WALLET,7,Monday,1
TXN_014501,CUST_01584,23834.64,NETBANKING,FAILED,OTP_FAILURE,54,24,9,7,WALLET,12,Thursday,0
TXN_014502,CUST_09459,3106.61,UPI,FAILED,CARD_DECLINED,22,20,4,3,NETBANKING,7,Tuesday,0
TXN_014504,CUST_06365,13703.91,UPI,FAILED,BANK_TIMEOUT,58,22,6,8,WALLET,0,Monday,0
TXN_014510,CUST_06426,4436.23,CARD,FAILED,BANK_TIMEOUT,45,14,21,7,WALLET,12,Thursday,1
TXN_014512,CUST_03447,19399.36,CARD,FAILED,OTP_FAILURE,18,28,23,2,NETBANKING,11,Tuesday,0
TXN_014518,CUST_02559,6932.8,UPI,FAILED,OTP_FAILURE,41,12,16,8,CARD,17,Thursday,1
TXN_014537,CUST_09870,5154.29,CARD,FAILED,LIMIT_EXCEEDED,33,26,22,6,UPI,0,Friday,1
TXN_014556,CUST_06557,9595.94,WALLET,FAILED,INSUFFICIENT_FUNDS,25,16,14,10,CARD,2,Thursday,0
TXN_014560,CUST_00375,24097.88,CARD,FAILED,OTP_FAILURE,23,20,21,5,UPI,12,Sunday,1
TXN_014564,CUST_03392,22492.03,NETBANKING,FAILED,BANK_TIMEOUT,35,6,12,5,NETBANKING,14,Monday,0
TXN_014573,CUST_02931,13847.4,UPI,FAILED,NETWORK_ERROR,37,18,15,4,WALLET,5,Wednesday,0
TXN_014578,CUST_01240,2131.07,WALLET,FAILED,LIMIT_EXCEEDED,38,23,19,1,CARD,18,Monday,0
TXN_014579,CUST_01319,3634.69,NETBANKING,FAILED,NETWORK_ERROR,49,7,15,0,UPI,5,Saturday,1
TXN_014585,CUST_05059,135.43,NETBANKING,FAILED,LIMIT_EXCEEDED,40,13,7,6,WALLET,16,Tuesday,0
TXN_014594,CUST_07709,5000.11,UPI,FAILED,LIMIT_EXCEEDED,20,18,2,3,UPI,21,Friday,0
TXN_014600,CUST_02042,5268.76,CARD,FAILED,BANK_TIMEOUT,44,30,18,3,UPI,9,Friday,1
TXN_014610,CUST_05763,8541.33,WALLET,FAILED,OTP_FAILURE,54,26,6,1,WALLET,14,Saturday,1
TXN_014628,CUST_08529,1022.14,UPI,FAILED,INSUFFICIENT_FUNDS,31,4,18,5,CARD,3,Sunday,0
TXN_014631,CUST_03271,21707.55,NETBANKING,FAILED,CARD_DECLINED,51,16,8,1,UPI,10,Thursday,0
TXN_014637,CUST_08425,13454.4,WALLET,FAILED,CARD_DECLINED,39,29,8,3,CARD,10,Wednesday,0
TXN_014641,CUST_08731,4039.33,WALLET,FAILED,CARD_DECLINED,40,16,5,9,WALLET,7,Tuesday,1
TXN_014645,CUST_05041,8755.07,CARD,FAILED,BANK_TIMEOUT,21,8,24,4,CARD,22,Thursday,1
TXN_014647,CUST_07003,24619.48,CARD,FAILED,CARD_DECLINED,56,26,3,4,UPI,8,Wednesday,0
TXN_014648,CUST_07106,20204.03,UPI,FAILED,CARD_DECLINED,40,19,9,10,CARD,11,Saturday,0
TXN_014667,CUST_05186,17115.97,WALLET,FAILED,LIMIT_EXCEEDED,52,19,18,2,CARD,14,Monday,0
TXN_014674,CUST_09281,23830.05,NETBANKING,FAILED,LIMIT_EXCEEDED,55,30,9,8,CARD,0,Sunday,0
TXN_014708,CUST_04755,1841.69,WALLET,FAILED,OTP_FAILURE,44,11,8,1,NETBANKING,22,Monday,0
TXN_014717,CUST_08880,23684.31,NETBANKING,FAILED,OTP_FAILURE,20,22,10,5,CARD,11,Sunday,0
TXN_014726,CUST_05216,19527.81,WALLET,FAILED,LIMIT_EXCEEDED,39,15,18,2,CARD,7,Thursday,0
TXN_014736,CUST_06510,11964.41,UPI,FAILED,BANK_SERVER_DOWN,19,10,5,1,WALLET,22,Monday,0
TXN_014739,CUST_05570,12880.06,UPI,FAILED,CARD_DECLINED,21,16,10,5,CARD,0,Friday,0
TXN_014741,CUST_09948,11242.6,UPI,FAILED,BANK_SERVER_DOWN,51,2,5,6,CARD,23,Wednesday,0
TXN_014755,CUST_09170,15484.94,CARD,FAILED,BANK_SERVER_DOWN,20,15,24,8,NETBANKING,6,Tuesday,1
TXN_014756,CUST_08372,19966.85,NETBANKING,FAILED,CARD_DECLINED,26,29,4,4,UPI,5,Wednesday,0
TXN_014774,CUST_07614,15047.18,UPI,FAILED,BANK_TIMEOUT,30,1,7,2,UPI,11,Thursday,0
TXN_014776,CUST_00024,15935.64,UPI,FAILED,BANK_TIMEOUT,32,30,10,2,UPI,19,Wednesday,0
TXN_014786,CUST_06562,7779.14,WALLET,FAILED,BANK_SERVER_DOWN,32,27,11,7,NETBANKING,19,Monday,1
TXN_014790,CUST_03060,21286.13,UPI,FAILED,NETWORK_ERROR,55,26,6,7,NETBANKING,1,Tuesday,1
TXN_014806,CUST_09108,3650.49,NETBANKING,FAILED,NETWORK_ERROR,35,17,24,10,WALLET,5,Sunday,1
TXN_014809,CUST_09857,18543.64,NETBANKING,FAILED,BANK_TIMEOUT,30,21,8,8,UPI,23,Saturday,0
TXN_014811,CUST_07902,10673.41,CARD,FAILED,CARD_DECLINED,53,13,11,0,WALLET,21,Sunday,0
TXN_014815,CUST_08928,5586.3,NETBANKING,FAILED,INSUFFICIENT_FUNDS,40,6,12,5,NETBANKING,9,Tuesday,0
TXN_014828,CUST_05770,21605.16,NETBANKING,FAILED,OTP_FAILURE,59,3,15,6,CARD,17,Wednesday,0
TXN_014840,CUST_00389,21745.87,NETBANKING,FAILED,CARD_DECLINED,20,18,1,7,CARD,18,Monday,0
TXN_014841,CUST_04406,11084.12,NETBANKING,FAILED,BANK_TIMEOUT,32,11,19,2,WALLET,20,Saturday,1
TXN_014842,CUST_04648,19039.93,UPI,FAILED,OTP_FAILURE,40,29,10,10,UPI,11,Wednesday,0
TXN_014846,CUST_09607,17480.89,CARD,FAILED,BANK_TIMEOUT,18,15,13,3,NETBANKING,7,Monday,0
TXN_014851,CUST_00532,7724.65,NETBANKING,FAILED,OTP_FAILURE,32,7,7,0,UPI,15,Saturday,0
TXN_014852,CUST_04565,24894.52,NETBANKING,FAILED,CARD_DECLINED,41,4,18,7,NETBANKING,5,Wednesday,0
TXN_014856,CUST_06020,3501.97,WALLET,FAILED,CARD_DECLINED,57,28,3,4,CARD,22,Tuesday,0
TXN_014863,CUST_01322,18906.05,NETBANKING,FAILED,LIMIT_EXCEEDED,22,20,21,9,NETBANKING,22,Saturday,0
TXN_014869,CUST_05904,7031.08,WALLET,FAILED,LIMIT_EXCEEDED,51,27,19,6,WALLET,17,Friday,1
TXN_014874,CUST_07605,17682.39,NETBANKING,FAILED,INSUFFICIENT_FUNDS,48,15,4,7,UPI,21,Friday,0
TXN_014879,CUST_06854,16161.13,NETBANKING,FAILED,NETWORK_ERROR,43,12,15,9,NETBANKING,1,Sunday,1
TXN_014880,CUST_06601,23561.4,WALLET,FAILED,LIMIT_EXCEEDED,55,14,12,1,NETBANKING,2,Friday,0
TXN_014882,CUST_00839,15747.78,WALLET,FAILED,LIMIT_EXCEEDED,55,28,17,3,UPI,5,Saturday,0
TXN_014893,CUST_09075,7913.28,UPI,FAILED,OTP_FAILURE,47,28,19,7,CARD,1,Tuesday,0
TXN_014896,CUST_02732,2656.67,WALLET,FAILED,OTP_FAILURE,42,20,18,7,UPI,15,Saturday,1
TXN_014903,CUST_09997,21310.38,WALLET,FAILED,INSUFFICIENT_FUNDS,25,21,3,1,UPI,17,Thursday,0
TXN_014916,CUST_06644,7621.49,UPI,FAILED,CARD_DECLINED,38,11,13,6,NETBANKING,12,Wednesday,0
TXN_014919,CUST_09923,13838.01,NETBANKING,FAILED,LIMIT_EXCEEDED,57,20,15,0,WALLET,5,Saturday,0
TXN_014921,CUST_06631,12370.56,NETBANKING,FAILED,CARD_DECLINED,43,3,6,4,NETBANKING,6,Thursday,0
TXN_014923,CUST_07250,3691.75,CARD,FAILED,NETWORK_ERROR,39,10,10,3,NETBANKING,21,Sunday,1
TXN_014925,CUST_04843,1086.23,CARD,FAILED,NETWORK_ERROR,28,8,1,5,NETBANKING,0,Wednesday,1
TXN_014926,CUST_01764,3970.54,NETBANKING,FAILED,INSUFFICIENT_FUNDS,22,17,1,6,UPI,11,Tuesday,0
TXN_014938,CUST_08663,3427.3,NETBANKING,FAILED,INSUFFICIENT_FUNDS,33,22,1,2,CARD,4,Monday,1
TXN_014939,CUST_08912,23627.72,NETBANKING,FAILED,OTP_FAILURE,29,28,13,3,CARD,6,Saturday,0
TXN_014941,CUST_07810,8711.43,WALLET,FAILED,INSUFFICIENT_FUNDS,51,13,10,1,CARD,7,Monday,0
TXN_014952,CUST_06459,6135.8,NETBANKING,FAILED,NETWORK_ERROR,28,26,23,4,UPI,11,Monday,1
TXN_014954,CUST_09010,3340.86,NETBANKING,FAILED,OTP_FAILURE,20,14,1,1,NETBANKING,19,Saturday,0
TXN_014955,CUST_08601,3681.45,NETBANKING,FAILED,INSUFFICIENT_FUNDS,26,24,2,1,NETBANKING,18,Tuesday,0
TXN_014966,CUST_02967,3111.45,CARD,FAILED,CARD_DECLINED,48,14,18,4,UPI,6,Tuesday,1
TXN_014970,CUST_02414,9626.95,UPI,FAILED,BANK_SERVER_DOWN,32,4,21,10,NETBANKING,13,Wednesday,0
TXN_014975,CUST_01521,5318.34,CARD,FAILED,NETWORK_ERROR,52,3,18,8,WALLET,6,Friday,1
TXN_014979,CUST_06142,107.68,WALLET,FAILED,INSUFFICIENT_FUNDS,55,13,1,3,NETBANKING,0,Saturday,1
TXN_014981,CUST_03456,829.85,WALLET,FAILED,BANK_TIMEOUT,43,11,9,10,CARD,7,Saturday,1
TXN_014985,CUST_02673,23313.44,UPI,FAILED,NETWORK_ERROR,24,13,13,9,UPI,1,Saturday,0
TXN_014987,CUST_05753,9683.73,NETBANKING,FAILED,LIMIT_EXCEEDED,34,10,23,7,NETBANKING,11,Monday,1
TXN_014988,CUST_01529,16285.04,WALLET,FAILED,OTP_FAILURE,46,23,19,0,UPI,6,Wednesday,1
TXN_014990,CUST_05507,6952.05,CARD,FAILED,CARD_DECLINED,53,30,7,10,WALLET,11,Monday,0
TXN_014996,CUST_00287,772.24,NETBANKING,FAILED,LIMIT_EXCEEDED,41,3,25,1,UPI,22,Tuesday,0
TXN_014999,CUST_06983,10604.48,CARD,FAILED,OTP_FAILURE,39,20,6,9,NETBANKING,12,Wednesday,0
TXN_015005,CUST_04024,18963.75,NETBANKING,FAILED,INSUFFICIENT_FUNDS,45,8,20,4,WALLET,8,Saturday,0
TXN_015014,CUST_04478,3103.8,CARD,FAILED,LIMIT_EXCEEDED,35,18,6,5,WALLET,1,Tuesday,0
TXN_015015,CUST_01324,19002.07,WALLET,FAILED,BANK_SERVER_DOWN,49,12,11,2,CARD,18,Tuesday,0
TXN_015016,CUST_05714,3801.02,NETBANKING,FAILED,CARD_DECLINED,21,15,3,10,UPI,15,Friday,0
TXN_015020,CUST_05819,984.39,WALLET,FAILED,BANK_TIMEOUT,40,10,18,6,CARD,0,Monday,1
TXN_015021,CUST_00673,15586.22,NETBANKING,FAILED,NETWORK_ERROR,43,4,12,6,CARD,14,Wednesday,0
TXN_015025,CUST_08347,2104.65,WALLET,FAILED,OTP_FAILURE,43,11,24,10,CARD,19,Wednesday,1
TXN_015030,CUST_06902,10763.46,WALLET,FAILED,BANK_TIMEOUT,29,16,24,1,CARD,13,Friday,1
TXN_015031,CUST_06032,9283.96,UPI,FAILED,CARD_DECLINED,40,30,22,8,UPI,11,Wednesday,1
TXN_015039,CUST_00154,22308.49,CARD,FAILED,INSUFFICIENT_FUNDS,37,22,18,0,UPI,5,Tuesday,0
TXN_015041,CUST_07478,24172.19,UPI,FAILED,OTP_FAILURE,32,23,23,1,NETBANKING,20,Tuesday,0
TXN_015057,CUST_00494,4153.7,NETBANKING,FAILED,NETWORK_ERROR,31,18,24,10,CARD,0,Thursday,0
TXN_015059,CUST_05148,7369.07,UPI,FAILED,CARD_DECLINED,29,12,20,8,NETBANKING,6,Thursday,0
TXN_015071,CUST_07319,20010.97,CARD,FAILED,CARD_DECLINED,30,13,15,10,WALLET,9,Monday,1
TXN_015074,CUST_07631,16012.32,CARD,FAILED,OTP_FAILURE,40,30,23,7,NETBANKING,4,Thursday,0
TXN_015077,CUST_00574,22953.21,CARD,FAILED,BANK_SERVER_DOWN,45,29,19,10,UPI,12,Saturday,1
TXN_015082,CUST_04332,22993.65,UPI,FAILED,LIMIT_EXCEEDED,42,14,3,5,UPI,12,Sunday,0
TXN_015087,CUST_08756,15940.22,CARD,FAILED,BANK_TIMEOUT,35,27,15,9,CARD,10,Monday,1
TXN_015088,CUST_03414,17552.12,CARD,FAILED,CARD_DECLINED,36,11,3,3,WALLET,18,Tuesday,0
TXN_015094,CUST_00537,5977.82,CARD,FAILED,CARD_DECLINED,42,8,23,7,WALLET,23,Tuesday,0
TXN_015098,CUST_07926,4955.7,CARD,FAILED,NETWORK_ERROR,41,13,12,10,NETBANKING,15,Sunday,0
TXN_015100,CUST_08087,23186.96,NETBANKING,FAILED,BANK_SERVER_DOWN,59,29,2,8,NETBANKING,19,Saturday,0
TXN_015113,CUST_07301,6856.14,UPI,FAILED,LIMIT_EXCEEDED,22,15,14,9,NETBANKING,23,Saturday,0
TXN_015114,CUST_04920,6842.66,WALLET,FAILED,INSUFFICIENT_FUNDS,29,21,9,3,UPI,22,Wednesday,0
TXN_015120,CUST_08212,4339.87,CARD,FAILED,OTP_FAILURE,20,5,24,2,WALLET,1,Friday,0
TXN_015122,CUST_01169,18499.37,CARD,FAILED,NETWORK_ERROR,19,17,4,8,CARD,15,Saturday,0
TXN_015131,CUST_06982,15510.32,WALLET,FAILED,INSUFFICIENT_FUNDS,33,21,7,7,CARD,2,Friday,0
TXN_015139,CUST_09163,18064.45,NETBANKING,FAILED,BANK_TIMEOUT,57,7,20,10,NETBANKING,5,Monday,1
TXN_015153,CUST_02971,3514.11,WALLET,FAILED,BANK_SERVER_DOWN,58,29,21,0,UPI,12,Saturday,0
TXN_015161,CUST_03213,4614.39,WALLET,FAILED,CARD_DECLINED,47,28,18,10,CARD,14,Saturday,0
TXN_015163,CUST_07096,15566.76,CARD,FAILED,NETWORK_ERROR,18,15,14,8,WALLET,12,Sunday,0
TXN_015165,CUST_09504,20941.98,NETBANKING,FAILED,OTP_FAILURE,19,20,1,7,WALLET,7,Friday,0
TXN_015166,CUST_08866,21531.29,UPI,FAILED,INSUFFICIENT_FUNDS,58,9,23,5,WALLET,22,Saturday,0
TXN_015167,CUST_01465,5137.82,WALLET,FAILED,BANK_SERVER_DOWN,19,11,2,0,WALLET,8,Saturday,0
TXN_015169,CUST_02987,4805.94,WALLET,FAILED,OTP_FAILURE,26,29,6,6,NETBANKING,22,Tuesday,0
TXN_015181,CUST_03698,14156.09,WALLET,FAILED,INSUFFICIENT_FUNDS,55,16,17,2,UPI,13,Saturday,0
TXN_015194,CUST_01615,20027.8,CARD,FAILED,BANK_TIMEOUT,27,11,6,10,UPI,22,Sunday,0
TXN_015200,CUST_03472,346.68,CARD,FAILED,OTP_FAILURE,29,1,9,1,CARD,2,Friday,1
TXN_015205,CUST_04669,6154.47,NETBANKING,FAILED,BANK_SERVER_DOWN,54,16,6,4,WALLET,12,Friday,0
TXN_015206,CUST_09672,20176.64,CARD,FAILED,BANK_TIMEOUT,20,17,24,6,NETBANKING,5,Sunday,1
TXN_015212,CUST_08294,10290.7,UPI,FAILED,INSUFFICIENT_FUNDS,45,10,25,2,WALLET,1,Wednesday,0
TXN_015227,CUST_03746,4580.99,WALLET,FAILED,CARD_DECLINED,42,28,14,5,UPI,12,Thursday,1
TXN_015236,CUST_05835,21830.47,CARD,FAILED,BANK_SERVER_DOWN,24,3,14,9,NETBANKING,1,Tuesday,0
TXN_015238,CUST_05240,9927.75,WALLET,FAILED,LIMIT_EXCEEDED,21,7,22,5,UPI,6,Monday,0
TXN_015249,CUST_07031,17495.21,UPI,FAILED,NETWORK_ERROR,58,26,1,9,WALLET,14,Friday,1
TXN_015255,CUST_06553,3021.01,NETBANKING,FAILED,INSUFFICIENT_FUNDS,32,2,15,10,WALLET,19,Saturday,0
TXN_015263,CUST_06368,23640.26,UPI,FAILED,INSUFFICIENT_FUNDS,41,25,10,6,WALLET,0,Thursday,0
TXN_015266,CUST_09946,4424.98,NETBANKING,FAILED,CARD_DECLINED,60,26,4,6,NETBANKING,1,Friday,0
TXN_015278,CUST_06726,13727.47,UPI,FAILED,CARD_DECLINED,26,23,14,5,NETBANKING,6,Sunday,0
TXN_015282,CUST_00450,8387.9,UPI,FAILED,BANK_TIMEOUT,51,23,5,7,UPI,17,Saturday,0
TXN_015288,CUST_07348,6101.54,NETBANKING,FAILED,LIMIT_EXCEEDED,28,19,21,10,CARD,3,Monday,0
TXN_015295,CUST_02715,24192.53,UPI,FAILED,LIMIT_EXCEEDED,60,8,10,4,WALLET,4,Tuesday,0
TXN_015297,CUST_04199,2514.04,NETBANKING,FAILED,LIMIT_EXCEEDED,46,27,9,3,NETBANKING,21,Friday,0
TXN_015302,CUST_01447,10441.81,WALLET,FAILED,LIMIT_EXCEEDED,42,4,19,9,UPI,21,Monday,1
TXN_015308,CUST_07055,11790.09,UPI,FAILED,INSUFFICIENT_FUNDS,51,9,5,10,CARD,14,Tuesday,0
TXN_015311,CUST_05461,6413.01,UPI,FAILED,INSUFFICIENT_FUNDS,34,21,21,5,NETBANKING,2,Thursday,0
TXN_015314,CUST_08647,5051.98,NETBANKING,FAILED,LIMIT_EXCEEDED,20,15,19,0,CARD,16,Tuesday,0
TXN_015327,CUST_04963,12004.83,NETBANKING,FAILED,LIMIT_EXCEEDED,30,18,6,6,CARD,17,Saturday,0
TXN_015332,CUST_07546,6387.51,CARD,FAILED,NETWORK_ERROR,41,3,22,5,NETBANKING,13,Monday,0
TXN_015333,CUST_08227,20123.53,NETBANKING,FAILED,INSUFFICIENT_FUNDS,34,10,19,3,CARD,14,Tuesday,0
TXN_015335,CUST_09958,24149.69,CARD,FAILED,LIMIT_EXCEEDED,27,1,9,2,WALLET,19,Thursday,0
TXN_015346,CUST_07654,4653.57,UPI,FAILED,LIMIT_EXCEEDED,41,27,2,4,CARD,6,Friday,0
TXN_015364,CUST_06795,21052.92,NETBANKING,FAILED,CARD_DECLINED,43,14,5,5,UPI,7,Saturday,0
TXN_015371,CUST_03143,3895.21,WALLET,FAILED,BANK_SERVER_DOWN,39,26,12,0,UPI,13,Sunday,1
TXN_015376,CUST_09467,9872.97,NETBANKING,FAILED,INSUFFICIENT_FUNDS,44,24,18,10,UPI,20,Sunday,0
TXN_015381,CUST_07724,4112.56,UPI,FAILED,INSUFFICIENT_FUNDS,36,30,6,7,NETBANKING,7,Tuesday,0
TXN_015392,CUST_03746,7399.46,WALLET,FAILED,BANK_TIMEOUT,42,28,14,5,UPI,1,Friday,0
TXN_015394,CUST_06025,3645.3,NETBANKING,FAILED,OTP_FAILURE,26,4,10,10,WALLET,2,Thursday,0
TXN_015400,CUST_08035,16539.5,NETBANKING,FAILED,OTP_FAILURE,32,9,18,8,CARD,15,Friday,0
TXN_015415,CUST_07477,8911.22,CARD,FAILED,LIMIT_EXCEEDED,48,7,25,1,UPI,19,Monday,0
TXN_015432,CUST_01164,17738.19,WALLET,FAILED,NETWORK_ERROR,20,22,24,0,UPI,1,Wednesday,1
TXN_015442,CUST_00802,8921.87,CARD,FAILED,LIMIT_EXCEEDED,23,3,1,5,CARD,22,Sunday,0
TXN_015445,CUST_00097,1190.82,UPI,FAILED,NETWORK_ERROR,59,24,24,8,NETBANKING,23,Thursday,1
TXN_015448,CUST_02734,2866.14,WALLET,FAILED,NETWORK_ERROR,27,16,15,8,NETBANKING,10,Sunday,0
TXN_015451,CUST_07415,14964.89,WALLET,FAILED,CARD_DECLINED,19,12,1,0,UPI,22,Monday,0
TXN_015455,CUST_09023,6537.01,CARD,FAILED,NETWORK_ERROR,58,29,11,1,WALLET,11,Sunday,1
TXN_015461,CUST_09883,15183.47,WALLET,FAILED,LIMIT_EXCEEDED,29,10,12,3,CARD,1,Wednesday,0
TXN_015465,CUST_01747,13835.08,CARD,FAILED,OTP_FAILURE,27,26,1,6,CARD,5,Saturday,0
TXN_015479,CUST_01532,2688.05,UPI,FAILED,LIMIT_EXCEEDED,47,1,13,3,WALLET,14,Sunday,1
TXN_015494,CUST_05865,3733.61,WALLET,FAILED,OTP_FAILURE,34,19,25,10,WALLET,6,Monday,0
TXN_015501,CUST_05020,20490.72,UPI,FAILED,NETWORK_ERROR,41,21,12,4,WALLET,14,Wednesday,1
TXN_015509,CUST_08583,22496.19,UPI,FAILED,BANK_TIMEOUT,24,8,17,2,NETBANKING,4,Thursday,1
TXN_015523,CUST_09997,5719.43,NETBANKING,FAILED,BANK_TIMEOUT,25,21,3,1,UPI,23,Thursday,1
TXN_015524,CUST_06238,23112.31,CARD,FAILED,OTP_FAILURE,46,19,20,10,UPI,22,Sunday,1
TXN_015533,CUST_03416,5637.92,NETBANKING,FAILED,CARD_DECLINED,46,27,3,3,WALLET,12,Thursday,0
TXN_015534,CUST_04511,20024.94,WALLET,FAILED,LIMIT_EXCEEDED,36,14,9,7,UPI,6,Sunday,0
TXN_015537,CUST_09352,701.86,CARD,FAILED,BANK_SERVER_DOWN,45,17,10,10,WALLET,10,Friday,0
TXN_015538,CUST_05322,4082.79,WALLET,FAILED,BANK_SERVER_DOWN,39,21,14,5,CARD,13,Friday,0
TXN_015539,CUST_04123,3963.84,WALLET,FAILED,NETWORK_ERROR,29,2,1,9,CARD,9,Wednesday,0
TXN_015544,CUST_06890,11280.42,UPI,FAILED,OTP_FAILURE,28,3,6,7,WALLET,12,Thursday,0
TXN_015546,CUST_05110,12996.17,CARD,FAILED,LIMIT_EXCEEDED,43,30,13,1,UPI,23,Friday,0
TXN_015556,CUST_05264,8356.71,WALLET,FAILED,BANK_TIMEOUT,31,17,22,10,UPI,3,Tuesday,1
TXN_015560,CUST_03827,18614.45,UPI,FAILED,CARD_DECLINED,36,10,23,4,WALLET,6,Monday,0
TXN_015564,CUST_02621,2684.6,UPI,FAILED,BANK_TIMEOUT,38,1,20,5,NETBANKING,16,Thursday,0
TXN_015568,CUST_04465,14298.63,NETBANKING,FAILED,INSUFFICIENT_FUNDS,33,19,4,4,WALLET,1,Thursday,0
TXN_015570,CUST_01734,6529.1,NETBANKING,FAILED,OTP_FAILURE,31,12,5,5,CARD,9,Thursday,0
TXN_015571,CUST_01564,1792.13,UPI,FAILED,CARD_DECLINED,38,10,18,9,NETBANKING,12,Thursday,0
TXN_015573,CUST_07452,24710.84,WALLET,FAILED,BANK_TIMEOUT,23,9,2,8,NETBANKING,4,Monday,1
TXN_015579,CUST_01668,12730.71,CARD,FAILED,BANK_SERVER_DOWN,48,19,4,0,WALLET,15,Wednesday,0
TXN_015582,CUST_02355,12871.83,CARD,FAILED,BANK_SERVER_DOWN,38,13,24,10,WALLET,16,Sunday,0
TXN_015594,CUST_06339,11730.42,WALLET,FAILED,INSUFFICIENT_FUNDS,27,28,21,9,UPI,10,Tuesday,0
TXN_015596,CUST_01740,6151.38,WALLET,FAILED,OTP_FAILURE,33,9,1,2,CARD,19,Tuesday,0
TXN_015597,CUST_07020,16815.92,UPI,FAILED,LIMIT_EXCEEDED,47,7,3,10,CARD,9,Saturday,0
TXN_015599,CUST_09773,24210.22,UPI,FAILED,OTP_FAILURE,38,1,16,6,UPI,22,Sunday,0
TXN_015604,CUST_08841,14676.8,UPI,FAILED,OTP_FAILURE,24,9,2,4,WALLET,5,Thursday,0
TXN_015606,CUST_08704,5090.74,WALLET,FAILED,LIMIT_EXCEEDED,22,6,23,1,UPI,14,Monday,0
TXN_015613,CUST_05973,6230.54,CARD,FAILED,CARD_DECLINED,34,28,3,3,UPI,18,Wednesday,0
TXN_015623,CUST_03220,18259.05,CARD,FAILED,BANK_TIMEOUT,34,17,24,7,NETBANKING,3,Monday,1
TXN_015625,CUST_07136,9920.16,CARD,FAILED,BANK_SERVER_DOWN,58,8,13,9,WALLET,11,Monday,1
TXN_015664,CUST_09528,19554.29,CARD,FAILED,OTP_FAILURE,34,14,1,1,WALLET,15,Monday,0
TXN_015666,CUST_03354,19465.17,NETBANKING,FAILED,BANK_TIMEOUT,34,9,8,2,CARD,10,Tuesday,1
TXN_015670,CUST_07248,20938.55,CARD,FAILED,OTP_FAILURE,28,18,21,8,CARD,12,Tuesday,1
TXN_015674,CUST_02514,7676.07,UPI,FAILED,CARD_DECLINED,57,30,24,1,WALLET,13,Sunday,1
TXN_015676,CUST_04066,10794.76,CARD,FAILED,CARD_DECLINED,39,16,8,8,WALLET,3,Tuesday,0
TXN_015683,CUST_02736,21578.9,CARD,FAILED,INSUFFICIENT_FUNDS,23,4,10,2,UPI,3,Thursday,0
TXN_015707,CUST_00516,1272.88,NETBANKING,FAILED,OTP_FAILURE,45,28,2,9,NETBANKING,18,Wednesday,1
TXN_015709,CUST_06588,11151.97,CARD,FAILED,BANK_TIMEOUT,26,21,19,3,UPI,20,Wednesday,0
TXN_015710,CUST_06570,7696.28,CARD,FAILED,BANK_SERVER_DOWN,21,11,12,8,WALLET,3,Wednesday,0
TXN_015711,CUST_08953,17796.72,CARD,FAILED,INSUFFICIENT_FUNDS,40,30,15,8,NETBANKING,6,Saturday,0
TXN_015716,CUST_09248,3485.79,CARD,FAILED,INSUFFICIENT_FUNDS,49,26,6,8,NETBANKING,2,Friday,1
TXN_015718,CUST_09165,22599.24,NETBANKING,FAILED,NETWORK_ERROR,53,8,13,8,NETBANKING,7,Tuesday,1
TXN_015719,CUST_05987,18069.65,UPI,FAILED,BANK_SERVER_DOWN,21,22,13,2,UPI,7,Wednesday,0
TXN_015723,CUST_05671,13065.72,NETBANKING,FAILED,LIMIT_EXCEEDED,59,12,14,9,WALLET,15,Saturday,0
TXN_015726,CUST_09823,23513.92,WALLET,FAILED,BANK_TIMEOUT,53,19,21,2,NETBANKING,19,Thursday,1
TXN_015727,CUST_05638,24877.5,NETBANKING,FAILED,LIMIT_EXCEEDED,37,23,4,5,UPI,14,Friday,0
TXN_015728,CUST_00179,1038.18,UPI,FAILED,BANK_SERVER_DOWN,41,30,1,6,CARD,3,Friday,0
TXN_015733,CUST_06882,4827.62,CARD,FAILED,OTP_FAILURE,56,16,17,0,NETBANKING,22,Wednesday,1
TXN_015735,CUST_03844,4462.81,CARD,FAILED,OTP_FAILURE,50,18,17,2,CARD,16,Tuesday,1
TXN_015736,CUST_08483,23896.11,CARD,FAILED,NETWORK_ERROR,49,11,13,4,NETBANKING,6,Friday,0
TXN_015742,CUST_08414,21027.0,WALLET,FAILED,LIMIT_EXCEEDED,40,19,1,7,UPI,3,Monday,0
TXN_015743,CUST_08027,24757.53,UPI,FAILED,INSUFFICIENT_FUNDS,60,23,7,1,UPI,2,Saturday,0
TXN_015748,CUST_02640,23442.46,UPI,FAILED,LIMIT_EXCEEDED,19,13,20,1,WALLET,16,Monday,0
TXN_015750,CUST_03470,14726.11,UPI,FAILED,LIMIT_EXCEEDED,34,30,15,4,CARD,9,Friday,0
TXN_015754,CUST_06818,24259.27,NETBANKING,FAILED,INSUFFICIENT_FUNDS,36,29,17,6,WALLET,7,Tuesday,1
TXN_015768,CUST_03998,11123.39,NETBANKING,FAILED,INSUFFICIENT_FUNDS,42,3,23,4,NETBANKING,21,Thursday,1
TXN_015788,CUST_07575,21998.69,UPI,FAILED,OTP_FAILURE,27,2,18,1,UPI,16,Thursday,0
TXN_015790,CUST_07440,22643.03,UPI,FAILED,BANK_TIMEOUT,18,9,16,6,UPI,17,Sunday,0
TXN_015805,CUST_04372,16599.66,UPI,FAILED,NETWORK_ERROR,39,9,25,8,CARD,3,Friday,0
TXN_015807,CUST_08840,7003.14,CARD,FAILED,NETWORK_ERROR,29,7,15,10,WALLET,23,Tuesday,1
TXN_015813,CUST_06487,24326.76,CARD,FAILED,OTP_FAILURE,42,13,7,5,UPI,19,Wednesday,0
TXN_015814,CUST_00510,17810.6,NETBANKING,FAILED,INSUFFICIENT_FUNDS,58,17,7,5,WALLET,11,Wednesday,0
TXN_015825,CUST_03045,20997.92,NETBANKING,FAILED,BANK_TIMEOUT,40,28,20,2,UPI,6,Tuesday,0
TXN_015851,CUST_00570,9531.37,UPI,FAILED,OTP_FAILURE,35,25,9,5,UPI,16,Sunday,0
TXN_015853,CUST_00504,20727.68,NETBANKING,FAILED,CARD_DECLINED,23,30,2,3,NETBANKING,20,Thursday,0
TXN_015854,CUST_06737,19182.86,UPI,FAILED,NETWORK_ERROR,43,6,12,8,WALLET,0,Sunday,1
TXN_015873,CUST_00301,8481.02,NETBANKING,FAILED,LIMIT_EXCEEDED,60,3,3,8,WALLET,11,Saturday,0
TXN_015881,CUST_02565,14838.42,UPI,FAILED,CARD_DECLINED,23,9,20,9,WALLET,9,Friday,0
TXN_015886,CUST_00083,9591.24,WALLET,FAILED,INSUFFICIENT_FUNDS,45,27,4,6,NETBANKING,6,Monday,0
TXN_015890,CUST_03711,3488.54,NETBANKING,FAILED,OTP_FAILURE,54,10,1,6,UPI,16,Wednesday,0
TXN_015893,CUST_01319,14921.7,CARD,FAILED,BANK_TIMEOUT,49,7,15,0,UPI,1,Saturday,1
TXN_015894,CUST_01438,4753.45,CARD,FAILED,NETWORK_ERROR,48,21,2,2,UPI,13,Wednesday,0
TXN_015895,CUST_06247,1625.56,NETBANKING,FAILED,LIMIT_EXCEEDED,47,11,25,7,CARD,4,Sunday,0
TXN_015905,CUST_00350,11061.26,WALLET,FAILED,INSUFFICIENT_FUNDS,52,21,16,5,UPI,11,Sunday,1
TXN_015907,CUST_01130,20470.21,UPI,FAILED,OTP_FAILURE,59,5,22,6,NETBANKING,18,Monday,1
TXN_015913,CUST_03851,16085.82,CARD,FAILED,OTP_FAILURE,39,5,4,9,NETBANKING,19,Tuesday,0
TXN_015918,CUST_09761,2836.79,CARD,FAILED,CARD_DECLINED,21,17,7,0,CARD,19,Thursday,0
TXN_015939,CUST_00869,7012.85,UPI,FAILED,CARD_DECLINED,26,15,17,9,UPI,9,Thursday,0
TXN_015940,CUST_03132,1654.02,NETBANKING,FAILED,NETWORK_ERROR,52,13,7,10,WALLET,23,Wednesday,0
TXN_015945,CUST_08142,20360.64,CARD,FAILED,INSUFFICIENT_FUNDS,59,8,14,8,WALLET,14,Wednesday,1
TXN_015946,CUST_08167,24953.97,WALLET,FAILED,NETWORK_ERROR,25,4,12,1,NETBANKING,14,Sunday,0
TXN_015951,CUST_06785,21021.75,WALLET,FAILED,CARD_DECLINED,46,29,5,3,NETBANKING,8,Monday,0
TXN_015954,CUST_04808,9387.59,UPI,FAILED,NETWORK_ERROR,60,12,17,4,WALLET,8,Saturday,1
TXN_015955,CUST_00942,4212.07,NETBANKING,FAILED,INSUFFICIENT_FUNDS,30,18,19,4,UPI,23,Friday,1
TXN_015962,CUST_04848,6418.52,UPI,FAILED,LIMIT_EXCEEDED,41,17,13,8,UPI,23,Monday,0
TXN_015966,CUST_07741,3595.77,CARD,FAILED,LIMIT_EXCEEDED,47,17,17,0,CARD,4,Monday,1
TXN_015985,CUST_04341,19326.21,UPI,FAILED,BANK_SERVER_DOWN,45,16,21,9,CARD,14,Saturday,0
TXN_015999,CUST_08620,6224.0,UPI,FAILED,BANK_SERVER_DOWN,34,18,18,4,WALLET,5,Monday,0
TXN_016007,CUST_05765,5421.13,WALLET,FAILED,LIMIT_EXCEEDED,50,16,20,5,CARD,19,Thursday,0
TXN_016009,CUST_02764,16082.54,CARD,FAILED,NETWORK_ERROR,38,27,9,5,UPI,2,Monday,0
TXN_016010,CUST_01111,10467.12,CARD,FAILED,BANK_TIMEOUT,35,11,24,6,WALLET,14,Wednesday,0
TXN_016015,CUST_05569,14429.89,UPI,FAILED,BANK_TIMEOUT,34,1,8,5,NETBANKING,21,Tuesday,0
TXN_016027,CUST_01864,7511.76,UPI,FAILED,CARD_DECLINED,58,7,14,0,UPI,6,Sunday,0
TXN_016031,CUST_02133,23110.64,CARD,FAILED,LIMIT_EXCEEDED,42,30,8,8,CARD,17,Saturday,0
TXN_016044,CUST_00552,23510.63,UPI,FAILED,BANK_SERVER_DOWN,22,3,10,4,NETBANKING,2,Saturday,0
TXN_016048,CUST_05769,10881.5,NETBANKING,FAILED,BANK_TIMEOUT,54,13,11,1,CARD,14,Friday,1
TXN_016055,CUST_02666,4520.69,WALLET,FAILED,OTP_FAILURE,24,27,16,10,UPI,23,Wednesday,0
TXN_016070,CUST_00350,11219.05,NETBANKING,FAILED,BANK_TIMEOUT,52,21,16,5,UPI,10,Wednesday,1
TXN_016073,CUST_06758,1428.18,CARD,FAILED,BANK_SERVER_DOWN,27,28,15,4,UPI,20,Sunday,1
TXN_016074,CUST_04334,22657.37,UPI,FAILED,NETWORK_ERROR,43,18,3,3,UPI,23,Saturday,1
TXN_016075,CUST_03450,24011.51,CARD,FAILED,CARD_DECLINED,36,14,4,2,CARD,13,Saturday,0
TXN_016085,CUST_01292,16855.18,WALLET,FAILED,BANK_TIMEOUT,22,26,13,6,NETBANKING,4,Wednesday,0
TXN_016088,CUST_09396,14976.71,NETBANKING,FAILED,BANK_TIMEOUT,51,16,23,8,WALLET,1,Saturday,1
TXN_016094,CUST_09563,17793.74,CARD,FAILED,OTP_FAILURE,54,4,3,0,UPI,13,Sunday,0
TXN_016108,CUST_00795,6780.95,NETBANKING,FAILED,LIMIT_EXCEEDED,24,6,3,2,UPI,8,Thursday,0
TXN_016122,CUST_02930,17375.16,CARD,FAILED,OTP_FAILURE,27,29,14,5,UPI,21,Thursday,0
TXN_016132,CUST_02179,23441.98,UPI,FAILED,CARD_DECLINED,49,16,17,0,NETBANKING,5,Thursday,0
TXN_016133,CUST_04449,1303.0,CARD,FAILED,OTP_FAILURE,22,5,4,3,CARD,1,Tuesday,0
TXN_016134,CUST_05189,24864.42,UPI,FAILED,BANK_SERVER_DOWN,27,7,4,1,CARD,23,Monday,0
TXN_016140,CUST_02188,6754.84,UPI,FAILED,INSUFFICIENT_FUNDS,59,24,15,0,WALLET,14,Tuesday,0
TXN_016150,CUST_00167,16362.7,CARD,FAILED,OTP_FAILURE,47,11,6,0,UPI,0,Friday,0
TXN_016157,CUST_09468,5278.62,CARD,FAILED,BANK_SERVER_DOWN,21,17,17,10,CARD,8,Monday,1
TXN_016159,CUST_01035,12930.33,CARD,FAILED,INSUFFICIENT_FUNDS,36,6,12,2,CARD,15,Tuesday,0
TXN_016162,CUST_03020,1952.83,WALLET,FAILED,CARD_DECLINED,44,28,25,0,WALLET,1,Sunday,0
TXN_016164,CUST_07698,14437.48,NETBANKING,FAILED,BANK_TIMEOUT,37,18,11,6,UPI,10,Monday,0
TXN_016171,CUST_03991,9652.46,WALLET,FAILED,INSUFFICIENT_FUNDS,35,27,8,2,NETBANKING,5,Thursday,0
TXN_016176,CUST_00540,23596.69,UPI,FAILED,INSUFFICIENT_FUNDS,40,8,24,2,UPI,11,Tuesday,1
TXN_016195,CUST_00074,17991.26,WALLET,FAILED,INSUFFICIENT_FUNDS,21,12,15,3,WALLET,15,Wednesday,0
TXN_016197,CUST_04223,729.92,WALLET,FAILED,BANK_TIMEOUT,57,10,9,5,UPI,3,Sunday,0
TXN_016201,CUST_05065,22783.46,NETBANKING,FAILED,INSUFFICIENT_FUNDS,40,17,11,1,WALLET,5,Tuesday,0
TXN_016207,CUST_02038,18209.75,UPI,FAILED,BANK_SERVER_DOWN,20,2,1,4,NETBANKING,13,Sunday,0
TXN_016223,CUST_09802,3095.57,WALLET,FAILED,CARD_DECLINED,60,20,9,5,UPI,13,Monday,0
TXN_016235,CUST_02705,5378.83,NETBANKING,FAILED,OTP_FAILURE,34,18,1,8,NETBANKING,6,Friday,0
TXN_016238,CUST_01414,6655.72,CARD,FAILED,LIMIT_EXCEEDED,38,8,15,5,WALLET,2,Thursday,1
TXN_016242,CUST_04575,3667.4,UPI,FAILED,BANK_SERVER_DOWN,20,6,14,4,CARD,19,Saturday,1
TXN_016244,CUST_06424,7070.46,NETBANKING,FAILED,BANK_TIMEOUT,32,27,2,9,CARD,13,Saturday,0
TXN_016245,CUST_07619,22749.09,UPI,FAILED,OTP_FAILURE,54,9,25,0,NETBANKING,18,Wednesday,0
TXN_016252,CUST_02827,1575.44,CARD,FAILED,BANK_SERVER_DOWN,28,22,13,6,WALLET,5,Tuesday,1
TXN_016256,CUST_00232,11919.09,CARD,FAILED,NETWORK_ERROR,43,26,25,6,UPI,14,Thursday,0
TXN_016264,CUST_04792,16466.45,CARD,FAILED,BANK_SERVER_DOWN,27,8,8,0,WALLET,0,Saturday,0
TXN_016266,CUST_09392,20315.38,UPI,FAILED,BANK_SERVER_DOWN,58,15,4,4,UPI,6,Monday,0
TXN_016269,CUST_03266,4351.97,NETBANKING,FAILED,BANK_SERVER_DOWN,56,23,19,8,WALLET,6,Saturday,1
TXN_016288,CUST_02482,2678.81,UPI,FAILED,LIMIT_EXCEEDED,56,13,13,3,CARD,5,Sunday,1
TXN_016298,CUST_09832,6090.52,CARD,FAILED,BANK_TIMEOUT,42,19,17,4,NETBANKING,2,Tuesday,0
TXN_016309,CUST_04042,7100.65,CARD,FAILED,BANK_TIMEOUT,25,12,9,3,CARD,23,Sunday,1
TXN_016316,CUST_07345,17450.31,UPI,FAILED,NETWORK_ERROR,23,1,4,5,CARD,4,Wednesday,0
TXN_016322,CUST_05139,644.21,WALLET,FAILED,OTP_FAILURE,24,29,17,8,WALLET,19,Friday,1
TXN_016326,CUST_07265,18594.68,NETBANKING,FAILED,OTP_FAILURE,38,28,4,8,UPI,7,Wednesday,0
TXN_016331,CUST_02117,4985.67,NETBANKING,FAILED,OTP_FAILURE,37,12,9,1,NETBANKING,19,Wednesday,0
TXN_016338,CUST_09396,22650.87,CARD,FAILED,BANK_TIMEOUT,51,16,23,8,WALLET,15,Saturday,0
TXN_016339,CUST_05008,24334.81,WALLET,FAILED,BANK_SERVER_DOWN,23,14,25,0,CARD,19,Saturday,0
TXN_016341,CUST_05253,21773.94,NETBANKING,FAILED,INSUFFICIENT_FUNDS,34,12,13,9,CARD,0,Monday,0
TXN_016350,CUST_08339,20248.93,UPI,FAILED,BANK_TIMEOUT,48,9,5,5,CARD,16,Friday,0
TXN_016351,CUST_06985,3910.45,CARD,FAILED,BANK_SERVER_DOWN,21,29,4,8,WALLET,23,Thursday,0
TXN_016357,CUST_00914,5926.1,WALLET,FAILED,NETWORK_ERROR,21,11,7,7,NETBANKING,14,Wednesday,0
TXN_016366,CUST_09003,9476.59,NETBANKING,FAILED,OTP_FAILURE,32,11,17,9,WALLET,5,Thursday,0
TXN_016367,CUST_05583,17368.84,WALLET,FAILED,NETWORK_ERROR,55,9,1,7,WALLET,20,Monday,1
TXN_016369,CUST_01292,6991.67,CARD,FAILED,LIMIT_EXCEEDED,22,26,13,6,NETBANKING,14,Saturday,1
TXN_016370,CUST_07119,18924.65,CARD,FAILED,NETWORK_ERROR,50,30,19,3,UPI,17,Saturday,1
TXN_016371,CUST_06145,13669.52,CARD,FAILED,INSUFFICIENT_FUNDS,43,5,23,7,CARD,19,Thursday,0
TXN_016382,CUST_03590,830.85,CARD,FAILED,NETWORK_ERROR,18,24,18,0,WALLET,16,Wednesday,1
TXN_016383,CUST_09970,12949.22,WALLET,FAILED,BANK_SERVER_DOWN,45,27,15,4,CARD,3,Monday,0
TXN_016386,CUST_01474,1454.61,NETBANKING,FAILED,LIMIT_EXCEEDED,24,14,11,0,CARD,23,Tuesday,0
TXN_016398,CUST_06876,3796.68,WALLET,FAILED,INSUFFICIENT_FUNDS,20,25,8,0,UPI,10,Friday,0
TXN_016402,CUST_08919,5205.69,WALLET,FAILED,NETWORK_ERROR,19,5,4,0,UPI,14,Thursday,1
TXN_016406,CUST_04165,22306.33,UPI,FAILED,NETWORK_ERROR,28,8,25,2,NETBANKING,1,Friday,1
TXN_016431,CUST_02513,9428.45,UPI,FAILED,LIMIT_EXCEEDED,21,4,4,4,UPI,15,Sunday,1
TXN_016435,CUST_08516,24479.67,WALLET,FAILED,INSUFFICIENT_FUNDS,21,1,5,3,UPI,19,Saturday,0
TXN_016451,CUST_01866,4386.54,WALLET,FAILED,BANK_SERVER_DOWN,41,12,5,0,NETBANKING,9,Tuesday,0
TXN_016454,CUST_08379,18209.73,CARD,FAILED,CARD_DECLINED,18,14,10,8,WALLET,6,Monday,0
TXN_016455,CUST_06062,17043.48,CARD,FAILED,NETWORK_ERROR,58,12,7,5,UPI,14,Thursday,1
TXN_016467,CUST_04106,23805.7,UPI,FAILED,BANK_TIMEOUT,24,15,22,5,WALLET,13,Sunday,1
TXN_016477,CUST_06499,24619.73,CARD,FAILED,BANK_TIMEOUT,60,29,9,10,WALLET,19,Friday,1
TXN_016492,CUST_02016,2117.97,UPI,FAILED,OTP_FAILURE,53,27,14,5,CARD,10,Friday,0
TXN_016496,CUST_05335,15243.31,WALLET,FAILED,NETWORK_ERROR,53,13,18,3,UPI,13,Saturday,0
TXN_016499,CUST_08782,11405.85,NETBANKING,FAILED,BANK_TIMEOUT,41,1,18,4,WALLET,1,Tuesday,1
TXN_016507,CUST_08444,8836.09,WALLET,FAILED,BANK_TIMEOUT,36,7,19,3,CARD,13,Saturday,1
TXN_016508,CUST_01107,11794.61,CARD,FAILED,CARD_DECLINED,27,12,14,1,NETBANKING,1,Sunday,0
TXN_016509,CUST_03106,20743.15,UPI,FAILED,INSUFFICIENT_FUNDS,45,25,20,8,CARD,9,Wednesday,0
TXN_016510,CUST_00072,16089.8,UPI,FAILED,CARD_DECLINED,49,26,15,6,CARD,8,Sunday,1
TXN_016524,CUST_00746,9738.19,NETBANKING,FAILED,BANK_SERVER_DOWN,31,18,9,8,WALLET,20,Sunday,0
TXN_016539,CUST_09065,10407.85,CARD,FAILED,CARD_DECLINED,38,10,17,2,UPI,10,Sunday,0
TXN_016545,CUST_07401,13519.41,UPI,FAILED,NETWORK_ERROR,22,8,25,5,UPI,17,Thursday,1
TXN_016548,CUST_07068,5321.23,UPI,FAILED,NETWORK_ERROR,59,30,9,1,NETBANKING,2,Thursday,0
TXN_016549,CUST_08796,22606.78,NETBANKING,FAILED,BANK_SERVER_DOWN,48,14,14,1,CARD,22,Wednesday,1
TXN_016553,CUST_03856,14980.21,UPI,FAILED,CARD_DECLINED,29,10,1,8,WALLET,11,Sunday,0
TXN_016560,CUST_05784,18886.15,NETBANKING,FAILED,CARD_DECLINED,20,30,1,7,UPI,4,Wednesday,0
TXN_016568,CUST_01045,1104.43,NETBANKING,FAILED,CARD_DECLINED,37,20,17,7,CARD,9,Friday,0
TXN_016569,CUST_06258,4378.79,NETBANKING,FAILED,INSUFFICIENT_FUNDS,36,16,9,8,CARD,1,Monday,0
TXN_016579,CUST_01337,24578.04,CARD,FAILED,OTP_FAILURE,29,23,19,5,UPI,0,Friday,0
TXN_016586,CUST_01654,23200.33,WALLET,FAILED,OTP_FAILURE,49,19,22,3,WALLET,15,Wednesday,0
TXN_016594,CUST_07338,6446.33,UPI,FAILED,LIMIT_EXCEEDED,23,27,25,10,UPI,23,Sunday,0
TXN_016595,CUST_08982,13121.19,WALLET,FAILED,OTP_FAILURE,40,7,4,6,CARD,23,Saturday,0
TXN_016599,CUST_05581,20601.84,WALLET,FAILED,INSUFFICIENT_FUNDS,52,21,12,3,UPI,3,Sunday,0
TXN_016601,CUST_05538,14113.59,NETBANKING,FAILED,OTP_FAILURE,20,17,16,2,UPI,23,Sunday,0
TXN_016603,CUST_01766,13588.38,CARD,FAILED,LIMIT_EXCEEDED,38,8,7,5,CARD,14,Sunday,1
TXN_016608,CUST_03869,4428.0,UPI,FAILED,OTP_FAILURE,34,28,16,7,CARD,11,Saturday,1
TXN_016610,CUST_02247,6546.48,WALLET,FAILED,BANK_TIMEOUT,30,19,16,9,CARD,5,Tuesday,1
TXN_016615,CUST_01949,19964.8,NETBANKING,FAILED,OTP_FAILURE,19,13,6,8,NETBANKING,20,Sunday,0
TXN_016620,CUST_08196,15575.05,UPI,FAILED,OTP_FAILURE,44,10,21,0,WALLET,15,Tuesday,0
TXN_016626,CUST_07162,3112.25,CARD,FAILED,OTP_FAILURE,27,26,3,1,NETBANKING,11,Friday,0
TXN_016627,CUST_00003,8852.64,UPI,FAILED,NETWORK_ERROR,20,19,23,5,CARD,1,Sunday,1
TXN_016628,CUST_04633,10082.11,UPI,FAILED,INSUFFICIENT_FUNDS,37,9,20,0,WALLET,6,Friday,0
TXN_016629,CUST_08126,15125.6,CARD,FAILED,BANK_SERVER_DOWN,22,11,24,0,CARD,14,Saturday,1
TXN_016644,CUST_06209,22128.44,UPI,FAILED,OTP_FAILURE,22,7,15,1,NETBANKING,4,Wednesday,0
TXN_016658,CUST_09582,24811.84,CARD,FAILED,BANK_SERVER_DOWN,42,4,8,10,NETBANKING,4,Sunday,0
TXN_016660,CUST_08224,10669.64,WALLET,FAILED,BANK_TIMEOUT,24,20,4,2,WALLET,22,Tuesday,0
TXN_016665,CUST_00926,21527.39,UPI,FAILED,INSUFFICIENT_FUNDS,53,11,20,2,CARD,11,Tuesday,0
TXN_016672,CUST_00427,17171.74,UPI,FAILED,NETWORK_ERROR,55,16,13,10,UPI,3,Friday,1
TXN_016677,CUST_05995,12660.39,NETBANKING,FAILED,BANK_TIMEOUT,44,5,11,5,UPI,19,Saturday,1
TXN_016678,CUST_09893,23797.44,UPI,FAILED,INSUFFICIENT_FUNDS,36,27,11,1,WALLET,15,Tuesday,0
TXN_016680,CUST_01577,5657.5,CARD,FAILED,INSUFFICIENT_FUNDS,20,23,24,2,WALLET,9,Monday,0
TXN_016681,CUST_08702,19747.15,CARD,FAILED,OTP_FAILURE,56,3,14,9,UPI,15,Monday,1
TXN_016682,CUST_07861,875.71,NETBANKING,FAILED,INSUFFICIENT_FUNDS,22,20,17,1,WALLET,17,Tuesday,0
TXN_016684,CUST_05119,5763.7,CARD,FAILED,NETWORK_ERROR,49,20,22,6,WALLET,20,Tuesday,0
TXN_016690,CUST_09390,3166.37,WALLET,FAILED,CARD_DECLINED,59,20,11,1,CARD,7,Tuesday,1
TXN_016695,CUST_08681,8414.13,NETBANKING,FAILED,LIMIT_EXCEEDED,43,9,5,8,CARD,6,Friday,0
TXN_016698,CUST_03933,15087.76,NETBANKING,FAILED,BANK_TIMEOUT,54,1,10,9,UPI,4,Sunday,1
TXN_016711,CUST_04067,7174.73,UPI,FAILED,CARD_DECLINED,37,20,11,3,UPI,10,Wednesday,0
TXN_016715,CUST_04784,24413.77,WALLET,FAILED,BANK_TIMEOUT,40,4,4,2,CARD,15,Friday,1
TXN_016723,CUST_05954,17408.66,WALLET,FAILED,LIMIT_EXCEEDED,36,1,17,9,WALLET,3,Saturday,0
TXN_016724,CUST_01845,19226.99,UPI,FAILED,BANK_TIMEOUT,54,8,21,3,WALLET,14,Thursday,1
TXN_016730,CUST_01902,24666.86,UPI,FAILED,OTP_FAILURE,58,1,12,1,NETBANKING,16,Tuesday,1
TXN_016731,CUST_01791,2914.97,UPI,FAILED,BANK_SERVER_DOWN,22,16,21,6,CARD,1,Tuesday,1
TXN_016733,CUST_09080,4719.22,WALLET,FAILED,NETWORK_ERROR,42,11,3,4,NETBANKING,15,Sunday,1
TXN_016743,CUST_08912,22418.37,UPI,FAILED,BANK_SERVER_DOWN,29,28,13,3,CARD,13,Wednesday,0
TXN_016748,CUST_07619,12719.78,CARD,FAILED,BANK_SERVER_DOWN,54,9,25,0,NETBANKING,3,Wednesday,0
TXN_016752,CUST_00844,16694.57,UPI,FAILED,LIMIT_EXCEEDED,27,10,6,8,CARD,5,Thursday,0
TXN_016754,CUST_04889,8290.03,UPI,FAILED,OTP_FAILURE,34,29,19,10,NETBANKING,14,Saturday,0
TXN_016761,CUST_02643,24034.68,NETBANKING,FAILED,INSUFFICIENT_FUNDS,31,30,13,3,CARD,22,Saturday,0
TXN_016768,CUST_06764,21755.65,CARD,FAILED,INSUFFICIENT_FUNDS,32,16,5,6,CARD,1,Wednesday,1
TXN_016776,CUST_02533,21645.2,WALLET,FAILED,NETWORK_ERROR,55,18,22,0,CARD,7,Friday,1
TXN_016784,CUST_09478,13440.41,WALLET,FAILED,BANK_SERVER_DOWN,24,21,19,1,UPI,7,Sunday,0
TXN_016785,CUST_02598,24871.66,CARD,FAILED,BANK_TIMEOUT,18,17,5,0,NETBANKING,20,Friday,0
TXN_016787,CUST_08908,17416.63,CARD,FAILED,INSUFFICIENT_FUNDS,40,8,18,8,UPI,13,Tuesday,0
TXN_016788,CUST_05291,11582.42,CARD,FAILED,BANK_TIMEOUT,31,14,7,5,UPI,12,Monday,0
TXN_016789,CUST_06038,2939.8,NETBANKING,FAILED,NETWORK_ERROR,55,24,23,0,CARD,1,Sunday,1
TXN_016793,CUST_05300,19969.32,UPI,FAILED,CARD_DECLINED,56,29,1,2,NETBANKING,17,Monday,0
TXN_016801,CUST_08955,5788.75,WALLET,FAILED,CARD_DECLINED,46,3,12,4,CARD,7,Sunday,1
TXN_016804,CUST_02927,6027.35,CARD,FAILED,LIMIT_EXCEEDED,35,5,2,9,UPI,10,Wednesday,0
TXN_016810,CUST_04394,881.57,NETBANKING,FAILED,BANK_SERVER_DOWN,57,30,4,3,CARD,9,Wednesday,0
TXN_016819,CUST_07402,3126.98,CARD,FAILED,OTP_FAILURE,35,28,13,1,NETBANKING,6,Thursday,0
TXN_016825,CUST_04413,23361.75,UPI,FAILED,INSUFFICIENT_FUNDS,58,1,8,5,NETBANKING,6,Sunday,0
TXN_016827,CUST_09513,318.64,CARD,FAILED,BANK_SERVER_DOWN,21,13,16,9,WALLET,13,Tuesday,0
TXN_016830,CUST_06647,17239.62,NETBANKING,FAILED,INSUFFICIENT_FUNDS,50,9,9,7,WALLET,22,Friday,0
TXN_016831,CUST_00277,2785.0,NETBANKING,FAILED,NETWORK_ERROR,30,12,22,1,CARD,6,Monday,1
TXN_016833,CUST_05034,24798.9,WALLET,FAILED,OTP_FAILURE,22,14,1,5,NETBANKING,7,Friday,0
TXN_016845,CUST_07615,18771.33,CARD,FAILED,NETWORK_ERROR,59,26,19,0,WALLET,8,Wednesday,0
TXN_016850,CUST_04548,1579.76,NETBANKING,FAILED,BANK_TIMEOUT,24,14,13,1,WALLET,1,Friday,1
TXN_016861,CUST_04261,14489.18,NETBANKING,FAILED,BANK_TIMEOUT,34,4,8,4,CARD,16,Wednesday,0
TXN_016874,CUST_06390,7157.49,WALLET,FAILED,BANK_SERVER_DOWN,28,12,25,7,NETBANKING,6,Wednesday,0
TXN_016875,CUST_08771,22379.51,UPI,FAILED,NETWORK_ERROR,19,20,6,6,CARD,13,Tuesday,0
TXN_016890,CUST_00427,3968.46,NETBANKING,FAILED,BANK_TIMEOUT,55,16,13,10,UPI,6,Saturday,0
TXN_016897,CUST_02741,14692.68,CARD,FAILED,OTP_FAILURE,31,25,18,9,WALLET,19,Wednesday,0
TXN_016901,CUST_01016,20838.01,UPI,FAILED,NETWORK_ERROR,30,9,19,10,CARD,14,Tuesday,0
TXN_016906,CUST_04841,9525.82,UPI,FAILED,CARD_DECLINED,40,10,1,4,WALLET,17,Saturday,0
TXN_016917,CUST_04004,24585.21,UPI,FAILED,NETWORK_ERROR,48,14,7,6,CARD,4,Friday,0
TXN_016931,CUST_07203,14216.49,UPI,FAILED,OTP_FAILURE,21,24,2,6,NETBANKING,21,Monday,0
TXN_016932,CUST_03228,2397.07,CARD,FAILED,NETWORK_ERROR,34,2,18,5,WALLET,5,Saturday,0
TXN_016933,CUST_07093,11874.93,CARD,FAILED,CARD_DECLINED,24,20,15,6,NETBANKING,4,Thursday,1
TXN_016938,CUST_04729,3413.17,CARD,FAILED,OTP_FAILURE,47,3,10,6,UPI,19,Monday,0
TXN_016943,CUST_01341,18135.34,UPI,FAILED,BANK_TIMEOUT,51,22,24,4,NETBANKING,22,Sunday,0
TXN_016950,CUST_04846,6909.14,CARD,FAILED,LIMIT_EXCEEDED,23,25,21,1,WALLET,8,Monday,0
TXN_016957,CUST_05391,4493.44,WALLET,FAILED,CARD_DECLINED,19,30,14,6,CARD,9,Wednesday,1
TXN_016958,CUST_02956,2341.99,CARD,FAILED,LIMIT_EXCEEDED,57,23,8,0,CARD,15,Tuesday,1
TXN_016961,CUST_09783,15441.77,NETBANKING,FAILED,CARD_DECLINED,48,17,13,8,WALLET,12,Saturday,0
TXN_016965,CUST_06841,13378.8,NETBANKING,FAILED,BANK_SERVER_DOWN,31,9,25,1,UPI,13,Thursday,1
TXN_016967,CUST_00152,22115.2,CARD,FAILED,BANK_TIMEOUT,46,24,6,5,UPI,0,Thursday,1
TXN_016976,CUST_00778,21495.82,NETBANKING,FAILED,NETWORK_ERROR,34,22,3,2,CARD,8,Tuesday,0
TXN_016978,CUST_08818,12047.81,WALLET,FAILED,LIMIT_EXCEEDED,49,13,3,6,UPI,2,Monday,0
TXN_016987,CUST_05394,13947.62,CARD,FAILED,INSUFFICIENT_FUNDS,56,15,2,0,CARD,20,Sunday,0
TXN_016989,CUST_08561,7979.17,NETBANKING,FAILED,BANK_SERVER_DOWN,52,17,14,6,WALLET,1,Tuesday,1
TXN_017001,CUST_07986,9518.28,NETBANKING,FAILED,BANK_TIMEOUT,28,26,14,8,UPI,6,Friday,0
TXN_017005,CUST_04627,10654.94,NETBANKING,FAILED,BANK_SERVER_DOWN,60,29,5,7,CARD,10,Thursday,0
TXN_017011,CUST_02785,24612.34,WALLET,FAILED,LIMIT_EXCEEDED,47,22,9,1,CARD,20,Saturday,0
TXN_017013,CUST_09784,4445.04,WALLET,FAILED,BANK_SERVER_DOWN,33,19,7,0,NETBANKING,20,Wednesday,0
TXN_017017,CUST_03521,3633.36,UPI,FAILED,OTP_FAILURE,44,17,16,4,WALLET,17,Friday,1
TXN_017018,CUST_08532,23242.31,CARD,FAILED,OTP_FAILURE,30,10,20,8,WALLET,5,Wednesday,0
TXN_017021,CUST_08081,14495.7,WALLET,FAILED,NETWORK_ERROR,23,15,10,8,NETBANKING,14,Wednesday,1
TXN_017028,CUST_04081,3781.68,CARD,FAILED,NETWORK_ERROR,47,4,13,2,WALLET,22,Tuesday,1
TXN_017029,CUST_06912,4411.42,UPI,FAILED,CARD_DECLINED,41,23,25,7,UPI,6,Thursday,1
TXN_017031,CUST_00632,10113.01,NETBANKING,FAILED,INSUFFICIENT_FUNDS,38,18,18,0,WALLET,13,Friday,0
TXN_017038,CUST_05384,12902.37,UPI,FAILED,CARD_DECLINED,57,2,14,2,CARD,21,Tuesday,0
TXN_017041,CUST_08438,6080.02,UPI,FAILED,CARD_DECLINED,41,13,4,9,NETBANKING,7,Friday,0
TXN_017048,CUST_05650,8685.68,NETBANKING,FAILED,INSUFFICIENT_FUNDS,57,29,18,4,NETBANKING,3,Thursday,1
TXN_017052,CUST_00966,13785.46,NETBANKING,FAILED,LIMIT_EXCEEDED,46,2,22,7,CARD,1,Saturday,0
TXN_017072,CUST_00122,1971.59,CARD,FAILED,BANK_SERVER_DOWN,28,9,14,6,NETBANKING,0,Saturday,0
TXN_017074,CUST_09860,16314.2,CARD,FAILED,INSUFFICIENT_FUNDS,56,28,6,8,WALLET,8,Saturday,0
TXN_017077,CUST_09930,10184.47,CARD,FAILED,BANK_TIMEOUT,31,5,20,4,WALLET,15,Friday,0
TXN_017078,CUST_07643,16666.85,CARD,FAILED,CARD_DECLINED,28,24,15,7,WALLET,10,Wednesday,0
TXN_017080,CUST_05860,11271.24,NETBANKING,FAILED,INSUFFICIENT_FUNDS,41,7,21,9,WALLET,0,Thursday,0
TXN_017082,CUST_06181,8962.46,WALLET,FAILED,BANK_SERVER_DOWN,36,27,19,0,CARD,13,Monday,1
TXN_017097,CUST_05181,21474.32,CARD,FAILED,BANK_SERVER_DOWN,27,3,14,10,WALLET,22,Saturday,0
TXN_017109,CUST_04172,3581.25,CARD,FAILED,OTP_FAILURE,35,1,18,6,CARD,9,Thursday,0
TXN_017117,CUST_09313,4504.54,WALLET,FAILED,INSUFFICIENT_FUNDS,27,3,4,8,UPI,23,Thursday,0
TXN_017147,CUST_05597,11706.54,NETBANKING,FAILED,NETWORK_ERROR,50,22,22,8,CARD,17,Tuesday,1
TXN_017149,CUST_00859,7477.32,UPI,FAILED,CARD_DECLINED,28,25,13,9,WALLET,8,Tuesday,0
TXN_017163,CUST_00531,6230.23,WALLET,FAILED,BANK_TIMEOUT,49,26,17,3,NETBANKING,4,Monday,1
TXN_017167,CUST_05196,8377.89,NETBANKING,FAILED,OTP_FAILURE,22,23,18,0,UPI,16,Tuesday,0
TXN_017168,CUST_08117,2432.77,CARD,FAILED,BANK_TIMEOUT,26,10,12,0,NETBANKING,23,Wednesday,1
TXN_017169,CUST_09027,3161.14,NETBANKING,FAILED,LIMIT_EXCEEDED,60,24,4,9,UPI,5,Tuesday,0
TXN_017180,CUST_06358,18504.88,CARD,FAILED,BANK_TIMEOUT,22,15,24,8,NETBANKING,5,Saturday,0
TXN_017188,CUST_07350,18641.21,WALLET,FAILED,OTP_FAILURE,18,28,23,7,CARD,15,Tuesday,0
TXN_017192,CUST_06900,15387.09,NETBANKING,FAILED,NETWORK_ERROR,60,17,9,6,WALLET,20,Monday,0
TXN_017218,CUST_04678,20876.39,NETBANKING,FAILED,INSUFFICIENT_FUNDS,50,12,7,10,CARD,11,Wednesday,0
TXN_017219,CUST_01175,7577.49,WALLET,FAILED,BANK_SERVER_DOWN,56,25,20,8,CARD,10,Thursday,0
TXN_017223,CUST_02375,20309.31,NETBANKING,FAILED,OTP_FAILURE,45,7,15,10,CARD,4,Sunday,1
TXN_017224,CUST_04939,9888.86,UPI,FAILED,BANK_SERVER_DOWN,39,10,23,7,CARD,15,Sunday,0
TXN_017225,CUST_06394,8397.94,UPI,FAILED,CARD_DECLINED,25,2,15,0,WALLET,23,Friday,0
TXN_017226,CUST_05562,1677.31,NETBANKING,FAILED,NETWORK_ERROR,26,18,19,2,WALLET,9,Wednesday,1
TXN_017228,CUST_09656,12435.28,CARD,FAILED,LIMIT_EXCEEDED,57,27,1,10,NETBANKING,7,Thursday,0
TXN_017247,CUST_06499,2757.52,WALLET,FAILED,LIMIT_EXCEEDED,60,29,9,10,WALLET,13,Tuesday,1
TXN_017259,CUST_01198,14577.0,WALLET,FAILED,OTP_FAILURE,58,1,23,7,CARD,2,Sunday,0
TXN_017261,CUST_03688,627.5,NETBANKING,FAILED,OTP_FAILURE,48,8,7,4,UPI,18,Wednesday,1
TXN_017267,CUST_05581,24898.59,CARD,FAILED,NETWORK_ERROR,52,21,12,3,UPI,6,Tuesday,1
TXN_017270,CUST_03710,19143.93,WALLET,FAILED,NETWORK_ERROR,40,27,4,9,NETBANKING,18,Wednesday,1
TXN_017278,CUST_01869,8415.02,NETBANKING,FAILED,OTP_FAILURE,20,4,3,2,NETBANKING,1,Sunday,0
TXN_017283,CUST_04042,289.42,NETBANKING,FAILED,OTP_FAILURE,25,12,9,3,CARD,21,Thursday,0
TXN_017284,CUST_09758,24470.8,UPI,FAILED,CARD_DECLINED,47,29,21,8,CARD,15,Thursday,0
TXN_017286,CUST_07613,14759.48,NETBANKING,FAILED,NETWORK_ERROR,50,24,25,6,UPI,12,Sunday,0
TXN_017292,CUST_03933,1267.28,NETBANKING,FAILED,NETWORK_ERROR,54,1,10,9,UPI,12,Monday,1
TXN_017296,CUST_06543,8295.71,UPI,FAILED,NETWORK_ERROR,51,18,14,6,WALLET,4,Tuesday,1
TXN_017306,CUST_00270,11724.93,UPI,FAILED,NETWORK_ERROR,21,8,16,1,NETBANKING,18,Friday,0
TXN_017311,CUST_00514,9952.79,UPI,FAILED,BANK_TIMEOUT,56,15,5,8,WALLET,6,Thursday,1
TXN_017312,CUST_00903,20017.15,WALLET,FAILED,NETWORK_ERROR,26,28,7,10,UPI,21,Sunday,1
TXN_017320,CUST_02290,6049.81,CARD,FAILED,INSUFFICIENT_FUNDS,20,25,9,6,NETBANKING,0,Monday,0
TXN_017327,CUST_08812,7846.17,NETBANKING,FAILED,NETWORK_ERROR,29,28,2,8,WALLET,1,Thursday,1
TXN_017333,CUST_07982,8637.06,NETBANKING,FAILED,LIMIT_EXCEEDED,25,13,24,10,CARD,0,Tuesday,0
TXN_017350,CUST_04812,21068.95,WALLET,FAILED,INSUFFICIENT_FUNDS,39,19,21,10,CARD,23,Wednesday,0
TXN_017354,CUST_08223,7302.75,NETBANKING,FAILED,INSUFFICIENT_FUNDS,20,11,22,1,UPI,7,Sunday,0
TXN_017358,CUST_02379,4066.41,NETBANKING,FAILED,OTP_FAILURE,40,8,19,10,WALLET,19,Sunday,0
TXN_017361,CUST_01128,1973.36,NETBANKING,FAILED,BANK_TIMEOUT,23,24,1,0,UPI,0,Saturday,0
TXN_017367,CUST_02388,24702.05,UPI,FAILED,BANK_TIMEOUT,35,30,24,6,CARD,13,Thursday,1
TXN_017373,CUST_09779,9430.04,UPI,FAILED,BANK_TIMEOUT,22,6,3,7,WALLET,12,Thursday,0
TXN_017376,CUST_02997,7938.75,UPI,FAILED,CARD_DECLINED,48,19,11,5,NETBANKING,19,Friday,1
TXN_017377,CUST_04299,17823.67,CARD,FAILED,BANK_SERVER_DOWN,35,1,7,7,CARD,6,Wednesday,0
TXN_017380,CUST_03279,20288.44,UPI,FAILED,BANK_TIMEOUT,53,6,14,1,WALLET,1,Friday,0
TXN_017381,CUST_06066,1696.82,WALLET,FAILED,OTP_FAILURE,46,16,8,0,UPI,2,Thursday,0
TXN_017385,CUST_03183,2894.76,NETBANKING,FAILED,CARD_DECLINED,24,29,22,9,WALLET,22,Monday,1
TXN_017414,CUST_06719,14547.78,UPI,FAILED,NETWORK_ERROR,26,26,10,5,NETBANKING,4,Friday,0
TXN_017415,CUST_07095,15186.31,CARD,FAILED,OTP_FAILURE,21,15,5,7,CARD,8,Thursday,1
TXN_017451,CUST_08763,24390.91,UPI,FAILED,BANK_TIMEOUT,38,9,21,9,WALLET,1,Wednesday,0
TXN_017454,CUST_06334,2128.3,CARD,FAILED,CARD_DECLINED,45,6,22,1,NETBANKING,20,Sunday,0
TXN_017466,CUST_06112,17586.33,CARD,FAILED,NETWORK_ERROR,55,10,21,5,CARD,13,Monday,1
TXN_017467,CUST_02694,1748.73,UPI,FAILED,LIMIT_EXCEEDED,50,12,13,8,WALLET,20,Thursday,0
TXN_017471,CUST_08181,22758.4,UPI,FAILED,LIMIT_EXCEEDED,38,13,6,5,CARD,7,Tuesday,0
TXN_017473,CUST_06507,6347.0,WALLET,FAILED,INSUFFICIENT_FUNDS,22,8,20,1,NETBANKING,6,Friday,0
TXN_017475,CUST_06750,4486.36,NETBANKING,FAILED,BANK_TIMEOUT,34,8,5,9,UPI,17,Monday,0
TXN_017478,CUST_04118,1529.33,CARD,FAILED,NETWORK_ERROR,34,23,16,10,NETBANKING,16,Wednesday,1
TXN_017480,CUST_01107,13255.82,UPI,FAILED,OTP_FAILURE,27,12,14,1,NETBANKING,18,Thursday,0
TXN_017483,CUST_08705,24099.64,CARD,FAILED,OTP_FAILURE,31,22,21,1,UPI,6,Friday,0
TXN_017487,CUST_02848,13193.46,UPI,FAILED,OTP_FAILURE,30,3,12,10,CARD,12,Tuesday,0
TXN_017489,CUST_05072,17760.0,WALLET,FAILED,LIMIT_EXCEEDED,53,27,3,5,WALLET,2,Saturday,0
TXN_017496,CUST_00356,9959.36,WALLET,FAILED,INSUFFICIENT_FUNDS,51,2,10,8,UPI,16,Wednesday,0
TXN_017516,CUST_01014,1863.38,NETBANKING,FAILED,CARD_DECLINED,33,14,5,6,WALLET,6,Saturday,0
TXN_017525,CUST_04896,23986.25,UPI,FAILED,BANK_SERVER_DOWN,45,12,24,5,NETBANKING,17,Wednesday,0
TXN_017530,CUST_05169,6119.49,CARD,FAILED,INSUFFICIENT_FUNDS,20,4,19,5,UPI,21,Thursday,0
TXN_017544,CUST_00570,2281.01,UPI,FAILED,INSUFFICIENT_FUNDS,35,25,9,5,UPI,16,Tuesday,0
TXN_017546,CUST_01209,17106.26,WALLET,FAILED,OTP_FAILURE,29,21,24,6,CARD,21,Thursday,0
TXN_017552,CUST_02274,16548.44,NETBANKING,FAILED,INSUFFICIENT_FUNDS,28,13,24,0,UPI,0,Thursday,0
TXN_017559,CUST_02252,7289.01,UPI,FAILED,OTP_FAILURE,49,23,20,8,NETBANKING,2,Tuesday,0
TXN_017573,CUST_01542,20637.18,NETBANKING,FAILED,BANK_TIMEOUT,50,8,4,10,WALLET,9,Monday,0
TXN_017575,CUST_01324,13845.28,NETBANKING,FAILED,BANK_SERVER_DOWN,49,12,11,2,CARD,11,Monday,0
TXN_017581,CUST_07475,14569.76,NETBANKING,FAILED,NETWORK_ERROR,18,5,9,10,CARD,0,Thursday,1
TXN_017591,CUST_07554,5809.9,WALLET,FAILED,INSUFFICIENT_FUNDS,20,2,23,0,CARD,18,Wednesday,0
TXN_017592,CUST_08077,11879.77,NETBANKING,FAILED,BANK_TIMEOUT,23,25,10,3,CARD,6,Friday,1
TXN_017606,CUST_03435,10315.84,NETBANKING,FAILED,NETWORK_ERROR,25,21,5,3,UPI,6,Wednesday,0
TXN_017615,CUST_09126,11674.67,UPI,FAILED,NETWORK_ERROR,57,4,2,2,NETBANKING,21,Tuesday,0
TXN_017629,CUST_06318,23383.7,NETBANKING,FAILED,LIMIT_EXCEEDED,46,1,14,1,UPI,8,Friday,0
TXN_017636,CUST_04123,12147.06,UPI,FAILED,BANK_SERVER_DOWN,29,2,1,9,CARD,19,Thursday,0
TXN_017637,CUST_07512,15173.16,NETBANKING,FAILED,BANK_TIMEOUT,23,26,12,8,UPI,23,Friday,1
TXN_017644,CUST_09575,18811.06,UPI,FAILED,LIMIT_EXCEEDED,49,5,23,3,NETBANKING,12,Thursday,0
TXN_017646,CUST_04966,11241.98,NETBANKING,FAILED,BANK_TIMEOUT,20,15,8,0,WALLET,1,Friday,0
TXN_017647,CUST_06296,13546.47,UPI,FAILED,CARD_DECLINED,49,8,4,8,UPI,17,Thursday,0
TXN_017656,CUST_03796,4866.71,NETBANKING,FAILED,OTP_FAILURE,52,18,12,7,CARD,20,Friday,1
TXN_017665,CUST_00491,18143.82,CARD,FAILED,BANK_TIMEOUT,45,12,7,6,NETBANKING,22,Monday,0
TXN_017667,CUST_04958,12245.94,UPI,FAILED,NETWORK_ERROR,53,5,8,4,CARD,6,Friday,0
TXN_017673,CUST_03412,14268.94,NETBANKING,FAILED,CARD_DECLINED,29,18,23,7,UPI,23,Wednesday,0
TXN_017681,CUST_09640,24685.31,NETBANKING,FAILED,BANK_TIMEOUT,23,19,15,8,CARD,19,Saturday,0
TXN_017687,CUST_00515,15797.34,UPI,FAILED,INSUFFICIENT_FUNDS,35,25,18,3,CARD,4,Tuesday,1
TXN_017690,CUST_01932,14324.15,CARD,FAILED,BANK_SERVER_DOWN,60,8,4,8,CARD,18,Friday,0
TXN_017720,CUST_07986,21273.19,WALLET,FAILED,NETWORK_ERROR,28,26,14,8,UPI,16,Tuesday,1
TXN_017722,CUST_09100,11071.83,NETBANKING,FAILED,BANK_SERVER_DOWN,57,14,10,6,NETBANKING,10,Wednesday,1
TXN_017731,CUST_03687,21898.89,CARD,FAILED,OTP_FAILURE,48,29,5,10,WALLET,17,Wednesday,0
TXN_017736,CUST_02394,20068.74,UPI,FAILED,CARD_DECLINED,20,7,2,10,WALLET,8,Monday,0
TXN_017744,CUST_00026,4885.07,UPI,FAILED,OTP_FAILURE,49,20,6,9,CARD,11,Wednesday,0
TXN_017755,CUST_09905,11300.57,NETBANKING,FAILED,INSUFFICIENT_FUNDS,45,9,25,0,WALLET,9,Sunday,1
TXN_017758,CUST_03417,6538.52,CARD,FAILED,BANK_TIMEOUT,23,9,22,1,CARD,7,Sunday,1
TXN_017759,CUST_05531,9204.23,UPI,FAILED,NETWORK_ERROR,27,16,13,1,NETBANKING,20,Tuesday,1
TXN_017767,CUST_02048,2767.91,CARD,FAILED,NETWORK_ERROR,36,11,10,5,UPI,3,Thursday,1
TXN_017768,CUST_07285,7387.73,UPI,FAILED,BANK_SERVER_DOWN,20,7,24,4,UPI,4,Tuesday,1
TXN_017780,CUST_06408,23075.67,CARD,FAILED,BANK_TIMEOUT,60,5,15,0,WALLET,21,Tuesday,0
TXN_017792,CUST_04565,13368.1,WALLET,FAILED,INSUFFICIENT_FUNDS,41,4,18,7,NETBANKING,20,Thursday,1
TXN_017809,CUST_05782,2993.36,NETBANKING,FAILED,BANK_SERVER_DOWN,34,22,8,3,UPI,19,Saturday,0
TXN_017817,CUST_09014,2183.83,UPI,FAILED,LIMIT_EXCEEDED,29,19,1,0,WALLET,1,Thursday,0
TXN_017823,CUST_03354,15519.42,WALLET,FAILED,INSUFFICIENT_FUNDS,34,9,8,2,CARD,22,Sunday,0
TXN_017838,CUST_04323,13089.53,UPI,FAILED,INSUFFICIENT_FUNDS,19,23,2,5,NETBANKING,8,Tuesday,0
TXN_017842,CUST_09870,1968.75,NETBANKING,FAILED,BANK_SERVER_DOWN,33,26,22,6,UPI,15,Wednesday,0
TXN_017847,CUST_02855,8682.59,UPI,FAILED,OTP_FAILURE,33,13,14,9,CARD,14,Saturday,0
TXN_017849,CUST_04315,21434.72,WALLET,FAILED,NETWORK_ERROR,25,14,23,10,WALLET,7,Friday,1
TXN_017855,CUST_08271,18061.65,UPI,FAILED,LIMIT_EXCEEDED,57,25,3,6,NETBANKING,14,Sunday,0
TXN_017881,CUST_03775,2869.4,CARD,FAILED,NETWORK_ERROR,60,30,1,0,WALLET,0,Saturday,0
TXN_017885,CUST_01748,10752.47,CARD,FAILED,LIMIT_EXCEEDED,33,25,21,9,WALLET,13,Friday,0
TXN_017888,CUST_07691,19004.5,UPI,FAILED,BANK_SERVER_DOWN,19,28,19,1,NETBANKING,11,Thursday,0
TXN_017892,CUST_06544,1900.75,NETBANKING,FAILED,OTP_FAILURE,39,17,9,3,NETBANKING,2,Saturday,0
TXN_017893,CUST_07173,6115.61,CARD,FAILED,BANK_SERVER_DOWN,21,18,11,3,UPI,5,Thursday,0
TXN_017897,CUST_06179,5644.69,WALLET,FAILED,INSUFFICIENT_FUNDS,46,3,19,0,NETBANKING,17,Thursday,0
TXN_017900,CUST_04624,20292.48,WALLET,FAILED,OTP_FAILURE,20,9,2,2,WALLET,23,Sunday,1
TXN_017905,CUST_03517,4408.92,CARD,FAILED,NETWORK_ERROR,50,10,23,4,UPI,23,Sunday,1
TXN_017906,CUST_03501,21884.35,NETBANKING,FAILED,LIMIT_EXCEEDED,60,6,1,2,UPI,19,Wednesday,0
TXN_017913,CUST_04935,17727.08,WALLET,FAILED,CARD_DECLINED,29,1,3,5,CARD,1,Saturday,0
TXN_017921,CUST_08340,12529.56,NETBANKING,FAILED,INSUFFICIENT_FUNDS,38,20,15,2,NETBANKING,4,Monday,0
TXN_017930,CUST_05377,18769.98,UPI,FAILED,OTP_FAILURE,58,23,14,8,UPI,8,Sunday,0
TXN_017932,CUST_09428,13433.97,CARD,FAILED,NETWORK_ERROR,51,11,11,6,WALLET,19,Thursday,0
TXN_017942,CUST_02332,24911.32,WALLET,FAILED,OTP_FAILURE,25,24,22,9,WALLET,7,Tuesday,0
TXN_017946,CUST_06862,15141.73,UPI,FAILED,CARD_DECLINED,47,24,22,7,UPI,6,Thursday,1
TXN_017955,CUST_01995,23256.41,NETBANKING,FAILED,BANK_TIMEOUT,33,16,24,4,NETBANKING,11,Saturday,1
TXN_017957,CUST_09947,14089.55,CARD,FAILED,BANK_SERVER_DOWN,26,22,2,9,NETBANKING,5,Monday,0
TXN_017959,CUST_02875,8078.61,WALLET,FAILED,NETWORK_ERROR,58,1,5,0,WALLET,2,Tuesday,0
TXN_017966,CUST_08280,3889.2,CARD,FAILED,INSUFFICIENT_FUNDS,25,10,25,5,UPI,9,Saturday,1
TXN_017967,CUST_06268,20855.97,CARD,FAILED,INSUFFICIENT_FUNDS,36,3,18,1,CARD,17,Thursday,1
TXN_017975,CUST_05599,12825.63,UPI,FAILED,BANK_SERVER_DOWN,25,8,2,5,NETBANKING,11,Tuesday,0
TXN_017979,CUST_07245,10038.76,WALLET,FAILED,NETWORK_ERROR,60,23,17,8,CARD,11,Friday,0
TXN_017987,CUST_01928,7835.72,UPI,FAILED,BANK_TIMEOUT,55,21,19,4,NETBANKING,3,Monday,0
TXN_017988,CUST_03465,12912.61,CARD,FAILED,LIMIT_EXCEEDED,41,20,10,2,CARD,20,Thursday,0
TXN_017996,CUST_00163,4343.47,CARD,FAILED,BANK_TIMEOUT,24,1,6,3,WALLET,3,Saturday,1
TXN_017999,CUST_02705,4644.45,UPI,FAILED,CARD_DECLINED,34,18,1,8,NETBANKING,3,Wednesday,0
TXN_018015,CUST_06945,6341.02,WALLET,FAILED,BANK_TIMEOUT,51,6,7,4,WALLET,18,Thursday,0
TXN_018018,CUST_00070,18460.82,NETBANKING,FAILED,CARD_DECLINED,29,2,12,3,CARD,11,Saturday,0
TXN_018028,CUST_01811,11153.16,CARD,FAILED,BANK_TIMEOUT,56,1,19,8,WALLET,7,Sunday,0
TXN_018050,CUST_08418,2628.8,CARD,FAILED,CARD_DECLINED,21,5,16,10,UPI,20,Friday,0
TXN_018052,CUST_09128,16867.9,WALLET,FAILED,NETWORK_ERROR,53,2,11,8,CARD,6,Friday,0
TXN_018054,CUST_05768,23267.1,NETBANKING,FAILED,NETWORK_ERROR,26,13,6,6,NETBANKING,8,Thursday,0
TXN_018057,CUST_00631,12304.42,WALLET,FAILED,BANK_TIMEOUT,52,20,6,0,UPI,3,Tuesday,0
TXN_018064,CUST_06920,18345.81,UPI,FAILED,NETWORK_ERROR,32,18,24,3,NETBANKING,9,Wednesday,1
TXN_018066,CUST_07717,9959.79,CARD,FAILED,NETWORK_ERROR,27,1,13,1,WALLET,20,Sunday,1
TXN_018071,CUST_09894,12545.18,WALLET,FAILED,NETWORK_ERROR,52,8,25,7,NETBANKING,17,Friday,0
TXN_018074,CUST_01760,17830.17,CARD,FAILED,NETWORK_ERROR,28,20,4,9,NETBANKING,10,Thursday,1
TXN_018082,CUST_02663,20604.13,UPI,FAILED,INSUFFICIENT_FUNDS,56,26,21,9,WALLET,0,Tuesday,1
TXN_018086,CUST_09626,9458.4,NETBANKING,FAILED,INSUFFICIENT_FUNDS,59,18,2,10,UPI,13,Tuesday,0
TXN_018091,CUST_04477,3148.01,WALLET,FAILED,NETWORK_ERROR,46,12,24,0,WALLET,21,Friday,1
TXN_018092,CUST_03482,8365.17,NETBANKING,FAILED,NETWORK_ERROR,37,16,4,7,NETBANKING,17,Saturday,0
TXN_018094,CUST_02074,11726.82,UPI,FAILED,CARD_DECLINED,55,22,5,9,WALLET,9,Wednesday,0
TXN_018097,CUST_02230,15474.56,WALLET,FAILED,NETWORK_ERROR,46,14,9,10,UPI,0,Saturday,0
TXN_018101,CUST_03169,10495.36,NETBANKING,FAILED,CARD_DECLINED,38,19,19,0,NETBANKING,8,Tuesday,1
TXN_018102,CUST_09692,15365.04,NETBANKING,FAILED,BANK_TIMEOUT,53,24,8,4,WALLET,4,Sunday,0
TXN_018114,CUST_05057,4614.38,NETBANKING,FAILED,BANK_SERVER_DOWN,27,22,7,0,WALLET,13,Thursday,0
TXN_018119,CUST_08369,14687.62,UPI,FAILED,OTP_FAILURE,40,19,3,4,CARD,9,Thursday,0
TXN_018130,CUST_03988,6200.65,WALLET,FAILED,LIMIT_EXCEEDED,60,28,2,4,NETBANKING,23,Wednesday,0
TXN_018135,CUST_09854,7770.27,CARD,FAILED,BANK_TIMEOUT,21,19,1,3,WALLET,8,Monday,0
TXN_018139,CUST_07831,18951.03,WALLET,FAILED,BANK_TIMEOUT,29,3,7,1,NETBANKING,2,Wednesday,0
TXN_018142,CUST_05708,2098.25,NETBANKING,FAILED,NETWORK_ERROR,44,26,13,5,WALLET,18,Thursday,0
TXN_018150,CUST_08840,19200.4,CARD,FAILED,BANK_SERVER_DOWN,29,7,15,10,WALLET,0,Monday,0
TXN_018163,CUST_07064,6526.0,UPI,FAILED,NETWORK_ERROR,56,2,19,6,CARD,17,Wednesday,0
TXN_018167,CUST_00591,22515.36,UPI,FAILED,CARD_DECLINED,28,12,3,7,CARD,15,Sunday,0
TXN_018171,CUST_03638,13374.4,WALLET,FAILED,CARD_DECLINED,47,9,5,2,UPI,8,Thursday,0
TXN_018173,CUST_01264,24227.97,CARD,FAILED,BANK_TIMEOUT,35,12,23,1,WALLET,23,Wednesday,0
TXN_018184,CUST_06491,2861.08,UPI,FAILED,LIMIT_EXCEEDED,27,30,24,7,NETBANKING,10,Tuesday,1
TXN_018185,CUST_00298,7313.71,WALLET,FAILED,BANK_SERVER_DOWN,26,12,5,1,WALLET,13,Tuesday,0
TXN_018191,CUST_04802,17830.32,NETBANKING,FAILED,BANK_TIMEOUT,33,26,18,5,WALLET,12,Saturday,0
TXN_018194,CUST_03710,17264.63,NETBANKING,FAILED,BANK_TIMEOUT,40,27,4,9,NETBANKING,1,Monday,1
TXN_018199,CUST_04081,19637.2,CARD,FAILED,OTP_FAILURE,47,4,13,2,WALLET,14,Friday,0
TXN_018206,CUST_05845,3963.79,CARD,FAILED,OTP_FAILURE,27,11,19,2,NETBANKING,13,Sunday,0
TXN_018207,CUST_03910,17227.21,CARD,FAILED,BANK_SERVER_DOWN,23,20,18,8,WALLET,13,Wednesday,0
TXN_018211,CUST_08115,18977.0,WALLET,FAILED,BANK_SERVER_DOWN,51,1,16,3,CARD,17,Friday,0
TXN_018214,CUST_08737,1679.56,NETBANKING,FAILED,LIMIT_EXCEEDED,49,22,22,3,NETBANKING,18,Friday,0
TXN_018222,CUST_01990,6082.1,NETBANKING,FAILED,NETWORK_ERROR,19,7,20,10,CARD,4,Sunday,1
TXN_018225,CUST_09617,14533.56,CARD,FAILED,BANK_SERVER_DOWN,53,9,12,0,UPI,15,Saturday,1
TXN_018233,CUST_05029,1281.24,WALLET,FAILED,OTP_FAILURE,24,13,5,4,CARD,4,Friday,0
TXN_018234,CUST_03494,7556.57,CARD,FAILED,NETWORK_ERROR,55,21,11,4,UPI,2,Monday,1
TXN_018237,CUST_04010,8448.49,CARD,FAILED,NETWORK_ERROR,24,26,9,4,CARD,21,Tuesday,1
TXN_018241,CUST_02848,22623.24,NETBANKING,FAILED,BANK_TIMEOUT,30,3,12,10,CARD,23,Friday,0
TXN_018244,CUST_03664,324.51,NETBANKING,FAILED,NETWORK_ERROR,29,2,22,0,CARD,18,Saturday,0
TXN_018245,CUST_06320,21298.87,UPI,FAILED,LIMIT_EXCEEDED,22,2,2,2,NETBANKING,3,Wednesday,0
TXN_018255,CUST_00320,9649.63,UPI,FAILED,OTP_FAILURE,52,13,8,6,NETBANKING,19,Friday,0
TXN_018260,CUST_05150,3617.35,CARD,FAILED,NETWORK_ERROR,51,2,15,8,UPI,3,Sunday,0
TXN_018263,CUST_04872,21162.65,UPI,FAILED,BANK_TIMEOUT,24,4,20,0,UPI,15,Thursday,1
TXN_018265,CUST_09286,622.4,CARD,FAILED,BANK_TIMEOUT,39,14,1,5,WALLET,13,Friday,1
TXN_018273,CUST_06118,17800.08,WALLET,FAILED,OTP_FAILURE,21,23,21,8,NETBANKING,16,Thursday,0
TXN_018276,CUST_09993,9657.54,UPI,FAILED,LIMIT_EXCEEDED,59,17,3,10,WALLET,7,Wednesday,0
TXN_018284,CUST_02433,15803.45,NETBANKING,FAILED,INSUFFICIENT_FUNDS,30,7,14,10,WALLET,22,Wednesday,0
TXN_018297,CUST_02783,2090.1,WALLET,FAILED,BANK_SERVER_DOWN,30,13,11,1,CARD,3,Tuesday,0
TXN_018301,CUST_01519,14457.9,NETBANKING,FAILED,INSUFFICIENT_FUNDS,30,4,18,5,WALLET,12,Sunday,0
TXN_018305,CUST_07765,3166.37,WALLET,FAILED,INSUFFICIENT_FUNDS,37,25,23,9,UPI,5,Wednesday,0
TXN_018311,CUST_04289,24991.11,CARD,FAILED,CARD_DECLINED,55,12,8,1,NETBANKING,8,Thursday,0
TXN_018312,CUST_05204,23087.64,CARD,FAILED,OTP_FAILURE,37,29,9,3,WALLET,17,Friday,0
TXN_018322,CUST_01530,6805.3,UPI,FAILED,LIMIT_EXCEEDED,59,3,16,6,NETBANKING,8,Sunday,0
TXN_018333,CUST_06885,13255.61,UPI,FAILED,BANK_TIMEOUT,34,8,1,5,WALLET,18,Friday,1
TXN_018337,CUST_04470,13030.0,NETBANKING,FAILED,BANK_TIMEOUT,32,30,2,3,CARD,11,Monday,1
TXN_018339,CUST_02216,10538.74,CARD,FAILED,NETWORK_ERROR,19,2,23,10,NETBANKING,19,Sunday,0
TXN_018347,CUST_00931,8018.77,CARD,FAILED,CARD_DECLINED,30,6,11,1,UPI,22,Sunday,0
TXN_018350,CUST_07887,20338.08,WALLET,FAILED,BANK_SERVER_DOWN,52,12,22,4,NETBANKING,16,Sunday,0
TXN_018351,CUST_00838,13948.8,WALLET,FAILED,INSUFFICIENT_FUNDS,30,18,3,5,CARD,14,Sunday,0
TXN_018365,CUST_07675,15371.39,UPI,FAILED,INSUFFICIENT_FUNDS,28,27,2,9,NETBANKING,21,Wednesday,0
TXN_018366,CUST_09334,18024.97,WALLET,FAILED,NETWORK_ERROR,29,26,18,2,CARD,20,Friday,0
TXN_018373,CUST_09936,2453.84,NETBANKING,FAILED,NETWORK_ERROR,26,16,10,3,WALLET,3,Wednesday,1
TXN_018380,CUST_01964,16650.59,UPI,FAILED,BANK_TIMEOUT,50,9,10,9,UPI,4,Friday,1
TXN_018381,CUST_07638,5914.0,UPI,FAILED,OTP_FAILURE,58,19,16,0,NETBANKING,20,Tuesday,0
TXN_018383,CUST_04671,12120.42,WALLET,FAILED,BANK_SERVER_DOWN,28,8,13,8,CARD,8,Wednesday,0
TXN_018384,CUST_03605,10422.17,NETBANKING,FAILED,OTP_FAILURE,39,9,3,9,CARD,21,Sunday,0
TXN_018401,CUST_00132,7128.34,NETBANKING,FAILED,LIMIT_EXCEEDED,51,24,16,0,NETBANKING,18,Thursday,0
TXN_018405,CUST_07416,2480.52,WALLET,FAILED,BANK_TIMEOUT,54,5,15,9,UPI,9,Tuesday,1
TXN_018411,CUST_09129,7586.42,NETBANKING,FAILED,BANK_SERVER_DOWN,54,1,22,4,CARD,0,Tuesday,0
TXN_018420,CUST_08969,23008.33,CARD,FAILED,LIMIT_EXCEEDED,54,7,14,6,UPI,17,Tuesday,0
TXN_018428,CUST_09209,15635.68,WALLET,FAILED,LIMIT_EXCEEDED,23,28,15,9,CARD,18,Monday,0
TXN_018432,CUST_05446,11895.48,UPI,FAILED,NETWORK_ERROR,45,20,6,7,WALLET,18,Monday,0
TXN_018439,CUST_09559,17162.19,CARD,FAILED,OTP_FAILURE,56,18,24,10,NETBANKING,16,Thursday,0
TXN_018443,CUST_09000,21381.5,CARD,FAILED,OTP_FAILURE,34,12,5,8,NETBANKING,21,Monday,0
TXN_018453,CUST_00149,14980.58,UPI,FAILED,BANK_SERVER_DOWN,33,26,6,8,NETBANKING,10,Friday,0
TXN_018463,CUST_00320,1196.53,WALLET,FAILED,OTP_FAILURE,52,13,8,6,NETBANKING,14,Monday,0
TXN_018466,CUST_09896,3746.28,WALLET,FAILED,INSUFFICIENT_FUNDS,22,29,13,0,WALLET,18,Monday,0
TXN_018469,CUST_03938,7325.8,NETBANKING,FAILED,NETWORK_ERROR,36,15,10,0,CARD,1,Sunday,0
TXN_018488,CUST_02857,19678.95,NETBANKING,FAILED,OTP_FAILURE,44,10,20,7,NETBANKING,4,Thursday,0
TXN_018501,CUST_07946,13031.06,WALLET,FAILED,BANK_TIMEOUT,18,16,19,1,UPI,20,Wednesday,0
TXN_018510,CUST_05611,21121.71,UPI,FAILED,BANK_SERVER_DOWN,46,14,2,1,WALLET,12,Sunday,0
TXN_018522,CUST_00907,19237.93,CARD,FAILED,BANK_TIMEOUT,52,2,4,10,UPI,11,Friday,1
TXN_018532,CUST_04918,1328.53,CARD,FAILED,INSUFFICIENT_FUNDS,42,8,2,4,NETBANKING,6,Sunday,0
TXN_018533,CUST_08212,24785.99,CARD,FAILED,BANK_SERVER_DOWN,20,5,24,2,WALLET,18,Thursday,0
TXN_018558,CUST_03747,5321.3,CARD,FAILED,NETWORK_ERROR,56,28,21,0,WALLET,11,Thursday,1
TXN_018560,CUST_09667,22936.82,CARD,FAILED,OTP_FAILURE,32,11,21,9,NETBANKING,15,Friday,0
TXN_018571,CUST_01043,21125.87,UPI,FAILED,NETWORK_ERROR,49,3,25,5,NETBANKING,19,Wednesday,1
TXN_018589,CUST_05435,9775.39,UPI,FAILED,INSUFFICIENT_FUNDS,57,15,19,2,WALLET,18,Sunday,0
TXN_018594,CUST_08598,1565.96,CARD,FAILED,CARD_DECLINED,36,22,24,10,NETBANKING,5,Thursday,0
TXN_018604,CUST_04846,5652.82,UPI,FAILED,LIMIT_EXCEEDED,23,25,21,1,WALLET,8,Sunday,0
TXN_018608,CUST_04173,18295.12,UPI,FAILED,LIMIT_EXCEEDED,53,10,22,6,NETBANKING,0,Tuesday,1
TXN_018611,CUST_07854,708.75,UPI,FAILED,NETWORK_ERROR,47,13,16,10,UPI,18,Tuesday,1
TXN_018622,CUST_05602,20219.7,NETBANKING,FAILED,OTP_FAILURE,50,1,9,8,WALLET,11,Saturday,0
TXN_018628,CUST_03802,6172.6,UPI,FAILED,OTP_FAILURE,49,9,2,1,WALLET,13,Friday,0
TXN_018638,CUST_03422,17544.02,UPI,FAILED,OTP_FAILURE,19,5,13,5,NETBANKING,21,Monday,1
TXN_018647,CUST_01844,20764.19,CARD,FAILED,OTP_FAILURE,21,8,17,0,CARD,20,Tuesday,0
TXN_018650,CUST_03674,10675.45,CARD,FAILED,LIMIT_EXCEEDED,48,18,12,5,UPI,11,Sunday,0
TXN_018655,CUST_00643,3869.11,UPI,FAILED,OTP_FAILURE,41,7,3,0,NETBANKING,21,Monday,0
TXN_018662,CUST_06033,8712.04,UPI,FAILED,NETWORK_ERROR,58,8,21,8,CARD,12,Monday,1
TXN_018664,CUST_00870,16378.26,UPI,FAILED,CARD_DECLINED,23,27,10,3,CARD,21,Sunday,0
TXN_018675,CUST_08662,3139.72,NETBANKING,FAILED,BANK_TIMEOUT,26,8,7,2,WALLET,23,Saturday,1
TXN_018683,CUST_09602,24244.87,CARD,FAILED,BANK_SERVER_DOWN,44,16,5,6,WALLET,12,Saturday,0
TXN_018694,CUST_03330,19965.95,NETBANKING,FAILED,NETWORK_ERROR,58,16,14,9,CARD,16,Saturday,1
TXN_018698,CUST_09576,9022.85,NETBANKING,FAILED,BANK_TIMEOUT,33,17,17,1,WALLET,1,Tuesday,1
TXN_018705,CUST_00848,7677.21,UPI,FAILED,CARD_DECLINED,36,17,17,2,UPI,4,Sunday,0
TXN_018728,CUST_05883,11565.02,WALLET,FAILED,INSUFFICIENT_FUNDS,38,9,18,1,NETBANKING,1,Sunday,0
TXN_018734,CUST_06431,2786.45,WALLET,FAILED,NETWORK_ERROR,24,19,12,8,NETBANKING,0,Wednesday,1
TXN_018774,CUST_06675,15016.7,UPI,FAILED,INSUFFICIENT_FUNDS,37,25,9,5,CARD,14,Monday,0
TXN_018784,CUST_05211,1456.37,WALLET,FAILED,BANK_TIMEOUT,55,7,2,4,UPI,12,Tuesday,1
TXN_018787,CUST_05594,3949.19,WALLET,FAILED,OTP_FAILURE,39,30,3,4,NETBANKING,1,Tuesday,1
TXN_018794,CUST_09321,15957.25,WALLET,FAILED,BANK_SERVER_DOWN,38,14,18,4,UPI,6,Friday,1
TXN_018795,CUST_05893,17199.87,UPI,FAILED,LIMIT_EXCEEDED,49,29,14,2,NETBANKING,7,Wednesday,0
TXN_018796,CUST_02188,9015.24,WALLET,FAILED,NETWORK_ERROR,59,24,15,0,WALLET,12,Thursday,0
TXN_018803,CUST_07328,17783.31,CARD,FAILED,LIMIT_EXCEEDED,48,4,5,1,UPI,11,Friday,0
TXN_018806,CUST_04682,3953.2,NETBANKING,FAILED,CARD_DECLINED,36,28,24,0,CARD,3,Tuesday,1
TXN_018817,CUST_07493,16729.72,NETBANKING,FAILED,INSUFFICIENT_FUNDS,55,9,3,0,WALLET,8,Friday,0
TXN_018818,CUST_02793,938.2,CARD,FAILED,NETWORK_ERROR,45,4,1,2,WALLET,0,Thursday,1
TXN_018826,CUST_00776,24229.45,WALLET,FAILED,OTP_FAILURE,60,22,20,9,CARD,15,Sunday,0
TXN_018837,CUST_00102,332.53,WALLET,FAILED,CARD_DECLINED,20,3,1,7,NETBANKING,2,Wednesday,0
TXN_018843,CUST_00312,3084.2,CARD,FAILED,INSUFFICIENT_FUNDS,28,18,8,0,UPI,22,Wednesday,1
TXN_018848,CUST_07182,2121.63,UPI,FAILED,CARD_DECLINED,30,22,9,9,CARD,7,Tuesday,0
TXN_018865,CUST_03589,1078.06,NETBANKING,FAILED,BANK_SERVER_DOWN,60,21,20,2,CARD,15,Monday,0
TXN_018872,CUST_05243,23639.9,UPI,FAILED,BANK_TIMEOUT,32,8,21,6,CARD,3,Thursday,0
TXN_018884,CUST_02118,20360.98,WALLET,FAILED,INSUFFICIENT_FUNDS,33,18,23,8,CARD,2,Tuesday,0
TXN_018886,CUST_01074,14296.61,NETBANKING,FAILED,BANK_TIMEOUT,30,30,8,6,UPI,6,Tuesday,0
TXN_018891,CUST_05122,19300.36,CARD,FAILED,INSUFFICIENT_FUNDS,48,6,21,8,CARD,18,Friday,0
TXN_018894,CUST_00296,1780.03,WALLET,FAILED,INSUFFICIENT_FUNDS,42,1,7,5,UPI,15,Saturday,0
TXN_018899,CUST_04734,6857.39,NETBANKING,FAILED,LIMIT_EXCEEDED,30,30,9,7,CARD,20,Friday,0
TXN_018901,CUST_01650,9611.81,NETBANKING,FAILED,BANK_TIMEOUT,22,2,19,3,UPI,2,Thursday,1
TXN_018913,CUST_09446,16302.81,NETBANKING,FAILED,NETWORK_ERROR,20,11,18,3,NETBANKING,11,Friday,1
TXN_018914,CUST_00523,10079.16,WALLET,FAILED,OTP_FAILURE,29,16,25,0,UPI,5,Saturday,0
TXN_018916,CUST_09554,6295.8,NETBANKING,FAILED,INSUFFICIENT_FUNDS,34,29,1,1,UPI,17,Wednesday,0
TXN_018919,CUST_00049,14715.22,CARD,FAILED,BANK_SERVER_DOWN,18,18,12,4,CARD,8,Thursday,0
TXN_018923,CUST_02442,17267.78,NETBANKING,FAILED,NETWORK_ERROR,32,4,22,10,UPI,1,Monday,1
TXN_018938,CUST_08842,22142.48,CARD,FAILED,LIMIT_EXCEEDED,30,26,18,5,CARD,12,Friday,0
TXN_018942,CUST_07626,6109.64,CARD,FAILED,BANK_SERVER_DOWN,44,29,18,6,NETBANKING,22,Saturday,0
TXN_018951,CUST_01707,3737.31,WALLET,FAILED,BANK_SERVER_DOWN,24,4,1,10,UPI,9,Wednesday,0
TXN_018964,CUST_08475,11478.8,UPI,FAILED,BANK_SERVER_DOWN,31,26,7,4,NETBANKING,10,Wednesday,0
TXN_018966,CUST_05142,8654.49,CARD,FAILED,NETWORK_ERROR,27,29,22,1,CARD,23,Wednesday,1
TXN_018974,CUST_05807,16227.98,CARD,FAILED,BANK_SERVER_DOWN,25,9,5,4,NETBANKING,15,Friday,0
TXN_018975,CUST_06144,2148.18,UPI,FAILED,INSUFFICIENT_FUNDS,25,28,18,4,CARD,12,Saturday,0
TXN_018981,CUST_09974,14561.27,UPI,FAILED,BANK_TIMEOUT,44,24,3,8,WALLET,20,Friday,1
TXN_018987,CUST_03945,13401.03,UPI,FAILED,CARD_DECLINED,58,19,25,10,NETBANKING,4,Wednesday,0
TXN_018992,CUST_08326,834.31,NETBANKING,FAILED,BANK_SERVER_DOWN,56,6,12,3,CARD,22,Sunday,0
TXN_019005,CUST_03955,17036.92,UPI,FAILED,BANK_TIMEOUT,41,23,23,0,WALLET,5,Monday,0
TXN_019006,CUST_05182,2973.17,NETBANKING,FAILED,LIMIT_EXCEEDED,50,27,22,0,WALLET,18,Thursday,1
TXN_019007,CUST_01506,8606.79,CARD,FAILED,CARD_DECLINED,28,3,7,4,WALLET,1,Friday,0
TXN_019008,CUST_07783,9301.03,WALLET,FAILED,INSUFFICIENT_FUNDS,44,10,11,2,WALLET,21,Friday,1
TXN_019009,CUST_02094,1257.24,NETBANKING,FAILED,BANK_SERVER_DOWN,25,1,15,4,UPI,7,Sunday,0
TXN_019013,CUST_03878,3109.87,WALLET,FAILED,LIMIT_EXCEEDED,24,16,2,4,NETBANKING,1,Tuesday,0
TXN_019018,CUST_00646,19545.53,NETBANKING,FAILED,LIMIT_EXCEEDED,35,8,14,0,CARD,18,Monday,0
TXN_019019,CUST_06541,3444.57,WALLET,FAILED,BANK_SERVER_DOWN,28,29,16,0,CARD,21,Saturday,0
TXN_019026,CUST_01030,6291.65,WALLET,FAILED,CARD_DECLINED,56,11,21,5,WALLET,23,Monday,0
TXN_019030,CUST_03265,3983.77,NETBANKING,FAILED,INSUFFICIENT_FUNDS,44,4,25,2,WALLET,3,Thursday,0
TXN_019031,CUST_09595,19882.54,CARD,FAILED,LIMIT_EXCEEDED,30,13,10,9,NETBANKING,15,Sunday,0
TXN_019040,CUST_03495,3823.12,NETBANKING,FAILED,BANK_TIMEOUT,44,25,20,4,UPI,10,Tuesday,1
TXN_019049,CUST_05531,11384.32,NETBANKING,FAILED,NETWORK_ERROR,27,16,13,1,NETBANKING,21,Friday,1
TXN_019051,CUST_07009,24105.79,WALLET,FAILED,OTP_FAILURE,42,3,23,1,NETBANKING,0,Monday,0
TXN_019057,CUST_04079,7833.96,NETBANKING,FAILED,BANK_TIMEOUT,56,8,9,8,CARD,0,Wednesday,0
TXN_019059,CUST_09627,462.49,CARD,FAILED,LIMIT_EXCEEDED,32,21,5,3,NETBANKING,17,Wednesday,0
TXN_019064,CUST_08875,3865.95,CARD,FAILED,INSUFFICIENT_FUNDS,45,21,23,5,NETBANKING,2,Saturday,0
TXN_019067,CUST_01890,17027.06,CARD,FAILED,INSUFFICIENT_FUNDS,21,13,14,10,CARD,4,Wednesday,0
TXN_019068,CUST_00031,4462.67,NETBANKING,FAILED,OTP_FAILURE,47,24,7,5,UPI,22,Friday,0
TXN_019069,CUST_05598,15211.0,WALLET,FAILED,NETWORK_ERROR,33,6,20,5,UPI,3,Wednesday,1
TXN_019075,CUST_09233,14220.39,CARD,FAILED,CARD_DECLINED,28,24,17,6,WALLET,10,Saturday,0
TXN_019077,CUST_02046,3919.47,UPI,FAILED,CARD_DECLINED,27,23,8,7,NETBANKING,7,Tuesday,1
TXN_019092,CUST_00061,18390.09,UPI,FAILED,NETWORK_ERROR,38,10,19,0,WALLET,9,Friday,1
TXN_019099,CUST_04422,15048.7,UPI,FAILED,LIMIT_EXCEEDED,33,19,21,8,WALLET,15,Saturday,0
TXN_019104,CUST_03207,4859.89,CARD,FAILED,INSUFFICIENT_FUNDS,21,10,3,5,NETBANKING,0,Sunday,0
TXN_019108,CUST_01859,7995.94,WALLET,FAILED,BANK_SERVER_DOWN,35,29,7,1,NETBANKING,3,Sunday,0
TXN_019109,CUST_06657,7759.84,WALLET,FAILED,CARD_DECLINED,22,18,3,0,CARD,12,Monday,0
TXN_019111,CUST_07297,4336.41,WALLET,FAILED,CARD_DECLINED,52,28,11,8,CARD,16,Tuesday,0
TXN_019132,CUST_07489,3799.06,WALLET,FAILED,OTP_FAILURE,26,16,25,2,NETBANKING,0,Friday,0
TXN_019134,CUST_09932,14950.43,CARD,FAILED,BANK_TIMEOUT,56,30,20,4,UPI,23,Wednesday,1
TXN_019137,CUST_05721,21786.83,WALLET,FAILED,LIMIT_EXCEEDED,46,23,3,4,UPI,11,Tuesday,0
TXN_019149,CUST_02682,23609.78,NETBANKING,FAILED,CARD_DECLINED,19,13,23,9,UPI,11,Tuesday,0
TXN_019154,CUST_08584,11188.45,WALLET,FAILED,LIMIT_EXCEEDED,38,7,21,2,CARD,0,Friday,1
TXN_019167,CUST_08153,7573.22,CARD,FAILED,CARD_DECLINED,18,26,13,6,WALLET,14,Wednesday,0
TXN_019174,CUST_00231,3359.95,CARD,FAILED,LIMIT_EXCEEDED,33,9,21,10,WALLET,5,Wednesday,0
TXN_019180,CUST_03181,8737.14,CARD,FAILED,NETWORK_ERROR,53,23,8,2,UPI,17,Sunday,0
TXN_019185,CUST_01388,19131.14,CARD,FAILED,LIMIT_EXCEEDED,31,22,23,8,WALLET,0,Saturday,1
TXN_019194,CUST_07395,11045.75,UPI,FAILED,BANK_SERVER_DOWN,46,5,18,10,NETBANKING,9,Wednesday,1
TXN_019208,CUST_00891,23940.85,NETBANKING,FAILED,NETWORK_ERROR,53,13,5,7,CARD,2,Tuesday,0
TXN_019209,CUST_08246,18056.23,NETBANKING,FAILED,BANK_SERVER_DOWN,36,1,4,10,UPI,13,Friday,0
TXN_019211,CUST_05314,2566.57,CARD,FAILED,OTP_FAILURE,31,12,3,1,NETBANKING,2,Wednesday,0
TXN_019213,CUST_09829,15543.37,UPI,FAILED,CARD_DECLINED,57,25,17,10,WALLET,6,Friday,0
TXN_019215,CUST_02216,16699.04,CARD,FAILED,NETWORK_ERROR,19,2,23,10,NETBANKING,13,Wednesday,0
TXN_019232,CUST_08482,23931.5,NETBANKING,FAILED,OTP_FAILURE,39,8,6,3,WALLET,0,Saturday,0
TXN_019233,CUST_00478,22570.11,CARD,FAILED,BANK_TIMEOUT,22,28,2,6,UPI,9,Friday,0
TXN_019235,CUST_00643,3965.95,UPI,FAILED,NETWORK_ERROR,41,7,3,0,NETBANKING,2,Monday,1
TXN_019237,CUST_01938,23663.74,UPI,FAILED,LIMIT_EXCEEDED,34,28,17,8,WALLET,21,Tuesday,0
TXN_019250,CUST_06909,391.49,CARD,FAILED,NETWORK_ERROR,35,28,24,7,CARD,18,Friday,1
TXN_019254,CUST_03921,626.37,WALLET,FAILED,LIMIT_EXCEEDED,39,7,7,10,NETBANKING,8,Sunday,1
TXN_019255,CUST_09416,18958.47,WALLET,FAILED,CARD_DECLINED,41,22,15,7,NETBANKING,15,Friday,0
TXN_019260,CUST_00902,19101.87,UPI,FAILED,BANK_TIMEOUT,37,8,7,5,WALLET,18,Monday,1
TXN_019266,CUST_00052,2516.57,CARD,FAILED,BANK_TIMEOUT,36,4,6,8,WALLET,22,Thursday,0
TXN_019268,CUST_00167,24650.94,UPI,FAILED,LIMIT_EXCEEDED,47,11,6,0,UPI,17,Monday,0
TXN_019269,CUST_03436,9742.43,WALLET,FAILED,INSUFFICIENT_FUNDS,50,3,1,8,UPI,5,Saturday,0
TXN_019270,CUST_05798,17917.27,UPI,FAILED,NETWORK_ERROR,36,30,24,2,WALLET,9,Sunday,1
TXN_019273,CUST_06450,19524.86,WALLET,FAILED,BANK_TIMEOUT,55,30,16,4,UPI,4,Sunday,0
TXN_019278,CUST_07200,709.65,CARD,FAILED,CARD_DECLINED,56,29,2,3,WALLET,9,Wednesday,0
TXN_019284,CUST_05946,4997.73,CARD,FAILED,CARD_DECLINED,58,21,19,2,UPI,17,Thursday,1
TXN_019303,CUST_00221,2238.99,NETBANKING,FAILED,LIMIT_EXCEEDED,34,8,12,9,UPI,9,Tuesday,1
TXN_019304,CUST_06061,2562.39,UPI,FAILED,CARD_DECLINED,21,14,24,10,NETBANKING,8,Saturday,1
TXN_019308,CUST_08025,5342.16,UPI,FAILED,CARD_DECLINED,59,15,9,9,CARD,13,Monday,0
TXN_019321,CUST_06269,4592.33,CARD,FAILED,BANK_TIMEOUT,18,28,5,9,NETBANKING,12,Sunday,1
TXN_019334,CUST_01384,20965.39,CARD,FAILED,OTP_FAILURE,54,10,23,8,NETBANKING,3,Saturday,0
TXN_019335,CUST_02325,2079.33,WALLET,FAILED,OTP_FAILURE,19,29,14,5,CARD,22,Thursday,0
TXN_019350,CUST_04775,23932.44,NETBANKING,FAILED,BANK_TIMEOUT,50,21,3,5,NETBANKING,7,Thursday,1
TXN_019353,CUST_00511,11484.14,CARD,FAILED,INSUFFICIENT_FUNDS,39,7,15,4,WALLET,9,Saturday,0
TXN_019359,CUST_08576,10727.18,WALLET,FAILED,BANK_SERVER_DOWN,43,21,20,4,CARD,4,Sunday,0
TXN_019361,CUST_06542,22236.52,NETBANKING,FAILED,INSUFFICIENT_FUNDS,49,28,3,3,WALLET,18,Friday,0
TXN_019372,CUST_01469,5938.85,WALLET,FAILED,NETWORK_ERROR,53,24,18,3,CARD,8,Thursday,0
TXN_019373,CUST_08547,16021.55,WALLET,FAILED,LIMIT_EXCEEDED,52,12,12,9,NETBANKING,1,Sunday,0
TXN_019376,CUST_04697,2524.47,UPI,FAILED,LIMIT_EXCEEDED,58,19,13,5,CARD,13,Friday,0
TXN_019379,CUST_00683,10353.63,NETBANKING,FAILED,BANK_TIMEOUT,21,6,3,5,UPI,10,Friday,1
TXN_019381,CUST_08985,2680.16,NETBANKING,FAILED,BANK_TIMEOUT,29,10,5,5,CARD,10,Saturday,1
TXN_019387,CUST_08777,18400.56,UPI,FAILED,NETWORK_ERROR,33,11,24,8,CARD,4,Thursday,1
TXN_019396,CUST_03681,22901.53,NETBANKING,FAILED,NETWORK_ERROR,26,27,7,3,WALLET,4,Wednesday,0
TXN_019398,CUST_06629,19256.62,CARD,FAILED,BANK_SERVER_DOWN,18,4,15,0,WALLET,16,Tuesday,0
TXN_019409,CUST_04536,6953.2,UPI,FAILED,NETWORK_ERROR,45,27,3,9,NETBANKING,1,Saturday,0
TXN_019413,CUST_01418,23708.66,NETBANKING,FAILED,CARD_DECLINED,27,8,24,9,CARD,9,Wednesday,0
TXN_019414,CUST_00172,10828.49,NETBANKING,FAILED,CARD_DECLINED,20,13,2,3,CARD,8,Saturday,0
TXN_019415,CUST_05736,16669.06,NETBANKING,FAILED,OTP_FAILURE,31,17,6,9,NETBANKING,22,Tuesday,1
TXN_019416,CUST_01514,6126.0,CARD,FAILED,INSUFFICIENT_FUNDS,29,12,21,1,CARD,8,Wednesday,0
TXN_019419,CUST_00340,12853.97,WALLET,FAILED,BANK_SERVER_DOWN,47,4,4,6,CARD,10,Saturday,0
TXN_019421,CUST_03215,4639.51,NETBANKING,FAILED,BANK_TIMEOUT,23,29,23,0,CARD,13,Saturday,0
TXN_019423,CUST_06935,8997.01,NETBANKING,FAILED,INSUFFICIENT_FUNDS,42,14,23,0,WALLET,20,Saturday,0
TXN_019432,CUST_07654,12869.15,NETBANKING,FAILED,OTP_FAILURE,41,27,2,4,CARD,9,Thursday,0
TXN_019442,CUST_01468,8909.59,CARD,FAILED,LIMIT_EXCEEDED,24,29,14,1,UPI,14,Friday,1
TXN_019449,CUST_05074,548.94,CARD,FAILED,NETWORK_ERROR,50,11,17,4,UPI,20,Tuesday,1
TXN_019452,CUST_01497,7003.28,CARD,FAILED,BANK_SERVER_DOWN,43,25,5,3,WALLET,10,Friday,0
TXN_019457,CUST_01289,13477.55,WALLET,FAILED,CARD_DECLINED,21,23,21,9,NETBANKING,7,Wednesday,0
TXN_019466,CUST_07383,21395.86,WALLET,FAILED,BANK_SERVER_DOWN,23,21,8,9,WALLET,11,Friday,0
TXN_019467,CUST_08625,12274.39,NETBANKING,FAILED,OTP_FAILURE,58,11,18,2,CARD,12,Tuesday,0
TXN_019472,CUST_03554,10851.26,UPI,FAILED,LIMIT_EXCEEDED,60,25,24,6,NETBANKING,4,Wednesday,0
TXN_019473,CUST_09338,24774.13,NETBANKING,FAILED,OTP_FAILURE,36,20,1,8,UPI,22,Monday,0
TXN_019476,CUST_01131,4535.91,WALLET,FAILED,LIMIT_EXCEEDED,59,28,7,3,UPI,6,Friday,0
TXN_019479,CUST_04656,16987.32,NETBANKING,FAILED,INSUFFICIENT_FUNDS,60,7,12,10,UPI,10,Wednesday,0
TXN_019480,CUST_02915,145.67,UPI,FAILED,NETWORK_ERROR,35,6,13,9,NETBANKING,8,Friday,0
TXN_019491,CUST_02027,460.15,NETBANKING,FAILED,NETWORK_ERROR,52,9,12,5,WALLET,0,Friday,1
TXN_019505,CUST_00830,20758.94,NETBANKING,FAILED,OTP_FAILURE,26,19,14,9,NETBANKING,14,Wednesday,1
TXN_019509,CUST_03390,5692.8,CARD,FAILED,INSUFFICIENT_FUNDS,45,24,1,4,NETBANKING,2,Friday,0
TXN_019510,CUST_07509,23609.03,NETBANKING,FAILED,BANK_SERVER_DOWN,43,7,21,2,UPI,20,Monday,0
TXN_019514,CUST_05176,330.98,CARD,FAILED,BANK_TIMEOUT,30,17,19,9,UPI,18,Friday,0
TXN_019519,CUST_07527,16552.41,WALLET,FAILED,NETWORK_ERROR,27,6,4,2,UPI,8,Tuesday,1
TXN_019521,CUST_09999,22525.32,CARD,FAILED,BANK_SERVER_DOWN,57,26,3,6,WALLET,12,Saturday,0
TXN_019524,CUST_04821,4616.17,UPI,FAILED,CARD_DECLINED,29,17,25,6,CARD,15,Wednesday,0
TXN_019526,CUST_04692,2795.23,UPI,FAILED,NETWORK_ERROR,36,7,10,2,NETBANKING,21,Thursday,1
TXN_019532,CUST_08295,12334.65,CARD,FAILED,OTP_FAILURE,37,1,18,7,NETBANKING,6,Wednesday,0
TXN_019535,CUST_04250,16609.73,NETBANKING,FAILED,OTP_FAILURE,59,12,14,5,CARD,12,Wednesday,0
TXN_019552,CUST_06903,13453.43,NETBANKING,FAILED,INSUFFICIENT_FUNDS,18,21,4,8,UPI,23,Monday,0
TXN_019560,CUST_09764,5911.57,CARD,FAILED,BANK_TIMEOUT,28,3,3,4,WALLET,14,Tuesday,0
TXN_019569,CUST_01782,14693.81,NETBANKING,FAILED,INSUFFICIENT_FUNDS,42,13,15,7,CARD,19,Friday,0
TXN_019594,CUST_06282,16354.08,NETBANKING,FAILED,CARD_DECLINED,45,2,14,6,UPI,14,Wednesday,0
TXN_019615,CUST_05465,24166.1,WALLET,FAILED,NETWORK_ERROR,42,11,1,3,UPI,16,Tuesday,0
TXN_019624,CUST_00339,15978.32,UPI,FAILED,BANK_TIMEOUT,56,7,4,0,WALLET,8,Sunday,1
TXN_019626,CUST_05248,1010.15,WALLET,FAILED,INSUFFICIENT_FUNDS,50,8,10,3,NETBANKING,18,Saturday,0
TXN_019628,CUST_04705,12256.21,UPI,FAILED,BANK_SERVER_DOWN,45,16,8,1,NETBANKING,8,Tuesday,0
TXN_019634,CUST_08312,344.76,UPI,FAILED,NETWORK_ERROR,52,17,3,5,NETBANKING,3,Wednesday,0
TXN_019637,CUST_09596,18092.66,NETBANKING,FAILED,CARD_DECLINED,33,11,5,2,WALLET,16,Friday,0
TXN_019641,CUST_01350,4733.63,UPI,FAILED,CARD_DECLINED,36,27,21,5,UPI,6,Friday,0
TXN_019644,CUST_05220,4037.35,NETBANKING,FAILED,LIMIT_EXCEEDED,28,3,4,10,UPI,23,Saturday,0
TXN_019651,CUST_01398,14034.84,NETBANKING,FAILED,BANK_SERVER_DOWN,50,5,18,3,CARD,7,Saturday,0
TXN_019654,CUST_01939,1138.91,CARD,FAILED,NETWORK_ERROR,36,11,18,5,UPI,14,Friday,0
TXN_019655,CUST_02704,13619.27,UPI,FAILED,INSUFFICIENT_FUNDS,33,14,5,1,WALLET,13,Wednesday,0
TXN_019661,CUST_08436,22979.9,UPI,FAILED,BANK_SERVER_DOWN,40,15,9,1,CARD,17,Tuesday,0
TXN_019668,CUST_06479,23372.15,CARD,FAILED,LIMIT_EXCEEDED,50,15,11,0,NETBANKING,5,Thursday,0
TXN_019671,CUST_05066,7738.48,WALLET,FAILED,NETWORK_ERROR,27,3,23,0,WALLET,19,Tuesday,1
TXN_019695,CUST_09225,24699.24,UPI,FAILED,OTP_FAILURE,39,6,20,2,WALLET,1,Monday,1
TXN_019699,CUST_05234,22664.56,UPI,FAILED,OTP_FAILURE,28,20,15,0,UPI,4,Tuesday,1
TXN_019725,CUST_07659,20409.42,CARD,FAILED,BANK_TIMEOUT,33,7,13,0,NETBANKING,3,Wednesday,0
TXN_019727,CUST_02125,12280.55,CARD,FAILED,BANK_TIMEOUT,41,8,9,0,UPI,0,Wednesday,0
TXN_019731,CUST_04212,7170.41,WALLET,FAILED,CARD_DECLINED,38,25,12,8,WALLET,12,Sunday,0
TXN_019740,CUST_05146,10257.7,UPI,FAILED,LIMIT_EXCEEDED,18,19,17,3,UPI,4,Wednesday,0
TXN_019748,CUST_08801,447.53,WALLET,FAILED,NETWORK_ERROR,49,16,13,9,UPI,6,Wednesday,1
TXN_019750,CUST_03074,18560.68,WALLET,FAILED,LIMIT_EXCEEDED,19,11,23,10,NETBANKING,23,Tuesday,0
TXN_019762,CUST_02336,2988.32,CARD,FAILED,NETWORK_ERROR,53,23,17,6,WALLET,14,Saturday,1
TXN_019767,CUST_01608,24698.49,NETBANKING,FAILED,CARD_DECLINED,38,29,1,6,WALLET,20,Monday,0
TXN_019777,CUST_04500,20982.87,CARD,FAILED,OTP_FAILURE,37,13,20,9,WALLET,14,Friday,0
TXN_019779,CUST_03068,14510.72,UPI,FAILED,OTP_FAILURE,24,28,8,1,WALLET,23,Thursday,0
TXN_019791,CUST_01990,15140.04,WALLET,FAILED,OTP_FAILURE,19,7,20,10,CARD,10,Thursday,1
TXN_019800,CUST_03506,16066.14,WALLET,FAILED,OTP_FAILURE,56,4,7,9,CARD,20,Monday,0
TXN_019817,CUST_01110,1201.52,NETBANKING,FAILED,INSUFFICIENT_FUNDS,22,15,7,7,WALLET,11,Tuesday,0
TXN_019821,CUST_09022,17326.73,CARD,FAILED,NETWORK_ERROR,48,25,11,3,NETBANKING,14,Saturday,1
TXN_019827,CUST_04865,24595.56,WALLET,FAILED,BANK_SERVER_DOWN,36,3,7,7,CARD,17,Monday,0
TXN_019836,CUST_03230,9009.5,CARD,FAILED,LIMIT_EXCEEDED,29,12,16,5,UPI,20,Sunday,0
TXN_019840,CUST_00515,11236.94,NETBANKING,FAILED,BANK_SERVER_DOWN,35,25,18,3,CARD,18,Thursday,0
TXN_019841,CUST_01722,22309.89,CARD,FAILED,OTP_FAILURE,22,30,16,4,NETBANKING,6,Sunday,0
TXN_019846,CUST_00341,3572.04,NETBANKING,FAILED,BANK_TIMEOUT,57,9,14,2,CARD,11,Thursday,1
TXN_019863,CUST_03659,13565.58,WALLET,FAILED,BANK_TIMEOUT,56,19,1,9,UPI,10,Tuesday,1
TXN_019876,CUST_04543,13261.18,UPI,FAILED,BANK_TIMEOUT,54,22,20,7,CARD,13,Tuesday,1
TXN_019882,CUST_08292,7139.42,WALLET,FAILED,CARD_DECLINED,37,26,13,3,WALLET,14,Friday,0
TXN_019883,CUST_07488,24949.43,CARD,FAILED,LIMIT_EXCEEDED,49,1,16,5,CARD,14,Saturday,1
TXN_019887,CUST_04049,19150.26,NETBANKING,FAILED,BANK_TIMEOUT,18,8,10,9,UPI,12,Sunday,1
TXN_019892,CUST_06708,18093.13,CARD,FAILED,NETWORK_ERROR,40,1,1,0,UPI,18,Saturday,0
TXN_019902,CUST_00804,5155.47,UPI,FAILED,BANK_SERVER_DOWN,19,23,3,1,CARD,7,Tuesday,0
TXN_019904,CUST_04855,6246.15,NETBANKING,FAILED,BANK_SERVER_DOWN,38,27,2,10,CARD,6,Friday,0
TXN_019907,CUST_07902,9679.06,NETBANKING,FAILED,OTP_FAILURE,53,13,11,0,WALLET,1,Monday,0
TXN_019911,CUST_07539,23000.85,CARD,FAILED,LIMIT_EXCEEDED,52,30,6,5,CARD,12,Sunday,0
TXN_019915,CUST_06060,12554.36,CARD,FAILED,BANK_TIMEOUT,54,9,6,1,NETBANKING,17,Tuesday,0
TXN_019917,CUST_01508,23884.1,NETBANKING,FAILED,BANK_SERVER_DOWN,45,13,13,7,UPI,19,Sunday,0
TXN_019933,CUST_00390,12272.26,NETBANKING,FAILED,CARD_DECLINED,19,14,8,1,UPI,22,Tuesday,0
TXN_019936,CUST_00737,19137.71,NETBANKING,FAILED,OTP_FAILURE,44,14,22,4,CARD,6,Tuesday,0
TXN_019948,CUST_06103,20375.83,UPI,FAILED,OTP_FAILURE,54,6,25,3,UPI,12,Monday,0
TXN_019955,CUST_07499,14949.62,UPI,FAILED,NETWORK_ERROR,22,13,19,0,UPI,7,Tuesday,1
TXN_019961,CUST_03370,8762.75,NETBANKING,FAILED,INSUFFICIENT_FUNDS,39,14,21,3,WALLET,4,Thursday,0
TXN_019968,CUST_08113,22445.14,NETBANKING,FAILED,LIMIT_EXCEEDED,49,17,25,2,NETBANKING,17,Monday,1
TXN_019969,CUST_06866,23048.74,WALLET,FAILED,LIMIT_EXCEEDED,42,14,21,2,NETBANKING,18,Friday,0
TXN_019973,CUST_03727,18143.78,UPI,FAILED,INSUFFICIENT_FUNDS,21,26,17,0,CARD,19,Saturday,0
TXN_019980,CUST_08551,19349.42,NETBANKING,FAILED,CARD_DECLINED,34,16,9,3,NETBANKING,1,Monday,0
TXN_019983,CUST_05433,12783.65,WALLET,FAILED,BANK_TIMEOUT,54,8,18,3,UPI,10,Saturday,1
TXN_019986,CUST_01758,8700.07,NETBANKING,FAILED,NETWORK_ERROR,48,3,10,4,WALLET,8,Saturday,0
TXN_019988,CUST_04522,3415.34,CARD,FAILED,OTP_FAILURE,54,1,13,5,WALLET,7,Saturday,1
TXN_019995,CUST_00710,6158.8,CARD,FAILED,INSUFFICIENT_FUNDS,56,24,5,5,WALLET,14,Monday,0
TXN_020007,CUST_08431,5400.08,NETBANKING,FAILED,BANK_SERVER_DOWN,40,3,24,9,WALLET,11,Thursday,0
TXN_020011,CUST_07661,14447.84,CARD,FAILED,INSUFFICIENT_FUNDS,42,3,18,4,UPI,20,Monday,1
TXN_020016,CUST_08329,8653.54,UPI,FAILED,CARD_DECLINED,20,2,5,10,NETBANKING,1,Saturday,0
TXN_020019,CUST_03503,24696.43,WALLET,FAILED,LIMIT_EXCEEDED,38,16,1,5,CARD,10,Thursday,0
TXN_020021,CUST_04429,6611.73,CARD,FAILED,LIMIT_EXCEEDED,35,17,23,5,UPI,17,Thursday,0
TXN_020022,CUST_06543,23094.4,NETBANKING,FAILED,BANK_TIMEOUT,51,18,14,6,WALLET,9,Saturday,0
TXN_020033,CUST_03278,21761.81,CARD,FAILED,BANK_SERVER_DOWN,55,2,23,6,UPI,19,Wednesday,0
TXN_020034,CUST_06190,23163.31,NETBANKING,FAILED,LIMIT_EXCEEDED,42,11,25,7,CARD,3,Friday,0
TXN_020036,CUST_07097,789.7,CARD,FAILED,NETWORK_ERROR,52,12,6,5,NETBANKING,20,Sunday,0
TXN_020046,CUST_06893,12932.85,WALLET,FAILED,BANK_SERVER_DOWN,32,20,15,2,NETBANKING,9,Monday,0
TXN_020051,CUST_08499,1363.18,CARD,FAILED,BANK_SERVER_DOWN,31,21,10,4,WALLET,6,Tuesday,0
TXN_020061,CUST_03594,21851.56,UPI,FAILED,OTP_FAILURE,57,12,10,3,UPI,23,Monday,0
TXN_020068,CUST_05517,22619.01,UPI,FAILED,BANK_TIMEOUT,24,6,21,9,WALLET,10,Saturday,1
TXN_020075,CUST_04159,23033.59,WALLET,FAILED,CARD_DECLINED,51,5,10,4,UPI,3,Thursday,0
TXN_020079,CUST_02858,17683.41,WALLET,FAILED,BANK_SERVER_DOWN,46,11,23,1,UPI,9,Saturday,0
TXN_020085,CUST_08248,20515.41,NETBANKING,FAILED,LIMIT_EXCEEDED,35,9,16,5,CARD,10,Friday,0
TXN_020093,CUST_05761,2150.21,UPI,FAILED,INSUFFICIENT_FUNDS,41,28,9,7,NETBANKING,18,Sunday,0
TXN_020106,CUST_02766,6813.66,UPI,FAILED,CARD_DECLINED,59,19,2,3,WALLET,8,Thursday,0
TXN_020107,CUST_00068,13995.33,CARD,FAILED,BANK_TIMEOUT,60,14,25,1,UPI,5,Sunday,1
TXN_020112,CUST_00733,23761.21,WALLET,FAILED,OTP_FAILURE,22,27,25,4,CARD,14,Wednesday,0
TXN_020113,CUST_04033,3229.7,NETBANKING,FAILED,BANK_SERVER_DOWN,54,4,7,8,WALLET,11,Tuesday,1
TXN_020114,CUST_03389,22573.26,NETBANKING,FAILED,CARD_DECLINED,47,4,25,9,CARD,21,Friday,0
TXN_020126,CUST_07417,10330.1,WALLET,FAILED,OTP_FAILURE,51,2,18,5,CARD,15,Tuesday,1
TXN_020151,CUST_08284,7902.5,CARD,FAILED,BANK_SERVER_DOWN,57,17,22,0,UPI,13,Wednesday,0
TXN_020154,CUST_06963,18831.78,UPI,FAILED,BANK_SERVER_DOWN,31,2,4,8,NETBANKING,23,Wednesday,0
TXN_020157,CUST_07772,334.9,WALLET,FAILED,LIMIT_EXCEEDED,43,3,24,0,NETBANKING,15,Sunday,0
TXN_020162,CUST_03715,15509.85,CARD,FAILED,CARD_DECLINED,60,8,24,6,NETBANKING,23,Thursday,0
TXN_020182,CUST_09251,3490.18,WALLET,FAILED,LIMIT_EXCEEDED,27,18,10,5,WALLET,16,Wednesday,1
TXN_020191,CUST_04151,12809.62,CARD,FAILED,BANK_SERVER_DOWN,52,18,9,3,NETBANKING,2,Sunday,0
TXN_020193,CUST_06767,6817.5,WALLET,FAILED,BANK_TIMEOUT,55,20,5,9,UPI,2,Monday,0
TXN_020195,CUST_00224,11583.55,NETBANKING,FAILED,CARD_DECLINED,18,12,25,5,NETBANKING,5,Wednesday,0
TXN_020197,CUST_01196,19801.1,WALLET,FAILED,BANK_SERVER_DOWN,51,9,25,8,NETBANKING,2,Sunday,0
TXN_020199,CUST_06875,19781.13,NETBANKING,FAILED,LIMIT_EXCEEDED,57,18,15,3,UPI,19,Monday,0
TXN_020210,CUST_05613,9578.62,UPI,FAILED,INSUFFICIENT_FUNDS,49,8,17,10,NETBANKING,8,Saturday,0
TXN_020232,CUST_06559,20188.67,WALLET,FAILED,INSUFFICIENT_FUNDS,43,7,2,1,WALLET,5,Wednesday,0
TXN_020244,CUST_02017,17274.04,UPI,FAILED,INSUFFICIENT_FUNDS,55,25,19,4,NETBANKING,20,Saturday,0
TXN_020248,CUST_05152,22775.67,UPI,FAILED,INSUFFICIENT_FUNDS,58,29,4,1,WALLET,19,Friday,0
TXN_020252,CUST_09980,7091.29,NETBANKING,FAILED,INSUFFICIENT_FUNDS,59,19,20,5,UPI,13,Saturday,0
TXN_020258,CUST_08177,21488.8,UPI,FAILED,BANK_SERVER_DOWN,42,17,19,1,NETBANKING,5,Monday,0
TXN_020268,CUST_00312,7274.76,CARD,FAILED,INSUFFICIENT_FUNDS,28,18,8,0,UPI,11,Sunday,0
TXN_020269,CUST_06886,12058.7,NETBANKING,FAILED,CARD_DECLINED,23,1,6,4,NETBANKING,15,Friday,0
TXN_020281,CUST_07117,2291.62,NETBANKING,FAILED,NETWORK_ERROR,56,9,23,0,WALLET,19,Sunday,1
TXN_020282,CUST_07752,12010.53,WALLET,FAILED,OTP_FAILURE,28,12,15,8,NETBANKING,17,Monday,0
TXN_020289,CUST_02984,24130.77,CARD,FAILED,NETWORK_ERROR,56,4,2,3,WALLET,5,Sunday,0
TXN_020290,CUST_06430,15359.97,UPI,FAILED,INSUFFICIENT_FUNDS,60,30,19,4,CARD,14,Monday,1
TXN_020291,CUST_01216,21408.86,NETBANKING,FAILED,BANK_SERVER_DOWN,19,27,10,10,WALLET,5,Friday,1
TXN_020295,CUST_07134,18141.88,UPI,FAILED,OTP_FAILURE,28,30,1,9,WALLET,7,Thursday,0
TXN_020303,CUST_08727,21669.37,CARD,FAILED,NETWORK_ERROR,24,14,25,9,WALLET,7,Thursday,1
TXN_020315,CUST_05210,23494.57,UPI,FAILED,BANK_SERVER_DOWN,46,27,5,1,NETBANKING,19,Wednesday,0
TXN_020318,CUST_09062,14699.37,CARD,FAILED,OTP_FAILURE,26,14,3,1,NETBANKING,12,Friday,0
TXN_020320,CUST_09690,6936.16,WALLET,FAILED,BANK_SERVER_DOWN,28,3,2,5,UPI,18,Thursday,0
TXN_020321,CUST_09401,20408.7,CARD,FAILED,LIMIT_EXCEEDED,31,11,25,6,UPI,19,Wednesday,0
TXN_020324,CUST_01013,23098.6,UPI,FAILED,BANK_TIMEOUT,23,17,12,9,NETBANKING,19,Wednesday,1
TXN_020325,CUST_06085,8020.67,CARD,FAILED,BANK_TIMEOUT,30,15,4,6,NETBANKING,4,Tuesday,0
TXN_020334,CUST_04521,7877.31,WALLET,FAILED,OTP_FAILURE,58,1,16,8,CARD,8,Saturday,0
TXN_020337,CUST_02901,23722.37,NETBANKING,FAILED,NETWORK_ERROR,36,3,17,9,CARD,16,Friday,0
TXN_020341,CUST_06872,22129.19,WALLET,FAILED,CARD_DECLINED,19,5,16,6,UPI,17,Wednesday,1
TXN_020344,CUST_07757,10380.66,CARD,FAILED,LIMIT_EXCEEDED,24,14,22,10,CARD,10,Sunday,0
TXN_020346,CUST_03874,9821.41,CARD,FAILED,NETWORK_ERROR,57,6,4,0,NETBANKING,14,Wednesday,1
TXN_020372,CUST_05712,4471.09,UPI,FAILED,LIMIT_EXCEEDED,30,25,1,0,NETBANKING,7,Thursday,0
TXN_020378,CUST_05146,6088.21,WALLET,FAILED,LIMIT_EXCEEDED,18,19,17,3,UPI,4,Wednesday,0
TXN_020381,CUST_03524,8449.8,WALLET,FAILED,BANK_TIMEOUT,55,22,9,5,NETBANKING,23,Saturday,0
TXN_020387,CUST_03727,16529.01,WALLET,FAILED,BANK_TIMEOUT,21,26,17,0,CARD,12,Monday,1
TXN_020388,CUST_02175,15200.37,NETBANKING,FAILED,LIMIT_EXCEEDED,29,25,19,4,UPI,18,Thursday,0
TXN_020395,CUST_06850,5694.44,NETBANKING,FAILED,OTP_FAILURE,21,5,5,5,CARD,1,Sunday,0
TXN_020398,CUST_02084,23910.15,CARD,FAILED,INSUFFICIENT_FUNDS,50,23,10,1,CARD,15,Friday,0
TXN_020401,CUST_07509,21657.25,WALLET,FAILED,NETWORK_ERROR,43,7,21,2,UPI,22,Wednesday,0
TXN_020403,CUST_03019,702.83,CARD,FAILED,LIMIT_EXCEEDED,46,21,2,7,UPI,17,Monday,0
TXN_020405,CUST_00382,6649.67,UPI,FAILED,CARD_DECLINED,18,3,7,4,CARD,14,Friday,0
TXN_020407,CUST_03139,1435.2,NETBANKING,FAILED,BANK_SERVER_DOWN,19,28,9,8,UPI,4,Sunday,0
TXN_020415,CUST_04501,11830.85,NETBANKING,FAILED,OTP_FAILURE,50,30,19,0,UPI,8,Wednesday,1
TXN_020418,CUST_04069,19645.94,WALLET,FAILED,NETWORK_ERROR,30,2,19,1,UPI,4,Thursday,1
TXN_020420,CUST_01361,13992.57,WALLET,FAILED,OTP_FAILURE,38,30,20,9,WALLET,19,Friday,0
TXN_020432,CUST_08471,21586.72,NETBANKING,FAILED,LIMIT_EXCEEDED,49,22,8,8,WALLET,13,Thursday,0
TXN_020447,CUST_05523,22576.26,CARD,FAILED,LIMIT_EXCEEDED,24,15,19,5,WALLET,8,Monday,0
TXN_020451,CUST_09066,24634.95,NETBANKING,FAILED,BANK_TIMEOUT,49,5,14,7,NETBANKING,19,Monday,1
TXN_020469,CUST_07547,8349.66,NETBANKING,FAILED,INSUFFICIENT_FUNDS,18,24,17,9,WALLET,13,Saturday,0
TXN_020483,CUST_08292,19084.39,UPI,FAILED,OTP_FAILURE,37,26,13,3,WALLET,2,Thursday,0
TXN_020484,CUST_08681,22318.3,WALLET,FAILED,BANK_TIMEOUT,43,9,5,8,CARD,6,Sunday,1
TXN_020503,CUST_05067,11253.76,CARD,FAILED,INSUFFICIENT_FUNDS,37,6,1,0,UPI,6,Thursday,0
TXN_020509,CUST_08452,10781.15,UPI,FAILED,OTP_FAILURE,20,2,7,0,CARD,22,Saturday,0
TXN_020511,CUST_04718,12200.85,NETBANKING,FAILED,BANK_TIMEOUT,58,8,21,9,WALLET,2,Wednesday,1
TXN_020516,CUST_08932,5388.83,WALLET,FAILED,LIMIT_EXCEEDED,33,2,19,8,UPI,6,Saturday,0
TXN_020517,CUST_02975,20166.43,NETBANKING,FAILED,BANK_TIMEOUT,29,8,23,0,NETBANKING,18,Thursday,1
TXN_020523,CUST_07280,10024.48,CARD,FAILED,LIMIT_EXCEEDED,20,21,22,4,UPI,16,Tuesday,1
TXN_020524,CUST_04601,14309.34,UPI,FAILED,BANK_TIMEOUT,42,2,5,6,WALLET,18,Wednesday,1
TXN_020526,CUST_05728,2011.24,UPI,FAILED,OTP_FAILURE,42,28,10,6,UPI,9,Wednesday,1
TXN_020527,CUST_02341,23085.61,NETBANKING,FAILED,OTP_FAILURE,39,18,25,6,WALLET,15,Tuesday,1
TXN_020537,CUST_09940,1891.41,WALLET,FAILED,OTP_FAILURE,56,16,23,10,NETBANKING,4,Tuesday,1
TXN_020562,CUST_00395,4013.18,UPI,FAILED,BANK_SERVER_DOWN,53,20,8,0,NETBANKING,5,Wednesday,0
TXN_020568,CUST_01227,16041.56,CARD,FAILED,BANK_SERVER_DOWN,27,5,25,3,NETBANKING,4,Tuesday,0
TXN_020569,CUST_08753,14401.65,WALLET,FAILED,INSUFFICIENT_FUNDS,53,14,8,9,UPI,11,Monday,0
TXN_020579,CUST_03418,15973.39,UPI,FAILED,OTP_FAILURE,53,28,25,10,WALLET,17,Saturday,0
TXN_020591,CUST_01366,21086.81,NETBANKING,FAILED,INSUFFICIENT_FUNDS,40,1,24,5,NETBANKING,6,Saturday,1
TXN_020597,CUST_01272,23735.76,CARD,FAILED,LIMIT_EXCEEDED,46,8,6,4,UPI,23,Tuesday,0
TXN_020606,CUST_07282,765.48,UPI,FAILED,BANK_SERVER_DOWN,47,29,18,4,CARD,17,Tuesday,1
TXN_020611,CUST_02536,7572.07,CARD,FAILED,LIMIT_EXCEEDED,50,20,17,3,WALLET,17,Saturday,1
TXN_020624,CUST_09965,13142.67,CARD,FAILED,BANK_SERVER_DOWN,41,4,16,8,UPI,9,Monday,0
TXN_020636,CUST_09551,17716.43,CARD,FAILED,NETWORK_ERROR,25,14,2,6,NETBANKING,7,Friday,1
TXN_020637,CUST_05091,2713.0,WALLET,FAILED,OTP_FAILURE,44,13,22,10,CARD,23,Friday,0
TXN_020645,CUST_03913,11163.13,NETBANKING,FAILED,BANK_TIMEOUT,24,14,14,8,CARD,10,Saturday,1
TXN_020654,CUST_07872,3601.17,UPI,FAILED,INSUFFICIENT_FUNDS,51,29,18,4,CARD,0,Thursday,1
TXN_020658,CUST_01136,15382.45,UPI,FAILED,OTP_FAILURE,32,20,10,10,NETBANKING,1,Sunday,0
TXN_020671,CUST_03176,4021.36,CARD,FAILED,INSUFFICIENT_FUNDS,55,26,18,8,CARD,3,Wednesday,0
TXN_020696,CUST_01651,22278.81,CARD,FAILED,BANK_SERVER_DOWN,43,2,3,0,CARD,2,Wednesday,0
TXN_020733,CUST_03410,8037.26,WALLET,FAILED,LIMIT_EXCEEDED,52,20,24,7,CARD,16,Saturday,1
TXN_020735,CUST_05345,1071.65,CARD,FAILED,INSUFFICIENT_FUNDS,58,6,15,0,NETBANKING,20,Monday,0
TXN_020737,CUST_03979,15071.97,WALLET,FAILED,BANK_SERVER_DOWN,42,25,2,7,WALLET,8,Tuesday,0
TXN_020738,CUST_03768,10381.01,UPI,FAILED,OTP_FAILURE,55,29,18,5,UPI,2,Thursday,0
TXN_020739,CUST_04546,18729.19,UPI,FAILED,INSUFFICIENT_FUNDS,23,20,8,0,WALLET,8,Friday,0
TXN_020741,CUST_03483,6125.77,UPI,FAILED,LIMIT_EXCEEDED,28,4,7,4,UPI,13,Monday,0
TXN_020744,CUST_06253,22799.2,UPI,FAILED,CARD_DECLINED,27,22,21,0,WALLET,1,Monday,0
TXN_020746,CUST_01815,13892.31,UPI,FAILED,NETWORK_ERROR,34,18,10,1,NETBANKING,3,Tuesday,1
TXN_020778,CUST_07172,20840.13,CARD,FAILED,BANK_TIMEOUT,29,27,5,1,CARD,12,Wednesday,0
TXN_020779,CUST_04069,547.15,WALLET,FAILED,NETWORK_ERROR,30,2,19,1,UPI,20,Wednesday,0
TXN_020788,CUST_02499,14946.04,UPI,FAILED,BANK_TIMEOUT,43,8,22,10,NETBANKING,11,Saturday,0
TXN_020792,CUST_01585,4628.82,UPI,FAILED,BANK_TIMEOUT,56,25,8,2,UPI,20,Friday,1
TXN_020804,CUST_04181,1467.05,UPI,FAILED,LIMIT_EXCEEDED,19,3,19,8,WALLET,15,Saturday,1
TXN_020807,CUST_10000,12676.06,NETBANKING,FAILED,BANK_SERVER_DOWN,40,23,16,5,UPI,1,Thursday,0
TXN_020811,CUST_00777,15639.03,CARD,FAILED,BANK_TIMEOUT,25,9,18,7,WALLET,14,Tuesday,0
TXN_020813,CUST_09095,2936.79,CARD,FAILED,INSUFFICIENT_FUNDS,51,24,21,1,NETBANKING,10,Saturday,0
TXN_020818,CUST_02501,5068.39,UPI,FAILED,INSUFFICIENT_FUNDS,42,23,2,4,NETBANKING,14,Tuesday,0
TXN_020832,CUST_03656,24460.35,UPI,FAILED,BANK_SERVER_DOWN,59,25,16,9,NETBANKING,8,Wednesday,0
TXN_020837,CUST_00424,3787.44,NETBANKING,FAILED,BANK_SERVER_DOWN,23,8,16,2,NETBANKING,7,Tuesday,1
TXN_020841,CUST_04063,20977.51,CARD,FAILED,BANK_SERVER_DOWN,56,28,22,6,UPI,11,Thursday,0
TXN_020844,CUST_02282,15056.21,UPI,FAILED,BANK_TIMEOUT,41,22,19,10,NETBANKING,1,Monday,0
TXN_020845,CUST_08280,13811.83,UPI,FAILED,BANK_SERVER_DOWN,25,10,25,5,UPI,8,Friday,1
TXN_020846,CUST_01113,22105.51,CARD,FAILED,INSUFFICIENT_FUNDS,26,27,17,7,NETBANKING,16,Wednesday,0
TXN_020849,CUST_09604,2440.19,NETBANKING,FAILED,BANK_SERVER_DOWN,45,3,2,10,UPI,8,Wednesday,0
TXN_020851,CUST_04602,6504.2,NETBANKING,FAILED,BANK_TIMEOUT,34,4,19,6,WALLET,0,Sunday,1
TXN_020858,CUST_08473,10778.89,UPI,FAILED,BANK_SERVER_DOWN,22,11,24,4,NETBANKING,12,Thursday,0
TXN_020874,CUST_03445,24044.31,UPI,FAILED,INSUFFICIENT_FUNDS,43,28,19,3,WALLET,14,Thursday,0
TXN_020878,CUST_03147,21254.24,CARD,FAILED,OTP_FAILURE,51,1,20,0,WALLET,17,Saturday,1
TXN_020885,CUST_09444,23785.16,CARD,FAILED,BANK_SERVER_DOWN,40,29,13,8,CARD,21,Wednesday,1
TXN_020886,CUST_09157,23450.21,CARD,FAILED,BANK_SERVER_DOWN,53,14,25,8,UPI,6,Monday,0
TXN_020890,CUST_01332,11734.88,UPI,FAILED,OTP_FAILURE,19,12,24,1,UPI,2,Wednesday,0
TXN_020893,CUST_03162,24850.32,NETBANKING,FAILED,BANK_TIMEOUT,37,10,13,1,NETBANKING,13,Wednesday,1
TXN_020897,CUST_02403,12694.9,WALLET,FAILED,BANK_SERVER_DOWN,27,27,2,7,NETBANKING,18,Wednesday,0
TXN_020911,CUST_04068,18675.68,NETBANKING,FAILED,CARD_DECLINED,45,12,24,4,CARD,21,Wednesday,0
TXN_020913,CUST_02918,22327.02,UPI,FAILED,BANK_SERVER_DOWN,34,2,12,2,NETBANKING,8,Saturday,0
TXN_020921,CUST_04757,17505.2,CARD,FAILED,NETWORK_ERROR,28,9,5,1,WALLET,8,Tuesday,0
TXN_020926,CUST_01778,4221.42,UPI,FAILED,INSUFFICIENT_FUNDS,23,29,9,5,WALLET,19,Thursday,0
TXN_020928,CUST_04335,20909.18,NETBANKING,FAILED,BANK_TIMEOUT,30,3,4,5,CARD,12,Thursday,0
TXN_020929,CUST_05664,15684.91,UPI,FAILED,LIMIT_EXCEEDED,56,16,7,6,WALLET,20,Thursday,0
TXN_020932,CUST_05512,10188.05,WALLET,FAILED,INSUFFICIENT_FUNDS,39,28,15,7,NETBANKING,0,Saturday,1
TXN_020940,CUST_08824,4187.77,WALLET,FAILED,NETWORK_ERROR,58,17,18,1,NETBANKING,7,Saturday,1
TXN_020949,CUST_08573,14676.35,CARD,FAILED,BANK_TIMEOUT,31,18,10,8,NETBANKING,0,Wednesday,1
TXN_020950,CUST_08201,9322.68,WALLET,FAILED,BANK_TIMEOUT,24,7,5,4,NETBANKING,9,Saturday,1
TXN_020952,CUST_08546,23335.87,NETBANKING,FAILED,NETWORK_ERROR,48,4,24,2,NETBANKING,22,Thursday,1
TXN_020957,CUST_01420,10031.53,WALLET,FAILED,NETWORK_ERROR,29,10,6,2,CARD,11,Sunday,1
TXN_020961,CUST_04795,18437.63,WALLET,FAILED,OTP_FAILURE,30,10,12,3,WALLET,21,Tuesday,0
TXN_020962,CUST_04773,5132.16,WALLET,FAILED,NETWORK_ERROR,47,30,18,1,CARD,22,Tuesday,1
TXN_020963,CUST_09969,18217.92,WALLET,FAILED,CARD_DECLINED,37,29,10,1,UPI,17,Thursday,0
TXN_020972,CUST_09128,16248.43,WALLET,FAILED,LIMIT_EXCEEDED,53,2,11,8,CARD,15,Sunday,0
TXN_020983,CUST_02345,4624.09,CARD,FAILED,NETWORK_ERROR,40,21,5,6,WALLET,4,Tuesday,1
TXN_020987,CUST_01959,23113.56,NETBANKING,FAILED,NETWORK_ERROR,22,26,11,7,WALLET,9,Friday,1
TXN_020989,CUST_08811,15466.49,UPI,FAILED,LIMIT_EXCEEDED,53,9,14,1,NETBANKING,5,Saturday,0
TXN_021002,CUST_07916,9147.97,NETBANKING,FAILED,LIMIT_EXCEEDED,50,22,22,8,CARD,13,Thursday,0
TXN_021011,CUST_00225,10595.86,NETBANKING,FAILED,BANK_TIMEOUT,31,14,15,6,CARD,22,Wednesday,1
TXN_021013,CUST_08066,16098.66,UPI,FAILED,LIMIT_EXCEEDED,24,30,18,3,CARD,19,Monday,0
TXN_021029,CUST_05456,7664.43,UPI,FAILED,LIMIT_EXCEEDED,49,11,6,7,CARD,20,Wednesday,0
TXN_021030,CUST_08586,21632.36,CARD,FAILED,NETWORK_ERROR,43,10,25,10,WALLET,16,Wednesday,1
TXN_021036,CUST_07281,16364.05,UPI,FAILED,CARD_DECLINED,58,8,1,2,NETBANKING,2,Saturday,0
TXN_021039,CUST_06184,12141.54,NETBANKING,FAILED,OTP_FAILURE,32,14,20,2,UPI,22,Tuesday,1
TXN_021051,CUST_03876,16767.04,WALLET,FAILED,CARD_DECLINED,47,17,5,3,UPI,19,Saturday,0
TXN_021053,CUST_04571,2695.31,CARD,FAILED,OTP_FAILURE,32,18,7,0,NETBANKING,13,Saturday,0
TXN_021058,CUST_01640,17320.83,UPI,FAILED,LIMIT_EXCEEDED,37,29,5,1,NETBANKING,16,Saturday,0
TXN_021065,CUST_00496,22094.06,CARD,FAILED,INSUFFICIENT_FUNDS,33,8,7,8,CARD,8,Sunday,0
TXN_021067,CUST_07900,3803.84,UPI,FAILED,LIMIT_EXCEEDED,50,24,15,7,CARD,12,Tuesday,0
TXN_021070,CUST_04472,943.83,CARD,FAILED,BANK_TIMEOUT,34,16,17,4,CARD,18,Tuesday,1
TXN_021071,CUST_00010,15830.16,WALLET,FAILED,BANK_SERVER_DOWN,53,21,22,7,WALLET,7,Wednesday,0
TXN_021073,CUST_04971,19765.26,CARD,FAILED,BANK_SERVER_DOWN,37,29,13,6,CARD,4,Tuesday,0
TXN_021092,CUST_04475,3535.67,CARD,FAILED,CARD_DECLINED,25,3,2,2,NETBANKING,16,Sunday,0
TXN_021103,CUST_04058,10741.48,CARD,FAILED,BANK_SERVER_DOWN,32,27,21,4,NETBANKING,19,Wednesday,0
TXN_021104,CUST_06993,2820.34,UPI,FAILED,NETWORK_ERROR,31,8,20,9,WALLET,6,Monday,1
TXN_021106,CUST_07329,12016.76,UPI,FAILED,OTP_FAILURE,20,27,15,8,UPI,19,Saturday,1
TXN_021108,CUST_07720,9664.83,NETBANKING,FAILED,LIMIT_EXCEEDED,33,25,3,8,CARD,17,Saturday,0
TXN_021113,CUST_06451,24370.12,CARD,FAILED,LIMIT_EXCEEDED,47,19,8,3,CARD,23,Monday,0
TXN_021117,CUST_06351,22096.18,WALLET,FAILED,BANK_SERVER_DOWN,50,6,15,8,NETBANKING,18,Friday,0
TXN_021123,CUST_08167,7867.79,WALLET,FAILED,CARD_DECLINED,25,4,12,1,NETBANKING,12,Sunday,0
TXN_021128,CUST_00287,16622.98,NETBANKING,FAILED,LIMIT_EXCEEDED,41,3,25,1,UPI,17,Monday,0
TXN_021135,CUST_08528,7830.93,CARD,FAILED,BANK_SERVER_DOWN,18,28,2,6,NETBANKING,3,Sunday,0
TXN_021139,CUST_08674,8074.03,NETBANKING,FAILED,CARD_DECLINED,21,20,24,6,NETBANKING,1,Wednesday,1
TXN_021144,CUST_03355,3826.17,UPI,FAILED,INSUFFICIENT_FUNDS,52,12,24,5,NETBANKING,16,Friday,1
TXN_021165,CUST_07493,23288.39,NETBANKING,FAILED,OTP_FAILURE,55,9,3,0,WALLET,7,Wednesday,0
TXN_021166,CUST_05173,15481.02,UPI,FAILED,OTP_FAILURE,45,20,19,5,CARD,13,Monday,1
TXN_021167,CUST_03217,13519.21,CARD,FAILED,LIMIT_EXCEEDED,45,12,22,1,WALLET,7,Saturday,0
TXN_021175,CUST_03226,5141.34,UPI,FAILED,BANK_SERVER_DOWN,38,22,10,1,NETBANKING,10,Thursday,0
TXN_021184,CUST_09087,7456.68,WALLET,FAILED,INSUFFICIENT_FUNDS,32,27,23,0,NETBANKING,1,Thursday,1
TXN_021185,CUST_05225,20043.25,UPI,FAILED,INSUFFICIENT_FUNDS,60,10,12,2,UPI,15,Monday,0
TXN_021192,CUST_09764,19641.81,NETBANKING,FAILED,BANK_TIMEOUT,28,3,3,4,WALLET,11,Friday,0
TXN_021196,CUST_05424,12612.33,WALLET,FAILED,LIMIT_EXCEEDED,32,4,14,9,NETBANKING,11,Saturday,0
TXN_021197,CUST_05423,1386.29,WALLET,FAILED,NETWORK_ERROR,39,27,12,0,UPI,4,Friday,1
TXN_021201,CUST_01046,6726.5,UPI,FAILED,OTP_FAILURE,20,9,2,10,WALLET,2,Thursday,0
TXN_021202,CUST_03474,21737.21,NETBANKING,FAILED,INSUFFICIENT_FUNDS,50,23,25,8,NETBANKING,3,Monday,1
TXN_021203,CUST_06745,18036.05,NETBANKING,FAILED,NETWORK_ERROR,54,6,15,9,WALLET,7,Thursday,1
TXN_021208,CUST_08910,3506.23,WALLET,FAILED,INSUFFICIENT_FUNDS,19,28,2,6,UPI,23,Monday,0
TXN_021210,CUST_05349,15340.84,UPI,FAILED,LIMIT_EXCEEDED,21,4,11,2,WALLET,2,Saturday,0
TXN_021213,CUST_03607,19375.8,UPI,FAILED,NETWORK_ERROR,47,27,12,5,WALLET,9,Saturday,0
TXN_021225,CUST_07534,17894.54,UPI,FAILED,BANK_SERVER_DOWN,53,16,9,8,WALLET,9,Tuesday,0
TXN_021227,CUST_08120,20345.43,NETBANKING,FAILED,INSUFFICIENT_FUNDS,37,7,16,7,UPI,5,Sunday,0
TXN_021235,CUST_04765,9915.03,UPI,FAILED,INSUFFICIENT_FUNDS,18,25,5,10,CARD,23,Saturday,0
TXN_021238,CUST_09442,21346.33,WALLET,FAILED,BANK_TIMEOUT,55,3,12,3,NETBANKING,7,Tuesday,1
TXN_021243,CUST_05131,22988.46,CARD,FAILED,INSUFFICIENT_FUNDS,44,16,15,3,UPI,1,Friday,0
TXN_021247,CUST_05501,10365.66,UPI,FAILED,OTP_FAILURE,44,7,20,5,WALLET,14,Tuesday,0
TXN_021248,CUST_04271,9025.47,UPI,FAILED,NETWORK_ERROR,51,15,16,9,NETBANKING,0,Friday,0
TXN_021252,CUST_03717,24042.25,UPI,FAILED,BANK_TIMEOUT,44,28,17,5,CARD,8,Friday,0
TXN_021253,CUST_00263,8701.2,NETBANKING,FAILED,BANK_TIMEOUT,58,23,2,0,UPI,11,Saturday,1
TXN_021268,CUST_02483,8953.29,WALLET,FAILED,LIMIT_EXCEEDED,57,2,18,4,CARD,19,Thursday,1
TXN_021272,CUST_03546,20798.51,CARD,FAILED,OTP_FAILURE,30,23,5,4,WALLET,2,Wednesday,0
TXN_021278,CUST_05442,7028.64,CARD,FAILED,LIMIT_EXCEEDED,48,25,16,0,WALLET,19,Saturday,0
TXN_021282,CUST_06700,10131.13,CARD,FAILED,LIMIT_EXCEEDED,51,29,18,4,CARD,21,Friday,0
TXN_021284,CUST_07011,17011.53,UPI,FAILED,OTP_FAILURE,28,18,23,4,NETBANKING,4,Monday,0
TXN_021287,CUST_00471,19096.57,UPI,FAILED,INSUFFICIENT_FUNDS,45,9,13,5,UPI,15,Friday,1
TXN_021289,CUST_06828,19620.41,WALLET,FAILED,BANK_TIMEOUT,30,24,10,6,NETBANKING,19,Saturday,0
TXN_021292,CUST_08782,5798.9,CARD,FAILED,BANK_TIMEOUT,41,1,18,4,WALLET,19,Sunday,1
TXN_021301,CUST_06657,15855.87,WALLET,FAILED,LIMIT_EXCEEDED,22,18,3,0,CARD,19,Sunday,0
TXN_021304,CUST_07892,24012.82,NETBANKING,FAILED,BANK_SERVER_DOWN,38,16,19,8,WALLET,3,Saturday,0
TXN_021319,CUST_02878,22902.02,NETBANKING,FAILED,INSUFFICIENT_FUNDS,27,16,15,5,CARD,3,Sunday,0
TXN_021320,CUST_08673,11162.21,NETBANKING,FAILED,BANK_SERVER_DOWN,38,13,17,4,CARD,6,Tuesday,1
TXN_021343,CUST_08594,17407.92,WALLET,FAILED,NETWORK_ERROR,25,15,5,8,UPI,0,Friday,1
TXN_021345,CUST_02210,14014.27,NETBANKING,FAILED,OTP_FAILURE,24,5,18,5,UPI,2,Monday,0
TXN_021348,CUST_08949,7529.2,WALLET,FAILED,OTP_FAILURE,31,24,8,7,UPI,0,Friday,0
TXN_021350,CUST_01083,14414.02,NETBANKING,FAILED,BANK_SERVER_DOWN,18,19,16,7,UPI,5,Sunday,1
TXN_021353,CUST_04507,5475.7,UPI,FAILED,INSUFFICIENT_FUNDS,25,24,9,8,CARD,5,Saturday,0
TXN_021356,CUST_09962,1855.22,WALLET,FAILED,LIMIT_EXCEEDED,58,28,25,10,CARD,2,Saturday,0
TXN_021366,CUST_01005,23025.57,WALLET,FAILED,LIMIT_EXCEEDED,32,23,6,4,NETBANKING,1,Monday,0
TXN_021374,CUST_00651,4932.8,UPI,FAILED,LIMIT_EXCEEDED,49,24,15,3,NETBANKING,4,Friday,1
TXN_021379,CUST_02566,2202.02,NETBANKING,FAILED,LIMIT_EXCEEDED,58,26,25,9,CARD,18,Sunday,0
TXN_021381,CUST_00796,14645.08,CARD,FAILED,BANK_SERVER_DOWN,57,8,3,1,CARD,1,Friday,0
TXN_021390,CUST_01531,15549.42,NETBANKING,FAILED,BANK_TIMEOUT,33,15,14,2,UPI,19,Monday,0
TXN_021392,CUST_00150,24706.33,UPI,FAILED,INSUFFICIENT_FUNDS,23,20,24,0,CARD,11,Tuesday,0
TXN_021397,CUST_08686,21736.34,CARD,FAILED,NETWORK_ERROR,49,9,6,0,WALLET,2,Wednesday,1
TXN_021410,CUST_09970,21352.58,WALLET,FAILED,BANK_SERVER_DOWN,45,27,15,4,CARD,11,Saturday,0
TXN_021421,CUST_03973,17790.33,WALLET,FAILED,INSUFFICIENT_FUNDS,19,7,23,0,UPI,0,Saturday,0
TXN_021424,CUST_01849,8306.87,UPI,FAILED,OTP_FAILURE,48,20,25,3,NETBANKING,0,Friday,0
TXN_021426,CUST_03910,23994.85,NETBANKING,FAILED,BANK_SERVER_DOWN,23,20,18,8,WALLET,23,Friday,0
TXN_021441,CUST_00402,10678.28,WALLET,FAILED,BANK_TIMEOUT,38,10,6,2,CARD,11,Wednesday,1
TXN_021447,CUST_04232,1306.81,UPI,FAILED,NETWORK_ERROR,39,15,11,3,CARD,10,Wednesday,0
TXN_021451,CUST_01595,17992.64,WALLET,FAILED,LIMIT_EXCEEDED,54,5,1,3,WALLET,15,Thursday,0
TXN_021457,CUST_09942,15700.56,CARD,FAILED,OTP_FAILURE,18,29,16,8,UPI,5,Monday,0
TXN_021458,CUST_04932,3124.57,WALLET,FAILED,INSUFFICIENT_FUNDS,59,25,18,3,NETBANKING,17,Saturday,1
TXN_021461,CUST_06556,3880.18,CARD,FAILED,CARD_DECLINED,51,10,20,3,UPI,1,Tuesday,0
TXN_021464,CUST_09492,19253.38,UPI,FAILED,LIMIT_EXCEEDED,44,20,20,1,NETBANKING,4,Friday,0
TXN_021466,CUST_02396,23109.98,WALLET,FAILED,INSUFFICIENT_FUNDS,39,4,8,4,CARD,9,Sunday,0
TXN_021471,CUST_02263,3835.71,CARD,FAILED,NETWORK_ERROR,30,15,10,1,CARD,8,Monday,0
TXN_021472,CUST_01383,10298.57,WALLET,FAILED,NETWORK_ERROR,58,25,3,4,WALLET,6,Tuesday,1
TXN_021489,CUST_00369,7360.97,WALLET,FAILED,INSUFFICIENT_FUNDS,44,24,5,3,WALLET,14,Saturday,1
TXN_021500,CUST_06347,2302.19,UPI,FAILED,NETWORK_ERROR,47,20,14,5,NETBANKING,14,Thursday,0
TXN_021504,CUST_05913,16918.71,CARD,FAILED,OTP_FAILURE,32,24,21,2,WALLET,4,Sunday,0
TXN_021526,CUST_06252,11910.89,UPI,FAILED,BANK_TIMEOUT,56,26,1,8,UPI,13,Saturday,1
TXN_021527,CUST_03788,20095.46,WALLET,FAILED,CARD_DECLINED,38,25,5,3,CARD,6,Monday,0
TXN_021531,CUST_00301,24188.68,UPI,FAILED,LIMIT_EXCEEDED,60,3,3,8,WALLET,22,Sunday,0
TXN_021533,CUST_03293,18966.95,WALLET,FAILED,INSUFFICIENT_FUNDS,56,7,10,9,NETBANKING,4,Friday,0
TXN_021535,CUST_05241,14549.49,NETBANKING,FAILED,CARD_DECLINED,27,21,12,5,NETBANKING,1,Sunday,0
TXN_021540,CUST_08315,22658.47,NETBANKING,FAILED,BANK_SERVER_DOWN,33,26,11,8,CARD,2,Tuesday,0
TXN_021549,CUST_02697,20838.41,CARD,FAILED,INSUFFICIENT_FUNDS,37,2,15,3,NETBANKING,3,Friday,1
TXN_021551,CUST_08839,16825.22,CARD,FAILED,INSUFFICIENT_FUNDS,23,11,12,9,WALLET,20,Saturday,1
TXN_021571,CUST_04469,20138.19,UPI,FAILED,BANK_SERVER_DOWN,44,5,16,5,WALLET,1,Saturday,0
TXN_021574,CUST_01782,3451.03,UPI,FAILED,INSUFFICIENT_FUNDS,42,13,15,7,CARD,9,Wednesday,0
TXN_021583,CUST_07573,3591.41,NETBANKING,FAILED,BANK_TIMEOUT,47,13,1,2,UPI,22,Thursday,1
TXN_021584,CUST_00438,17392.44,UPI,FAILED,LIMIT_EXCEEDED,36,9,6,2,NETBANKING,21,Wednesday,0
TXN_021600,CUST_06440,23269.03,WALLET,FAILED,LIMIT_EXCEEDED,32,21,16,3,CARD,1,Tuesday,0
TXN_021610,CUST_09148,7447.31,WALLET,FAILED,BANK_TIMEOUT,53,12,13,5,CARD,13,Friday,0
TXN_021611,CUST_05805,13138.89,UPI,FAILED,CARD_DECLINED,54,26,8,2,WALLET,2,Sunday,0
TXN_021628,CUST_05796,7935.65,NETBANKING,FAILED,LIMIT_EXCEEDED,52,11,15,0,WALLET,17,Sunday,1
TXN_021629,CUST_01335,7135.53,CARD,FAILED,OTP_FAILURE,41,24,6,6,NETBANKING,20,Friday,0
TXN_021645,CUST_04241,9613.47,WALLET,FAILED,LIMIT_EXCEEDED,49,25,5,6,NETBANKING,9,Saturday,0
TXN_021648,CUST_09603,3531.73,UPI,FAILED,INSUFFICIENT_FUNDS,55,4,18,7,CARD,15,Friday,0
TXN_021650,CUST_02900,7190.67,UPI,FAILED,BANK_SERVER_DOWN,55,19,19,6,NETBANKING,0,Wednesday,0
TXN_021654,CUST_09639,21110.8,NETBANKING,FAILED,BANK_SERVER_DOWN,30,6,11,3,CARD,21,Sunday,1
TXN_021655,CUST_05992,13870.84,WALLET,FAILED,OTP_FAILURE,46,22,8,8,WALLET,16,Thursday,0
TXN_021675,CUST_09339,2688.3,UPI,FAILED,BANK_SERVER_DOWN,43,21,9,0,NETBANKING,19,Friday,0
TXN_021680,CUST_01122,24474.22,NETBANKING,FAILED,CARD_DECLINED,30,9,14,6,UPI,15,Tuesday,0
TXN_021683,CUST_07990,4138.11,UPI,FAILED,CARD_DECLINED,53,1,10,0,CARD,1,Friday,0
TXN_021688,CUST_07227,23045.65,WALLET,FAILED,NETWORK_ERROR,41,14,5,6,UPI,22,Thursday,0
TXN_021692,CUST_06596,19290.03,WALLET,FAILED,LIMIT_EXCEEDED,58,7,15,8,CARD,20,Friday,0
TXN_021706,CUST_06620,20043.42,UPI,FAILED,OTP_FAILURE,21,6,3,8,UPI,23,Friday,0
TXN_021715,CUST_03342,2662.71,UPI,FAILED,CARD_DECLINED,43,1,3,4,NETBANKING,1,Thursday,0
TXN_021718,CUST_08819,6509.51,WALLET,FAILED,INSUFFICIENT_FUNDS,24,19,15,5,CARD,23,Saturday,0
TXN_021726,CUST_05499,5246.73,CARD,FAILED,BANK_SERVER_DOWN,22,9,5,8,CARD,6,Tuesday,0
TXN_021734,CUST_04413,6240.46,UPI,FAILED,OTP_FAILURE,58,1,8,5,NETBANKING,3,Thursday,0
TXN_021739,CUST_08371,11448.95,CARD,FAILED,BANK_SERVER_DOWN,49,8,13,5,NETBANKING,15,Monday,1
TXN_021740,CUST_06341,6394.23,NETBANKING,FAILED,CARD_DECLINED,25,11,11,5,UPI,23,Wednesday,0
TXN_021742,CUST_05968,12490.73,WALLET,FAILED,BANK_SERVER_DOWN,39,24,2,5,NETBANKING,11,Tuesday,0
TXN_021746,CUST_08024,22908.38,CARD,FAILED,BANK_TIMEOUT,40,22,11,8,WALLET,10,Saturday,1
TXN_021751,CUST_00356,16416.77,CARD,FAILED,LIMIT_EXCEEDED,51,2,10,8,UPI,12,Tuesday,0
TXN_021753,CUST_03185,5359.98,NETBANKING,FAILED,LIMIT_EXCEEDED,22,15,11,6,WALLET,11,Friday,0
TXN_021766,CUST_00955,17746.5,NETBANKING,FAILED,OTP_FAILURE,28,3,25,9,NETBANKING,10,Wednesday,0
TXN_021780,CUST_06862,7146.2,NETBANKING,FAILED,OTP_FAILURE,47,24,22,7,UPI,2,Tuesday,0
TXN_021781,CUST_06110,17254.5,CARD,FAILED,INSUFFICIENT_FUNDS,52,29,16,9,WALLET,12,Tuesday,0
TXN_021784,CUST_00244,22941.75,WALLET,FAILED,BANK_TIMEOUT,28,25,25,7,CARD,10,Thursday,0
TXN_021787,CUST_07537,17659.4,CARD,FAILED,OTP_FAILURE,47,3,8,4,UPI,5,Friday,0
TXN_021791,CUST_05532,817.4,CARD,FAILED,BANK_SERVER_DOWN,51,9,19,5,UPI,5,Tuesday,1
TXN_021796,CUST_00364,20098.92,WALLET,FAILED,BANK_TIMEOUT,29,15,8,6,UPI,18,Thursday,0
TXN_021799,CUST_04139,21114.22,NETBANKING,FAILED,INSUFFICIENT_FUNDS,51,25,21,7,CARD,6,Saturday,1
TXN_021805,CUST_06594,11856.72,CARD,FAILED,BANK_SERVER_DOWN,37,9,15,2,NETBANKING,12,Wednesday,0
TXN_021812,CUST_09247,22660.39,UPI,FAILED,INSUFFICIENT_FUNDS,60,1,10,0,UPI,12,Tuesday,0
TXN_021816,CUST_03356,7068.91,UPI,FAILED,BANK_SERVER_DOWN,31,28,8,7,CARD,1,Thursday,0
TXN_021818,CUST_08717,3908.69,NETBANKING,FAILED,LIMIT_EXCEEDED,20,5,23,3,UPI,19,Thursday,0
TXN_021819,CUST_05829,18582.23,NETBANKING,FAILED,OTP_FAILURE,23,10,7,8,WALLET,2,Saturday,0
TXN_021837,CUST_09190,2751.26,NETBANKING,FAILED,LIMIT_EXCEEDED,45,15,20,0,UPI,10,Tuesday,0
TXN_021840,CUST_07947,18969.94,NETBANKING,FAILED,OTP_FAILURE,60,21,9,1,WALLET,11,Sunday,0
TXN_021846,CUST_01715,4802.17,CARD,FAILED,INSUFFICIENT_FUNDS,32,19,20,8,WALLET,12,Friday,1
TXN_021848,CUST_06456,728.51,NETBANKING,FAILED,BANK_TIMEOUT,31,24,23,1,UPI,2,Saturday,1
TXN_021849,CUST_09626,11065.68,WALLET,FAILED,BANK_SERVER_DOWN,59,18,2,10,UPI,16,Tuesday,0
TXN_021851,CUST_00344,5562.43,UPI,FAILED,LIMIT_EXCEEDED,31,20,18,2,CARD,5,Tuesday,0
TXN_021856,CUST_04158,13584.46,CARD,FAILED,BANK_TIMEOUT,23,2,23,10,WALLET,13,Monday,0
TXN_021862,CUST_00891,9425.52,WALLET,FAILED,NETWORK_ERROR,53,13,5,7,CARD,22,Thursday,0
TXN_021865,CUST_06959,18989.05,NETBANKING,FAILED,BANK_TIMEOUT,26,3,1,2,WALLET,2,Friday,1
TXN_021868,CUST_06259,11025.64,CARD,FAILED,BANK_SERVER_DOWN,50,8,9,3,WALLET,16,Saturday,0
TXN_021871,CUST_04190,13862.49,UPI,FAILED,BANK_TIMEOUT,38,24,6,7,NETBANKING,7,Tuesday,1
TXN_021873,CUST_06769,15743.82,WALLET,FAILED,LIMIT_EXCEEDED,47,17,8,9,UPI,13,Friday,0
TXN_021877,CUST_04060,17954.27,UPI,FAILED,BANK_TIMEOUT,19,20,6,5,CARD,18,Sunday,0
TXN_021882,CUST_08041,18086.97,WALLET,FAILED,BANK_TIMEOUT,35,9,20,5,NETBANKING,18,Thursday,1
TXN_021885,CUST_02810,3090.92,CARD,FAILED,LIMIT_EXCEEDED,49,3,16,4,WALLET,23,Sunday,0
TXN_021889,CUST_07259,20993.05,WALLET,FAILED,CARD_DECLINED,30,13,9,4,CARD,16,Wednesday,0
TXN_021898,CUST_00064,543.08,WALLET,FAILED,BANK_TIMEOUT,40,14,6,1,NETBANKING,8,Thursday,1
TXN_021899,CUST_06930,7028.57,UPI,FAILED,INSUFFICIENT_FUNDS,18,2,24,0,WALLET,16,Tuesday,1
TXN_021903,CUST_06274,4015.12,CARD,FAILED,NETWORK_ERROR,58,9,18,1,CARD,13,Sunday,0
TXN_021910,CUST_08100,4167.68,CARD,FAILED,CARD_DECLINED,35,7,19,4,WALLET,19,Friday,0
TXN_021917,CUST_03426,21488.84,NETBANKING,FAILED,OTP_FAILURE,50,9,5,5,UPI,0,Friday,0
TXN_021924,CUST_01599,945.87,WALLET,FAILED,OTP_FAILURE,20,4,13,8,NETBANKING,21,Saturday,0
TXN_021928,CUST_03339,14227.39,NETBANKING,FAILED,INSUFFICIENT_FUNDS,40,15,22,4,CARD,18,Thursday,0
TXN_021932,CUST_09229,20690.11,CARD,FAILED,NETWORK_ERROR,56,5,25,6,UPI,10,Thursday,0
TXN_021941,CUST_08657,13692.29,NETBANKING,FAILED,BANK_SERVER_DOWN,32,27,14,8,WALLET,2,Wednesday,0
TXN_021945,CUST_09596,4508.74,CARD,FAILED,OTP_FAILURE,33,11,5,2,WALLET,0,Tuesday,0
TXN_021948,CUST_04333,4921.77,WALLET,FAILED,BANK_SERVER_DOWN,21,21,14,2,NETBANKING,14,Tuesday,0
TXN_021955,CUST_04818,17382.65,NETBANKING,FAILED,INSUFFICIENT_FUNDS,53,26,1,1,CARD,18,Tuesday,0
TXN_021956,CUST_05619,13490.51,CARD,FAILED,INSUFFICIENT_FUNDS,54,21,19,7,NETBANKING,16,Tuesday,1
TXN_021967,CUST_00365,22910.03,WALLET,FAILED,LIMIT_EXCEEDED,28,22,10,4,NETBANKING,20,Wednesday,0
TXN_021980,CUST_04699,21071.11,UPI,FAILED,BANK_SERVER_DOWN,38,30,1,9,WALLET,14,Friday,0
TXN_021996,CUST_07343,20067.32,UPI,FAILED,CARD_DECLINED,40,11,25,1,WALLET,21,Saturday,0
TXN_021999,CUST_05178,20457.44,CARD,FAILED,BANK_TIMEOUT,25,13,8,5,WALLET,8,Tuesday,0
TXN_022001,CUST_00343,8851.99,CARD,FAILED,BANK_SERVER_DOWN,31,6,24,4,NETBANKING,21,Thursday,0
TXN_022016,CUST_02216,14984.81,WALLET,FAILED,CARD_DECLINED,19,2,23,10,NETBANKING,17,Wednesday,0
TXN_022023,CUST_06351,21536.66,UPI,FAILED,INSUFFICIENT_FUNDS,50,6,15,8,NETBANKING,22,Saturday,0
TXN_022024,CUST_04320,14509.81,CARD,FAILED,NETWORK_ERROR,20,26,10,8,WALLET,14,Monday,0
TXN_022033,CUST_08723,6240.18,CARD,FAILED,LIMIT_EXCEEDED,54,20,17,2,NETBANKING,17,Tuesday,0
TXN_022037,CUST_03377,20097.43,CARD,FAILED,BANK_TIMEOUT,43,15,25,3,CARD,15,Saturday,1
TXN_022042,CUST_07742,7079.57,WALLET,FAILED,BANK_SERVER_DOWN,34,17,1,5,NETBANKING,11,Friday,0
TXN_022044,CUST_00739,8497.81,NETBANKING,FAILED,BANK_TIMEOUT,40,27,9,1,UPI,1,Monday,1
TXN_022048,CUST_01551,8296.8,UPI,FAILED,CARD_DECLINED,50,27,17,5,NETBANKING,22,Saturday,0
TXN_022055,CUST_07898,13457.16,NETBANKING,FAILED,BANK_SERVER_DOWN,46,7,2,6,UPI,18,Wednesday,0
TXN_022060,CUST_05781,8897.02,CARD,FAILED,INSUFFICIENT_FUNDS,40,22,22,8,UPI,9,Thursday,1
TXN_022079,CUST_00335,11052.07,UPI,FAILED,CARD_DECLINED,44,11,12,10,UPI,17,Monday,0
TXN_022081,CUST_09767,16803.46,WALLET,FAILED,LIMIT_EXCEEDED,30,19,18,2,WALLET,20,Sunday,1
TXN_022084,CUST_02769,17041.74,WALLET,FAILED,CARD_DECLINED,58,11,6,7,WALLET,20,Thursday,0
TXN_022091,CUST_02144,23632.44,CARD,FAILED,OTP_FAILURE,32,21,24,8,UPI,2,Monday,0
TXN_022117,CUST_08704,1833.09,UPI,FAILED,OTP_FAILURE,22,6,23,1,UPI,19,Thursday,1
TXN_022124,CUST_06554,11643.75,CARD,FAILED,OTP_FAILURE,18,12,23,9,CARD,2,Wednesday,0
TXN_022129,CUST_07432,20405.97,CARD,FAILED,CARD_DECLINED,49,17,9,2,NETBANKING,4,Tuesday,0
TXN_022131,CUST_07076,18957.13,CARD,FAILED,CARD_DECLINED,21,8,13,5,UPI,22,Monday,0
TXN_022136,CUST_06787,492.73,UPI,FAILED,NETWORK_ERROR,24,22,2,5,NETBANKING,19,Saturday,1
TXN_022146,CUST_06593,12535.59,WALLET,FAILED,NETWORK_ERROR,38,13,14,3,UPI,15,Sunday,0
TXN_022154,CUST_02233,9535.75,NETBANKING,FAILED,LIMIT_EXCEEDED,35,24,14,1,UPI,18,Sunday,0
TXN_022158,CUST_01416,23001.49,WALLET,FAILED,OTP_FAILURE,58,1,8,9,CARD,7,Thursday,0
TXN_022168,CUST_01970,3394.35,UPI,FAILED,OTP_FAILURE,42,15,7,7,NETBANKING,7,Tuesday,0
TXN_022169,CUST_09773,4300.81,CARD,FAILED,INSUFFICIENT_FUNDS,38,1,16,6,UPI,4,Wednesday,0
TXN_022173,CUST_03636,17005.05,NETBANKING,FAILED,LIMIT_EXCEEDED,54,12,10,8,WALLET,23,Saturday,0
TXN_022175,CUST_07552,6682.9,NETBANKING,FAILED,CARD_DECLINED,23,26,22,2,UPI,5,Monday,0
TXN_022176,CUST_03473,10337.09,NETBANKING,FAILED,OTP_FAILURE,37,11,9,7,UPI,12,Thursday,0
TXN_022181,CUST_01710,13804.37,CARD,FAILED,LIMIT_EXCEEDED,31,11,12,4,NETBANKING,17,Monday,1
TXN_022187,CUST_02392,22136.11,UPI,FAILED,NETWORK_ERROR,28,22,1,7,NETBANKING,1,Monday,0
TXN_022202,CUST_04547,4868.55,WALLET,FAILED,BANK_TIMEOUT,42,11,25,4,CARD,6,Tuesday,0
TXN_022204,CUST_03338,5023.58,WALLET,FAILED,BANK_SERVER_DOWN,30,25,2,1,NETBANKING,17,Saturday,0
TXN_022212,CUST_05421,1430.14,WALLET,FAILED,LIMIT_EXCEEDED,21,10,19,8,UPI,23,Monday,0
TXN_022221,CUST_08251,24600.11,WALLET,FAILED,OTP_FAILURE,22,4,3,5,UPI,1,Sunday,0
TXN_022228,CUST_02884,19553.91,UPI,FAILED,CARD_DECLINED,36,1,15,9,CARD,7,Monday,0
TXN_022232,CUST_02008,984.8,NETBANKING,FAILED,OTP_FAILURE,18,28,19,3,UPI,15,Friday,1
TXN_022240,CUST_08715,21400.53,CARD,FAILED,BANK_SERVER_DOWN,37,7,11,4,NETBANKING,6,Sunday,1
TXN_022246,CUST_02991,10081.24,UPI,FAILED,BANK_TIMEOUT,42,14,3,9,UPI,12,Friday,1
TXN_022262,CUST_05379,19922.86,CARD,FAILED,CARD_DECLINED,57,16,15,0,NETBANKING,2,Friday,0
TXN_022267,CUST_07453,23308.64,NETBANKING,FAILED,NETWORK_ERROR,53,6,13,10,CARD,19,Wednesday,0
TXN_022271,CUST_01979,20518.12,NETBANKING,FAILED,BANK_TIMEOUT,45,26,4,5,NETBANKING,3,Sunday,0
TXN_022272,CUST_05868,23210.94,NETBANKING,FAILED,NETWORK_ERROR,24,11,16,0,WALLET,15,Tuesday,0
TXN_022273,CUST_08138,10936.64,NETBANKING,FAILED,LIMIT_EXCEEDED,18,19,7,4,UPI,11,Thursday,0
TXN_022280,CUST_00424,18528.51,CARD,FAILED,INSUFFICIENT_FUNDS,23,8,16,2,NETBANKING,9,Thursday,0
TXN_022288,CUST_05024,12945.66,NETBANKING,FAILED,CARD_DECLINED,58,13,5,7,CARD,10,Sunday,0
TXN_022301,CUST_07856,8160.29,CARD,FAILED,BANK_SERVER_DOWN,24,6,14,7,CARD,17,Monday,0
TXN_022309,CUST_03068,21069.08,CARD,FAILED,BANK_SERVER_DOWN,24,28,8,1,WALLET,0,Friday,0
TXN_022318,CUST_03959,15920.6,CARD,FAILED,LIMIT_EXCEEDED,48,23,7,1,CARD,17,Saturday,1
TXN_022320,CUST_05331,18931.34,WALLET,FAILED,BANK_SERVER_DOWN,43,4,15,8,CARD,18,Tuesday,0
TXN_022327,CUST_01968,19663.39,NETBANKING,FAILED,OTP_FAILURE,49,29,4,9,WALLET,15,Sunday,0
TXN_022329,CUST_01120,279.41,WALLET,FAILED,CARD_DECLINED,25,10,14,4,UPI,16,Tuesday,1
TXN_022331,CUST_00677,17505.84,WALLET,FAILED,OTP_FAILURE,30,27,15,7,NETBANKING,18,Wednesday,1
TXN_022335,CUST_00655,4052.17,WALLET,FAILED,INSUFFICIENT_FUNDS,31,6,2,1,CARD,15,Thursday,0
TXN_022342,CUST_06377,23379.8,UPI,FAILED,OTP_FAILURE,51,2,11,1,CARD,8,Thursday,0
TXN_022346,CUST_06859,23077.84,NETBANKING,FAILED,NETWORK_ERROR,56,22,4,6,NETBANKING,11,Monday,0
TXN_022348,CUST_09161,24934.31,NETBANKING,FAILED,NETWORK_ERROR,27,13,17,3,UPI,8,Tuesday,1
TXN_022349,CUST_07492,22295.44,WALLET,FAILED,LIMIT_EXCEEDED,34,23,17,8,NETBANKING,5,Sunday,0
TXN_022357,CUST_09502,12068.08,UPI,FAILED,BANK_TIMEOUT,50,15,6,1,WALLET,14,Thursday,0
TXN_022366,CUST_01274,7566.52,WALLET,FAILED,LIMIT_EXCEEDED,25,7,17,8,CARD,5,Saturday,0
TXN_022374,CUST_01699,18393.6,WALLET,FAILED,BANK_SERVER_DOWN,34,12,10,9,UPI,23,Saturday,0
TXN_022377,CUST_06259,20531.17,CARD,FAILED,CARD_DECLINED,50,8,9,3,WALLET,11,Tuesday,0
TXN_022383,CUST_09779,11727.25,UPI,FAILED,INSUFFICIENT_FUNDS,22,6,3,7,WALLET,5,Monday,0
TXN_022395,CUST_06991,24876.54,WALLET,FAILED,BANK_TIMEOUT,37,21,22,5,UPI,21,Thursday,0
TXN_022399,CUST_01429,23814.84,CARD,FAILED,LIMIT_EXCEEDED,23,6,11,1,NETBANKING,19,Friday,0
TXN_022407,CUST_06811,4463.73,UPI,FAILED,OTP_FAILURE,20,22,16,3,CARD,3,Sunday,0
TXN_022429,CUST_07983,21946.44,NETBANKING,FAILED,BANK_SERVER_DOWN,27,1,13,6,WALLET,20,Tuesday,0
TXN_022438,CUST_08375,2397.6,NETBANKING,FAILED,INSUFFICIENT_FUNDS,41,24,9,7,CARD,21,Wednesday,0
TXN_022460,CUST_03296,10390.5,NETBANKING,FAILED,BANK_TIMEOUT,56,9,10,7,UPI,5,Saturday,0
TXN_022463,CUST_05307,4099.55,UPI,FAILED,INSUFFICIENT_FUNDS,46,8,3,8,UPI,20,Tuesday,1
TXN_022464,CUST_02126,1539.83,CARD,FAILED,INSUFFICIENT_FUNDS,31,28,22,9,CARD,19,Tuesday,0
TXN_022470,CUST_08354,21553.28,WALLET,FAILED,BANK_SERVER_DOWN,32,14,14,10,CARD,1,Friday,0
TXN_022477,CUST_02146,21169.7,CARD,FAILED,CARD_DECLINED,24,7,15,1,CARD,20,Wednesday,0
TXN_022482,CUST_03302,4490.27,NETBANKING,FAILED,CARD_DECLINED,59,6,2,5,CARD,12,Thursday,1
TXN_022483,CUST_09420,5582.0,UPI,FAILED,NETWORK_ERROR,43,23,20,10,CARD,9,Monday,0
TXN_022485,CUST_03778,3315.22,CARD,FAILED,CARD_DECLINED,27,16,2,10,WALLET,16,Wednesday,0
TXN_022486,CUST_05641,5630.54,NETBANKING,FAILED,BANK_SERVER_DOWN,30,25,21,7,WALLET,21,Wednesday,0
TXN_022487,CUST_07569,9652.08,WALLET,FAILED,OTP_FAILURE,25,30,4,6,CARD,1,Wednesday,0
TXN_022494,CUST_02827,22232.58,UPI,FAILED,NETWORK_ERROR,28,22,13,6,WALLET,12,Tuesday,1
TXN_022505,CUST_04155,2344.87,UPI,FAILED,INSUFFICIENT_FUNDS,46,3,7,3,UPI,16,Wednesday,0
TXN_022516,CUST_07787,1562.29,WALLET,FAILED,CARD_DECLINED,44,23,23,5,UPI,19,Tuesday,1
TXN_022522,CUST_06735,21612.17,CARD,FAILED,OTP_FAILURE,34,28,10,0,NETBANKING,9,Sunday,1
TXN_022532,CUST_06994,16265.98,UPI,FAILED,OTP_FAILURE,34,18,14,9,NETBANKING,12,Saturday,0
TXN_022544,CUST_09109,24765.54,UPI,FAILED,BANK_SERVER_DOWN,55,8,9,1,WALLET,21,Friday,0
TXN_022545,CUST_09803,22338.39,UPI,FAILED,BANK_TIMEOUT,33,10,4,10,NETBANKING,16,Thursday,0
TXN_022547,CUST_07825,7080.29,NETBANKING,FAILED,CARD_DECLINED,19,23,25,0,WALLET,10,Monday,0
TXN_022551,CUST_02612,15325.37,CARD,FAILED,CARD_DECLINED,38,21,23,0,UPI,21,Tuesday,0
TXN_022552,CUST_03033,17740.08,UPI,FAILED,LIMIT_EXCEEDED,19,12,25,2,UPI,6,Tuesday,1
TXN_022577,CUST_04053,8363.99,CARD,FAILED,OTP_FAILURE,58,5,5,5,UPI,10,Tuesday,0
TXN_022588,CUST_03046,16911.14,UPI,FAILED,BANK_SERVER_DOWN,41,14,16,4,NETBANKING,8,Sunday,0
TXN_022597,CUST_04434,18437.65,CARD,FAILED,BANK_SERVER_DOWN,22,24,5,0,WALLET,9,Saturday,0
TXN_022606,CUST_01768,21351.52,WALLET,FAILED,OTP_FAILURE,33,2,25,10,WALLET,23,Saturday,0
TXN_022620,CUST_00749,3878.45,NETBANKING,FAILED,OTP_FAILURE,35,6,24,1,CARD,4,Thursday,0
TXN_022623,CUST_00535,2031.42,WALLET,FAILED,BANK_SERVER_DOWN,45,16,7,4,CARD,9,Tuesday,0
TXN_022634,CUST_07140,477.32,WALLET,FAILED,INSUFFICIENT_FUNDS,40,5,18,10,UPI,23,Sunday,0
TXN_022644,CUST_06967,21272.65,WALLET,FAILED,NETWORK_ERROR,56,23,1,10,WALLET,13,Saturday,0
TXN_022645,CUST_02829,17585.69,UPI,FAILED,OTP_FAILURE,48,27,14,7,WALLET,12,Saturday,0
TXN_022659,CUST_06101,11976.02,NETBANKING,FAILED,INSUFFICIENT_FUNDS,26,29,1,7,NETBANKING,23,Monday,0
TXN_022664,CUST_07305,19459.7,UPI,FAILED,CARD_DECLINED,42,22,5,9,WALLET,13,Thursday,0
TXN_022669,CUST_00438,4360.59,CARD,FAILED,CARD_DECLINED,36,9,6,2,NETBANKING,2,Saturday,0
TXN_022678,CUST_03900,12705.01,NETBANKING,FAILED,NETWORK_ERROR,60,3,10,5,UPI,20,Saturday,1
TXN_022694,CUST_08508,5111.57,NETBANKING,FAILED,OTP_FAILURE,46,1,12,8,UPI,19,Friday,1
TXN_022697,CUST_08375,21584.1,UPI,FAILED,INSUFFICIENT_FUNDS,41,24,9,7,CARD,7,Friday,0
TXN_022703,CUST_02187,15539.57,NETBANKING,FAILED,LIMIT_EXCEEDED,48,9,9,2,NETBANKING,21,Wednesday,0
TXN_022708,CUST_08184,13457.67,CARD,FAILED,OTP_FAILURE,33,17,19,10,UPI,0,Saturday,1
TXN_022717,CUST_01407,4412.95,NETBANKING,FAILED,BANK_TIMEOUT,45,30,25,0,WALLET,2,Saturday,1
TXN_022718,CUST_04828,4011.78,NETBANKING,FAILED,INSUFFICIENT_FUNDS,33,14,13,8,CARD,0,Monday,0
TXN_022722,CUST_03132,13921.22,UPI,FAILED,BANK_TIMEOUT,52,13,7,10,WALLET,4,Friday,0
TXN_022724,CUST_06286,3817.65,NETBANKING,FAILED,CARD_DECLINED,36,24,11,3,CARD,4,Tuesday,0
TXN_022725,CUST_01155,5445.12,NETBANKING,FAILED,NETWORK_ERROR,32,26,5,3,WALLET,10,Friday,1
TXN_022728,CUST_01637,17079.81,UPI,FAILED,LIMIT_EXCEEDED,58,15,10,7,NETBANKING,2,Monday,0
TXN_022744,CUST_04939,2215.72,UPI,FAILED,OTP_FAILURE,39,10,23,7,CARD,22,Sunday,0
TXN_022754,CUST_07699,15120.7,WALLET,FAILED,OTP_FAILURE,18,21,16,3,UPI,3,Friday,0
TXN_022759,CUST_09715,4200.98,WALLET,FAILED,CARD_DECLINED,27,17,24,10,CARD,5,Tuesday,0
TXN_022771,CUST_03637,18919.13,NETBANKING,FAILED,BANK_TIMEOUT,51,13,23,4,UPI,22,Saturday,1
TXN_022783,CUST_02046,22164.37,WALLET,FAILED,CARD_DECLINED,27,23,8,7,NETBANKING,0,Monday,0
TXN_022788,CUST_00086,17660.57,NETBANKING,FAILED,CARD_DECLINED,39,10,17,10,CARD,7,Monday,0
TXN_022792,CUST_06325,5011.31,CARD,FAILED,BANK_SERVER_DOWN,20,28,7,2,WALLET,4,Thursday,0
TXN_022794,CUST_06842,8395.2,NETBANKING,FAILED,OTP_FAILURE,30,17,16,8,WALLET,11,Friday,1
TXN_022803,CUST_04782,13386.22,NETBANKING,FAILED,BANK_SERVER_DOWN,55,16,20,10,UPI,18,Friday,0
TXN_022808,CUST_00375,22302.28,WALLET,FAILED,INSUFFICIENT_FUNDS,23,20,21,5,UPI,13,Tuesday,0
TXN_022819,CUST_08791,21476.73,UPI,FAILED,NETWORK_ERROR,28,8,13,5,WALLET,3,Tuesday,1
TXN_022827,CUST_08104,18867.25,UPI,FAILED,INSUFFICIENT_FUNDS,35,5,20,3,WALLET,16,Saturday,1
TXN_022842,CUST_03457,22814.46,WALLET,FAILED,BANK_TIMEOUT,50,10,19,6,NETBANKING,15,Friday,0
TXN_022850,CUST_02002,11926.56,WALLET,FAILED,OTP_FAILURE,20,26,15,8,CARD,19,Saturday,0
TXN_022852,CUST_05320,8411.22,NETBANKING,FAILED,OTP_FAILURE,49,16,14,10,NETBANKING,2,Sunday,0
TXN_022857,CUST_02543,17293.44,NETBANKING,FAILED,INSUFFICIENT_FUNDS,48,3,20,2,NETBANKING,5,Sunday,1
TXN_022859,CUST_07194,10551.74,CARD,FAILED,INSUFFICIENT_FUNDS,35,5,22,5,NETBANKING,10,Wednesday,0
TXN_022860,CUST_01848,20295.5,CARD,FAILED,BANK_TIMEOUT,58,8,8,1,NETBANKING,11,Wednesday,1
TXN_022868,CUST_01591,9115.29,WALLET,FAILED,NETWORK_ERROR,33,28,24,10,NETBANKING,5,Friday,1
TXN_022882,CUST_00857,14720.72,UPI,FAILED,LIMIT_EXCEEDED,20,6,7,2,NETBANKING,10,Sunday,0
TXN_022884,CUST_07512,12193.47,CARD,FAILED,CARD_DECLINED,23,26,12,8,UPI,19,Tuesday,0
TXN_022893,CUST_04586,24913.62,UPI,FAILED,BANK_SERVER_DOWN,24,1,25,9,CARD,11,Monday,0
TXN_022897,CUST_09301,22157.19,NETBANKING,FAILED,BANK_SERVER_DOWN,26,23,12,2,NETBANKING,20,Saturday,1
TXN_022907,CUST_00668,14532.63,CARD,FAILED,OTP_FAILURE,26,21,11,0,UPI,14,Thursday,0
TXN_022920,CUST_02136,7265.32,UPI,FAILED,OTP_FAILURE,24,19,3,0,CARD,2,Wednesday,0
TXN_022928,CUST_03880,18482.21,UPI,FAILED,BANK_SERVER_DOWN,31,1,16,1,CARD,2,Tuesday,1
TXN_022933,CUST_01272,2140.62,NETBANKING,FAILED,INSUFFICIENT_FUNDS,46,8,6,4,UPI,20,Tuesday,0
TXN_022960,CUST_04185,14780.85,UPI,FAILED,LIMIT_EXCEEDED,25,8,25,3,NETBANKING,19,Friday,0
TXN_022969,CUST_00061,9955.37,CARD,FAILED,CARD_DECLINED,38,10,19,0,WALLET,22,Sunday,0
TXN_022970,CUST_08458,11509.55,NETBANKING,FAILED,INSUFFICIENT_FUNDS,52,13,21,7,WALLET,13,Sunday,0
TXN_022980,CUST_03651,12726.29,WALLET,FAILED,INSUFFICIENT_FUNDS,51,28,19,5,CARD,2,Wednesday,0
TXN_022986,CUST_09207,8981.42,WALLET,FAILED,OTP_FAILURE,40,28,25,6,UPI,23,Sunday,0
TXN_022987,CUST_09668,23213.18,NETBANKING,FAILED,LIMIT_EXCEEDED,37,20,9,9,UPI,8,Wednesday,0
TXN_022988,CUST_03888,10270.3,CARD,FAILED,CARD_DECLINED,27,3,3,9,CARD,13,Thursday,0
TXN_022994,CUST_02662,4512.66,WALLET,FAILED,INSUFFICIENT_FUNDS,21,21,14,2,CARD,1,Wednesday,0
TXN_022995,CUST_02164,24697.2,NETBANKING,FAILED,LIMIT_EXCEEDED,34,20,22,9,CARD,20,Saturday,0
TXN_023002,CUST_07815,7758.94,NETBANKING,FAILED,BANK_TIMEOUT,27,20,9,6,WALLET,22,Friday,1
TXN_023003,CUST_06818,22651.86,CARD,FAILED,OTP_FAILURE,36,29,17,6,WALLET,10,Friday,0
TXN_023007,CUST_08665,17094.99,UPI,FAILED,BANK_SERVER_DOWN,26,12,22,7,NETBANKING,9,Thursday,1
TXN_023017,CUST_06896,11559.09,NETBANKING,FAILED,OTP_FAILURE,48,4,14,5,NETBANKING,0,Monday,0
TXN_023022,CUST_07489,16571.13,WALLET,FAILED,CARD_DECLINED,26,16,25,2,NETBANKING,12,Monday,0
TXN_023024,CUST_08133,24200.05,UPI,FAILED,OTP_FAILURE,37,14,8,2,WALLET,0,Saturday,0
TXN_023028,CUST_04257,12765.49,NETBANKING,FAILED,CARD_DECLINED,57,5,3,10,CARD,4,Thursday,0
TXN_023061,CUST_00933,14707.04,CARD,FAILED,INSUFFICIENT_FUNDS,38,24,1,3,WALLET,11,Monday,0
TXN_023063,CUST_07747,9265.74,UPI,FAILED,CARD_DECLINED,28,27,17,1,WALLET,9,Monday,0
TXN_023064,CUST_00623,17293.35,CARD,FAILED,LIMIT_EXCEEDED,44,2,20,8,WALLET,12,Sunday,0
TXN_023070,CUST_02642,6576.42,CARD,FAILED,BANK_TIMEOUT,21,6,16,9,NETBANKING,10,Monday,0
TXN_023077,CUST_07928,7200.26,UPI,FAILED,INSUFFICIENT_FUNDS,50,16,4,8,CARD,5,Monday,0
TXN_023085,CUST_06018,23885.26,NETBANKING,FAILED,OTP_FAILURE,48,15,17,4,UPI,23,Sunday,0
TXN_023087,CUST_01995,21777.93,UPI,FAILED,BANK_SERVER_DOWN,33,16,24,4,NETBANKING,7,Thursday,0
TXN_023090,CUST_00130,2779.77,WALLET,FAILED,INSUFFICIENT_FUNDS,33,15,5,2,CARD,14,Thursday,0
TXN_023098,CUST_06358,14195.39,CARD,FAILED,NETWORK_ERROR,22,15,24,8,NETBANKING,9,Saturday,1
TXN_023131,CUST_00071,11160.21,WALLET,FAILED,INSUFFICIENT_FUNDS,28,11,4,5,UPI,21,Wednesday,0
TXN_023134,CUST_07486,11527.69,WALLET,FAILED,OTP_FAILURE,49,14,18,7,CARD,0,Sunday,0
TXN_023147,CUST_00831,5480.5,CARD,FAILED,LIMIT_EXCEEDED,36,16,19,1,NETBANKING,8,Wednesday,0
TXN_023148,CUST_02737,8125.38,CARD,FAILED,CARD_DECLINED,48,23,25,8,UPI,0,Monday,1
TXN_023156,CUST_08971,8089.34,CARD,FAILED,BANK_SERVER_DOWN,41,27,7,6,NETBANKING,12,Sunday,0
TXN_023159,CUST_03655,20354.31,WALLET,FAILED,BANK_SERVER_DOWN,46,25,21,1,UPI,13,Saturday,0
TXN_023179,CUST_09262,18509.95,CARD,FAILED,BANK_SERVER_DOWN,42,7,5,3,WALLET,11,Friday,0
TXN_023183,CUST_08813,4116.27,UPI,FAILED,BANK_TIMEOUT,44,3,1,2,CARD,4,Wednesday,0
TXN_023194,CUST_08418,20921.55,CARD,FAILED,BANK_SERVER_DOWN,21,5,16,10,UPI,7,Wednesday,0
TXN_023202,CUST_05851,9289.4,CARD,FAILED,BANK_TIMEOUT,47,4,21,3,CARD,14,Sunday,1
TXN_023206,CUST_00873,9945.77,UPI,FAILED,NETWORK_ERROR,49,15,12,10,CARD,1,Tuesday,0
TXN_023209,CUST_09465,4257.77,WALLET,FAILED,INSUFFICIENT_FUNDS,57,11,22,9,CARD,20,Thursday,1
TXN_023212,CUST_09204,16366.82,WALLET,FAILED,BANK_TIMEOUT,46,20,1,7,NETBANKING,6,Monday,0
TXN_023219,CUST_06360,12668.53,NETBANKING,FAILED,BANK_TIMEOUT,27,3,25,1,NETBANKING,21,Sunday,1
TXN_023220,CUST_06766,12947.33,CARD,FAILED,BANK_SERVER_DOWN,36,6,23,2,WALLET,6,Sunday,0
TXN_023225,CUST_09455,2474.68,CARD,FAILED,BANK_SERVER_DOWN,43,3,8,9,UPI,20,Friday,0
TXN_023238,CUST_00036,17260.21,UPI,FAILED,OTP_FAILURE,22,27,22,8,WALLET,6,Friday,1
TXN_023242,CUST_06022,3479.4,UPI,FAILED,INSUFFICIENT_FUNDS,43,9,17,6,WALLET,3,Tuesday,1
TXN_023246,CUST_01771,703.12,NETBANKING,FAILED,NETWORK_ERROR,51,14,16,1,WALLET,20,Saturday,1
TXN_023249,CUST_08840,22549.59,CARD,FAILED,INSUFFICIENT_FUNDS,29,7,15,10,WALLET,10,Tuesday,1
TXN_023256,CUST_09358,24811.6,WALLET,FAILED,OTP_FAILURE,21,7,22,10,WALLET,22,Monday,1
TXN_023259,CUST_01625,5963.79,NETBANKING,FAILED,INSUFFICIENT_FUNDS,59,14,24,0,WALLET,4,Sunday,0
TXN_023263,CUST_01527,11056.37,NETBANKING,FAILED,BANK_SERVER_DOWN,48,11,16,10,UPI,5,Friday,0
TXN_023271,CUST_07566,2443.64,UPI,FAILED,INSUFFICIENT_FUNDS,42,15,13,10,WALLET,2,Friday,0
TXN_023273,CUST_07271,14903.32,WALLET,FAILED,INSUFFICIENT_FUNDS,46,18,25,6,CARD,20,Wednesday,0
TXN_023282,CUST_06920,19942.08,CARD,FAILED,INSUFFICIENT_FUNDS,32,18,24,3,NETBANKING,5,Friday,0
TXN_023291,CUST_07830,18231.71,WALLET,FAILED,LIMIT_EXCEEDED,60,22,12,4,CARD,13,Tuesday,0
TXN_023304,CUST_01273,16481.4,UPI,FAILED,LIMIT_EXCEEDED,18,4,23,3,UPI,4,Monday,0
TXN_023308,CUST_04231,12673.74,UPI,FAILED,NETWORK_ERROR,26,29,1,3,NETBANKING,14,Thursday,0
TXN_023311,CUST_08600,11185.08,UPI,FAILED,LIMIT_EXCEEDED,48,5,7,4,WALLET,16,Wednesday,0
TXN_023317,CUST_02362,11255.87,CARD,FAILED,LIMIT_EXCEEDED,32,17,11,3,NETBANKING,18,Friday,0
TXN_023321,CUST_07463,8727.4,WALLET,FAILED,NETWORK_ERROR,38,22,16,0,CARD,7,Wednesday,1
TXN_023326,CUST_00981,2133.81,NETBANKING,FAILED,OTP_FAILURE,35,8,9,1,WALLET,17,Thursday,0
TXN_023330,CUST_03929,17132.19,NETBANKING,FAILED,BANK_TIMEOUT,33,12,6,4,NETBANKING,6,Monday,0
TXN_023334,CUST_09231,6102.8,NETBANKING,FAILED,OTP_FAILURE,30,28,18,5,UPI,17,Sunday,0
TXN_023340,CUST_08402,5523.61,UPI,FAILED,BANK_TIMEOUT,34,13,21,5,WALLET,5,Friday,1
TXN_023345,CUST_07432,3006.55,WALLET,FAILED,BANK_TIMEOUT,49,17,9,2,NETBANKING,12,Sunday,1
TXN_023347,CUST_02721,7425.8,UPI,FAILED,OTP_FAILURE,60,11,18,2,NETBANKING,1,Wednesday,0
TXN_023348,CUST_09324,3706.41,UPI,FAILED,NETWORK_ERROR,59,24,1,3,CARD,23,Wednesday,0
TXN_023351,CUST_06537,4887.02,NETBANKING,FAILED,BANK_TIMEOUT,55,30,19,3,WALLET,18,Saturday,1
TXN_023354,CUST_00679,9489.77,UPI,FAILED,BANK_SERVER_DOWN,28,13,14,1,WALLET,7,Sunday,0
TXN_023358,CUST_02993,7925.95,WALLET,FAILED,CARD_DECLINED,33,28,16,5,WALLET,14,Monday,0
TXN_023359,CUST_07568,6263.42,WALLET,FAILED,INSUFFICIENT_FUNDS,32,26,16,6,UPI,3,Monday,0
TXN_023367,CUST_04859,14593.74,CARD,FAILED,OTP_FAILURE,46,7,14,9,NETBANKING,9,Thursday,0
TXN_023370,CUST_05214,13662.11,NETBANKING,FAILED,INSUFFICIENT_FUNDS,51,2,8,6,WALLET,17,Saturday,0
TXN_023381,CUST_06820,7856.55,WALLET,FAILED,NETWORK_ERROR,54,14,7,10,WALLET,11,Monday,0
TXN_023383,CUST_08403,14358.1,UPI,FAILED,LIMIT_EXCEEDED,56,12,4,9,WALLET,15,Friday,0
TXN_023384,CUST_01085,7722.76,WALLET,FAILED,BANK_SERVER_DOWN,27,8,25,4,NETBANKING,18,Monday,0
TXN_023409,CUST_00948,8470.95,WALLET,FAILED,OTP_FAILURE,51,6,1,10,NETBANKING,6,Monday,0
TXN_023415,CUST_08302,16097.1,UPI,FAILED,BANK_TIMEOUT,59,19,11,6,WALLET,18,Sunday,0
TXN_023423,CUST_02463,1272.51,CARD,FAILED,BANK_SERVER_DOWN,36,26,2,2,CARD,5,Wednesday,1
TXN_023439,CUST_00322,19711.76,CARD,FAILED,LIMIT_EXCEEDED,57,19,20,10,NETBANKING,23,Friday,0
TXN_023447,CUST_05462,23542.29,UPI,FAILED,CARD_DECLINED,38,15,25,1,WALLET,7,Saturday,0
TXN_023452,CUST_02014,23088.15,UPI,FAILED,OTP_FAILURE,51,13,2,0,NETBANKING,0,Monday,0
TXN_023456,CUST_04544,21222.33,WALLET,FAILED,INSUFFICIENT_FUNDS,51,11,22,9,CARD,13,Friday,1
TXN_023466,CUST_01657,5479.78,UPI,FAILED,BANK_SERVER_DOWN,56,20,17,9,WALLET,20,Wednesday,0
TXN_023467,CUST_06817,4018.81,NETBANKING,FAILED,LIMIT_EXCEEDED,32,8,9,9,CARD,4,Tuesday,1
TXN_023473,CUST_07856,23741.78,UPI,FAILED,NETWORK_ERROR,24,6,14,7,CARD,19,Wednesday,1
TXN_023487,CUST_07534,3571.27,CARD,FAILED,INSUFFICIENT_FUNDS,53,16,9,8,WALLET,22,Monday,0
TXN_023496,CUST_07224,17994.03,CARD,FAILED,OTP_FAILURE,39,13,16,6,CARD,6,Monday,0
TXN_023499,CUST_01507,9079.55,UPI,FAILED,BANK_SERVER_DOWN,21,9,2,0,UPI,15,Friday,0
TXN_023502,CUST_08950,21755.89,UPI,FAILED,NETWORK_ERROR,44,14,3,4,UPI,6,Tuesday,1
TXN_023508,CUST_00513,16132.33,CARD,FAILED,BANK_TIMEOUT,37,30,12,5,NETBANKING,7,Tuesday,1
TXN_023510,CUST_04629,22169.72,UPI,FAILED,NETWORK_ERROR,23,4,24,0,WALLET,12,Wednesday,1
TXN_023514,CUST_09120,12488.26,WALLET,FAILED,BANK_TIMEOUT,39,8,4,0,UPI,7,Friday,1
TXN_023516,CUST_06824,24785.04,CARD,FAILED,NETWORK_ERROR,52,15,1,1,WALLET,6,Saturday,0
TXN_023522,CUST_00212,14608.87,WALLET,FAILED,CARD_DECLINED,32,24,15,9,CARD,11,Monday,1
TXN_023526,CUST_04384,17965.89,WALLET,FAILED,NETWORK_ERROR,51,10,18,8,UPI,12,Sunday,1
TXN_023534,CUST_08995,12920.85,NETBANKING,FAILED,INSUFFICIENT_FUNDS,56,13,6,5,CARD,21,Tuesday,0
TXN_023542,CUST_00231,17283.67,UPI,FAILED,OTP_FAILURE,33,9,21,10,WALLET,17,Tuesday,0
TXN_023543,CUST_05091,11764.56,WALLET,FAILED,LIMIT_EXCEEDED,44,13,22,10,CARD,23,Monday,1
TXN_023550,CUST_08700,16978.7,WALLET,FAILED,CARD_DECLINED,40,8,25,7,UPI,3,Sunday,0
TXN_023551,CUST_00162,18543.01,WALLET,FAILED,CARD_DECLINED,46,19,7,4,NETBANKING,23,Wednesday,0
TXN_023559,CUST_05712,22378.23,UPI,FAILED,INSUFFICIENT_FUNDS,30,25,1,0,NETBANKING,10,Monday,0
TXN_023576,CUST_06182,24535.56,NETBANKING,FAILED,NETWORK_ERROR,22,24,15,7,WALLET,1,Wednesday,0
TXN_023578,CUST_07382,2968.9,WALLET,FAILED,BANK_SERVER_DOWN,56,12,2,4,UPI,10,Monday,0
TXN_023580,CUST_07804,23917.73,NETBANKING,FAILED,CARD_DECLINED,20,5,18,5,CARD,7,Wednesday,0
TXN_023599,CUST_09828,22235.83,NETBANKING,FAILED,OTP_FAILURE,51,29,10,8,UPI,7,Saturday,0
TXN_023603,CUST_04690,18545.52,NETBANKING,FAILED,BANK_TIMEOUT,19,26,25,10,CARD,16,Thursday,1
TXN_023604,CUST_01357,759.98,CARD,FAILED,BANK_SERVER_DOWN,51,11,3,2,NETBANKING,4,Tuesday,0
TXN_023609,CUST_00419,22695.41,WALLET,FAILED,LIMIT_EXCEEDED,55,10,21,4,CARD,17,Sunday,0
TXN_023615,CUST_07137,21483.11,NETBANKING,FAILED,LIMIT_EXCEEDED,37,6,4,4,NETBANKING,16,Sunday,0
TXN_023616,CUST_09721,11191.24,CARD,FAILED,CARD_DECLINED,20,4,20,3,WALLET,14,Saturday,1
TXN_023622,CUST_08076,12869.62,UPI,FAILED,NETWORK_ERROR,44,17,5,3,CARD,18,Tuesday,0
TXN_023627,CUST_02212,8504.56,CARD,FAILED,OTP_FAILURE,39,12,6,4,NETBANKING,1,Saturday,0
TXN_023628,CUST_09161,18242.75,NETBANKING,FAILED,LIMIT_EXCEEDED,27,13,17,3,UPI,0,Thursday,0
TXN_023632,CUST_04320,6663.48,CARD,FAILED,INSUFFICIENT_FUNDS,20,26,10,8,WALLET,6,Tuesday,0
TXN_023651,CUST_00378,21840.78,UPI,FAILED,LIMIT_EXCEEDED,48,20,19,2,WALLET,19,Friday,1
TXN_023658,CUST_05784,2709.8,CARD,FAILED,LIMIT_EXCEEDED,20,30,1,7,UPI,2,Saturday,0
TXN_023663,CUST_09259,18669.39,CARD,FAILED,OTP_FAILURE,58,9,3,10,NETBANKING,6,Monday,0
TXN_023665,CUST_00358,7219.98,NETBANKING,FAILED,CARD_DECLINED,28,23,7,6,UPI,22,Saturday,0
TXN_023670,CUST_03005,3549.29,CARD,FAILED,NETWORK_ERROR,43,12,3,5,CARD,21,Tuesday,0
TXN_023672,CUST_02842,7169.27,WALLET,FAILED,CARD_DECLINED,22,21,8,10,NETBANKING,23,Sunday,0
TXN_023679,CUST_04811,7286.82,UPI,FAILED,INSUFFICIENT_FUNDS,29,10,5,9,WALLET,12,Monday,0
TXN_023687,CUST_01517,9464.48,WALLET,FAILED,LIMIT_EXCEEDED,33,9,14,5,CARD,3,Monday,0
TXN_023691,CUST_05301,24803.23,NETBANKING,FAILED,CARD_DECLINED,22,7,7,0,UPI,12,Thursday,0
TXN_023708,CUST_08444,2250.47,UPI,FAILED,INSUFFICIENT_FUNDS,36,7,19,3,CARD,8,Monday,0
TXN_023709,CUST_06844,11685.72,WALLET,FAILED,NETWORK_ERROR,21,7,12,4,CARD,17,Tuesday,0
TXN_023711,CUST_03179,22105.04,UPI,FAILED,BANK_TIMEOUT,55,25,12,5,NETBANKING,17,Saturday,1
TXN_023715,CUST_06827,13806.14,WALLET,FAILED,BANK_SERVER_DOWN,20,8,5,3,UPI,5,Friday,0
TXN_023718,CUST_05431,19750.34,WALLET,FAILED,BANK_TIMEOUT,59,15,2,1,NETBANKING,14,Thursday,1
TXN_023723,CUST_07717,19467.7,NETBANKING,FAILED,BANK_TIMEOUT,27,1,13,1,WALLET,6,Monday,0
TXN_023733,CUST_04700,6951.82,WALLET,FAILED,INSUFFICIENT_FUNDS,21,15,10,9,CARD,16,Friday,1
TXN_023735,CUST_07022,6968.98,NETBANKING,FAILED,LIMIT_EXCEEDED,51,3,11,9,UPI,18,Friday,1
TXN_023739,CUST_01109,21401.37,CARD,FAILED,NETWORK_ERROR,19,29,19,9,CARD,21,Monday,0
TXN_023749,CUST_02467,152.54,UPI,FAILED,OTP_FAILURE,27,28,7,9,UPI,12,Thursday,1
TXN_023756,CUST_01535,14809.06,CARD,FAILED,OTP_FAILURE,19,11,23,1,NETBANKING,21,Monday,0
TXN_023759,CUST_05771,10745.58,CARD,FAILED,BANK_TIMEOUT,23,12,20,6,NETBANKING,9,Thursday,1
TXN_023771,CUST_02913,13822.14,UPI,FAILED,LIMIT_EXCEEDED,43,1,7,4,UPI,14,Tuesday,0
TXN_023772,CUST_08156,19968.07,WALLET,FAILED,INSUFFICIENT_FUNDS,31,20,6,1,CARD,2,Sunday,0
TXN_023776,CUST_03143,401.62,CARD,FAILED,LIMIT_EXCEEDED,39,26,12,0,UPI,11,Thursday,0
TXN_023783,CUST_06947,23836.2,CARD,FAILED,NETWORK_ERROR,49,18,25,2,CARD,20,Saturday,1
TXN_023785,CUST_01790,9627.29,UPI,FAILED,NETWORK_ERROR,36,27,17,8,CARD,2,Monday,1
TXN_023788,CUST_08481,24057.03,UPI,FAILED,INSUFFICIENT_FUNDS,22,14,3,1,UPI,9,Thursday,0
TXN_023790,CUST_06365,18744.38,UPI,FAILED,INSUFFICIENT_FUNDS,58,22,6,8,WALLET,22,Saturday,0
TXN_023791,CUST_06463,1925.78,WALLET,FAILED,CARD_DECLINED,20,21,1,2,UPI,20,Sunday,0
TXN_023792,CUST_00496,17164.65,UPI,FAILED,BANK_SERVER_DOWN,33,8,7,8,CARD,3,Wednesday,0
TXN_023794,CUST_08829,18600.77,NETBANKING,FAILED,LIMIT_EXCEEDED,25,21,17,8,WALLET,14,Wednesday,0
TXN_023799,CUST_03100,7162.48,WALLET,FAILED,NETWORK_ERROR,41,25,20,5,CARD,1,Sunday,0
TXN_023803,CUST_08925,10557.74,NETBANKING,FAILED,BANK_SERVER_DOWN,51,11,25,7,UPI,3,Saturday,0
TXN_023808,CUST_04097,8503.02,NETBANKING,FAILED,INSUFFICIENT_FUNDS,41,19,7,0,WALLET,3,Wednesday,0
TXN_023811,CUST_00610,22628.72,WALLET,FAILED,BANK_TIMEOUT,20,9,25,0,WALLET,18,Monday,1
TXN_023813,CUST_03695,24641.53,NETBANKING,FAILED,OTP_FAILURE,36,20,23,9,NETBANKING,12,Tuesday,0
TXN_023815,CUST_01862,7253.78,CARD,FAILED,NETWORK_ERROR,55,15,21,8,WALLET,6,Wednesday,1
TXN_023819,CUST_09338,9369.58,WALLET,FAILED,BANK_SERVER_DOWN,36,20,1,8,UPI,7,Tuesday,0
TXN_023821,CUST_07827,18234.06,UPI,FAILED,BANK_SERVER_DOWN,30,29,21,8,CARD,10,Monday,0
TXN_023829,CUST_08194,524.58,UPI,FAILED,BANK_SERVER_DOWN,53,7,10,9,WALLET,0,Friday,0
TXN_023837,CUST_06952,19339.25,NETBANKING,FAILED,BANK_SERVER_DOWN,20,26,17,0,UPI,1,Monday,0
TXN_023861,CUST_06317,19649.83,NETBANKING,FAILED,LIMIT_EXCEEDED,46,18,14,6,NETBANKING,5,Tuesday,0
TXN_023866,CUST_03003,11704.61,UPI,FAILED,LIMIT_EXCEEDED,19,5,20,10,UPI,20,Friday,0
TXN_023869,CUST_05619,6490.09,CARD,FAILED,NETWORK_ERROR,54,21,19,7,NETBANKING,20,Sunday,0
TXN_023876,CUST_04575,13466.58,UPI,FAILED,OTP_FAILURE,20,6,14,4,CARD,9,Friday,0
TXN_023892,CUST_00397,18271.05,CARD,FAILED,OTP_FAILURE,52,19,6,5,NETBANKING,0,Thursday,0
TXN_023896,CUST_05441,13866.14,NETBANKING,FAILED,BANK_TIMEOUT,52,5,16,6,WALLET,12,Sunday,1
TXN_023900,CUST_09491,24046.96,NETBANKING,FAILED,BANK_SERVER_DOWN,40,27,5,10,UPI,20,Monday,0
TXN_023903,CUST_05711,16963.76,NETBANKING,FAILED,OTP_FAILURE,43,19,16,3,UPI,12,Sunday,0
TXN_023906,CUST_02552,4766.89,WALLET,FAILED,INSUFFICIENT_FUNDS,25,10,7,7,NETBANKING,6,Monday,1
TXN_023907,CUST_03859,3589.53,WALLET,FAILED,BANK_SERVER_DOWN,48,19,14,3,UPI,19,Saturday,0
TXN_023917,CUST_04624,14446.59,NETBANKING,FAILED,LIMIT_EXCEEDED,20,9,2,2,WALLET,14,Sunday,0
TXN_023921,CUST_05541,1263.88,NETBANKING,FAILED,LIMIT_EXCEEDED,39,8,1,5,CARD,13,Monday,0
TXN_023922,CUST_05359,14552.6,WALLET,FAILED,OTP_FAILURE,50,18,21,2,CARD,6,Friday,0
TXN_023923,CUST_05147,14084.58,WALLET,FAILED,OTP_FAILURE,55,5,24,0,NETBANKING,23,Thursday,0
TXN_023924,CUST_00949,9845.71,UPI,FAILED,BANK_SERVER_DOWN,22,14,7,3,NETBANKING,10,Friday,0
TXN_023930,CUST_07315,3975.49,WALLET,FAILED,BANK_TIMEOUT,45,11,13,9,NETBANKING,20,Thursday,1
TXN_023933,CUST_04922,4449.19,UPI,FAILED,NETWORK_ERROR,42,8,9,3,UPI,22,Friday,1
TXN_023937,CUST_03825,14953.53,WALLET,FAILED,CARD_DECLINED,60,27,24,9,NETBANKING,14,Thursday,0
TXN_023940,CUST_02674,7515.73,UPI,FAILED,LIMIT_EXCEEDED,59,6,15,10,UPI,10,Sunday,0
TXN_023942,CUST_02212,10790.47,CARD,FAILED,NETWORK_ERROR,39,12,6,4,NETBANKING,7,Saturday,1
TXN_023943,CUST_03637,19992.49,UPI,FAILED,OTP_FAILURE,51,13,23,4,UPI,10,Thursday,0
TXN_023962,CUST_01785,2509.35,UPI,FAILED,BANK_SERVER_DOWN,39,23,24,2,NETBANKING,16,Sunday,1
TXN_023969,CUST_08495,18187.24,UPI,FAILED,OTP_FAILURE,35,14,2,7,NETBANKING,18,Wednesday,0
TXN_023972,CUST_02380,20447.87,UPI,FAILED,LIMIT_EXCEEDED,38,26,12,9,WALLET,1,Wednesday,0
TXN_023973,CUST_03390,21448.95,WALLET,FAILED,CARD_DECLINED,45,24,1,4,NETBANKING,10,Sunday,0
TXN_023974,CUST_06875,18441.69,WALLET,FAILED,BANK_SERVER_DOWN,57,18,15,3,UPI,18,Friday,0
TXN_023979,CUST_01868,22092.26,NETBANKING,FAILED,LIMIT_EXCEEDED,19,11,12,3,UPI,20,Wednesday,0
TXN_023987,CUST_07788,20237.58,UPI,FAILED,BANK_SERVER_DOWN,39,29,23,6,WALLET,8,Friday,0
TXN_023996,CUST_03351,22486.67,NETBANKING,FAILED,INSUFFICIENT_FUNDS,30,28,15,5,WALLET,22,Tuesday,0
TXN_024011,CUST_09665,9925.09,CARD,FAILED,CARD_DECLINED,43,24,25,6,WALLET,16,Tuesday,0
TXN_024019,CUST_08043,12685.85,WALLET,FAILED,CARD_DECLINED,40,7,11,4,CARD,1,Wednesday,0
TXN_024024,CUST_05446,684.02,CARD,FAILED,INSUFFICIENT_FUNDS,45,20,6,7,WALLET,9,Sunday,1
TXN_024028,CUST_02062,16576.04,CARD,FAILED,INSUFFICIENT_FUNDS,49,15,16,4,NETBANKING,22,Monday,0
TXN_024047,CUST_02970,22269.84,WALLET,FAILED,NETWORK_ERROR,22,14,9,2,WALLET,21,Tuesday,0
TXN_024054,CUST_09818,21533.8,UPI,FAILED,BANK_TIMEOUT,52,5,18,8,UPI,1,Saturday,1
TXN_024057,CUST_06938,8049.29,CARD,FAILED,BANK_TIMEOUT,38,3,12,3,NETBANKING,11,Monday,1
TXN_024059,CUST_03112,21985.71,NETBANKING,FAILED,CARD_DECLINED,57,24,8,7,WALLET,22,Sunday,0
TXN_024062,CUST_07730,19955.29,WALLET,FAILED,OTP_FAILURE,57,25,11,9,NETBANKING,0,Wednesday,0
TXN_024063,CUST_09031,1653.01,WALLET,FAILED,CARD_DECLINED,28,10,17,4,CARD,14,Thursday,0
TXN_024071,CUST_06923,11313.42,WALLET,FAILED,OTP_FAILURE,60,9,6,8,UPI,12,Tuesday,0
TXN_024087,CUST_04994,15053.22,CARD,FAILED,NETWORK_ERROR,33,20,16,8,WALLET,13,Friday,1
TXN_024089,CUST_05693,21815.68,CARD,FAILED,BANK_TIMEOUT,27,18,4,6,WALLET,22,Tuesday,0
TXN_024104,CUST_04481,21455.77,WALLET,FAILED,OTP_FAILURE,31,26,3,6,UPI,23,Thursday,0
TXN_024120,CUST_08950,19152.59,CARD,FAILED,BANK_TIMEOUT,44,14,3,4,UPI,20,Tuesday,1
TXN_024126,CUST_04202,16199.4,NETBANKING,FAILED,INSUFFICIENT_FUNDS,40,6,8,5,UPI,21,Sunday,0
TXN_024131,CUST_04875,5347.0,UPI,FAILED,INSUFFICIENT_FUNDS,36,7,7,6,UPI,12,Friday,0
TXN_024141,CUST_01253,4991.89,WALLET,FAILED,LIMIT_EXCEEDED,35,19,13,2,NETBANKING,11,Sunday,0
TXN_024146,CUST_07780,22840.17,WALLET,FAILED,LIMIT_EXCEEDED,32,13,6,4,WALLET,3,Sunday,0
TXN_024154,CUST_06750,4790.66,NETBANKING,FAILED,CARD_DECLINED,34,8,5,9,UPI,6,Tuesday,0
TXN_024162,CUST_06818,5960.61,NETBANKING,FAILED,INSUFFICIENT_FUNDS,36,29,17,6,WALLET,12,Wednesday,0
TXN_024185,CUST_06093,4524.24,CARD,FAILED,NETWORK_ERROR,44,4,25,6,UPI,3,Sunday,1
TXN_024186,CUST_03414,20749.77,CARD,FAILED,BANK_TIMEOUT,36,11,3,3,WALLET,11,Monday,0
TXN_024190,CUST_08605,18513.0,UPI,FAILED,LIMIT_EXCEEDED,52,16,3,4,WALLET,1,Monday,0
TXN_024191,CUST_03543,12374.07,UPI,FAILED,LIMIT_EXCEEDED,37,26,12,4,CARD,9,Saturday,0
TXN_024195,CUST_04244,15031.46,WALLET,FAILED,LIMIT_EXCEEDED,27,13,25,4,UPI,9,Sunday,0
TXN_024217,CUST_04396,24625.93,WALLET,FAILED,BANK_TIMEOUT,34,26,4,7,NETBANKING,6,Tuesday,1
TXN_024218,CUST_08570,1755.44,CARD,FAILED,INSUFFICIENT_FUNDS,26,8,22,3,WALLET,16,Thursday,0
TXN_024248,CUST_01185,671.49,NETBANKING,FAILED,BANK_SERVER_DOWN,41,1,12,3,UPI,22,Tuesday,0
TXN_024249,CUST_01942,6869.16,UPI,FAILED,CARD_DECLINED,35,15,23,0,WALLET,10,Saturday,0
TXN_024250,CUST_08441,13256.83,WALLET,FAILED,BANK_SERVER_DOWN,23,29,7,10,NETBANKING,16,Saturday,0
TXN_024254,CUST_07792,8157.41,CARD,FAILED,LIMIT_EXCEEDED,43,28,19,9,WALLET,11,Wednesday,0
TXN_024259,CUST_06656,2881.53,UPI,FAILED,CARD_DECLINED,21,5,3,6,CARD,2,Wednesday,0
TXN_024262,CUST_01975,15268.89,WALLET,FAILED,LIMIT_EXCEEDED,40,9,16,4,CARD,0,Wednesday,0
TXN_024264,CUST_07515,20172.16,CARD,FAILED,LIMIT_EXCEEDED,19,6,16,1,UPI,1,Wednesday,0
TXN_024267,CUST_06452,4979.69,NETBANKING,FAILED,NETWORK_ERROR,20,10,21,4,NETBANKING,17,Friday,1
TXN_024269,CUST_05133,11385.5,NETBANKING,FAILED,BANK_SERVER_DOWN,44,28,2,8,CARD,7,Thursday,0
TXN_024273,CUST_03065,12896.95,WALLET,FAILED,BANK_SERVER_DOWN,18,18,21,6,UPI,8,Saturday,0
TXN_024281,CUST_04845,19995.0,NETBANKING,FAILED,INSUFFICIENT_FUNDS,42,9,10,4,UPI,9,Sunday,0
TXN_024292,CUST_01832,6385.88,CARD,FAILED,NETWORK_ERROR,20,27,24,5,CARD,20,Wednesday,1
TXN_024305,CUST_05412,2676.16,NETBANKING,FAILED,OTP_FAILURE,27,22,4,8,UPI,15,Friday,0
TXN_024309,CUST_07057,10638.54,UPI,FAILED,BANK_SERVER_DOWN,22,10,25,7,NETBANKING,14,Monday,0
TXN_024311,CUST_01523,17711.26,CARD,FAILED,BANK_SERVER_DOWN,29,16,9,3,UPI,6,Sunday,0
TXN_024312,CUST_00501,22269.64,WALLET,FAILED,BANK_TIMEOUT,41,16,17,4,CARD,20,Monday,1
TXN_024313,CUST_06773,11434.98,UPI,FAILED,INSUFFICIENT_FUNDS,40,5,7,5,CARD,3,Saturday,0
TXN_024315,CUST_05534,21741.48,UPI,FAILED,NETWORK_ERROR,30,24,6,1,UPI,8,Saturday,0
TXN_024320,CUST_00366,5745.97,WALLET,FAILED,CARD_DECLINED,30,25,16,10,NETBANKING,15,Saturday,0
TXN_024324,CUST_01080,2432.23,WALLET,FAILED,NETWORK_ERROR,39,29,5,9,CARD,2,Wednesday,1
TXN_024342,CUST_03021,15492.6,UPI,FAILED,BANK_SERVER_DOWN,27,22,20,0,UPI,0,Saturday,0
TXN_024343,CUST_03264,24752.42,WALLET,FAILED,OTP_FAILURE,45,6,2,5,NETBANKING,3,Friday,0
TXN_024353,CUST_08481,4148.06,WALLET,FAILED,NETWORK_ERROR,22,14,3,1,UPI,22,Sunday,0
TXN_024354,CUST_03345,10198.05,WALLET,FAILED,NETWORK_ERROR,24,18,20,4,CARD,10,Sunday,1
TXN_024367,CUST_04558,10583.82,UPI,FAILED,LIMIT_EXCEEDED,32,24,2,0,CARD,15,Thursday,0
TXN_024372,CUST_05502,5344.87,WALLET,FAILED,OTP_FAILURE,41,16,9,7,NETBANKING,2,Wednesday,0
TXN_024389,CUST_00487,18411.29,CARD,FAILED,CARD_DECLINED,47,15,1,0,WALLET,12,Wednesday,0
TXN_024392,CUST_06287,12091.21,WALLET,FAILED,BANK_SERVER_DOWN,25,26,11,10,CARD,17,Friday,0
TXN_024394,CUST_08144,4517.03,WALLET,FAILED,OTP_FAILURE,44,7,12,3,CARD,10,Monday,0
TXN_024410,CUST_01829,10974.45,NETBANKING,FAILED,LIMIT_EXCEEDED,19,17,24,3,NETBANKING,14,Monday,1
TXN_024420,CUST_08508,16179.57,WALLET,FAILED,NETWORK_ERROR,46,1,12,8,UPI,12,Thursday,0
TXN_024432,CUST_08611,4970.67,NETBANKING,FAILED,OTP_FAILURE,20,29,6,5,UPI,19,Saturday,0
TXN_024440,CUST_06840,16520.48,WALLET,FAILED,NETWORK_ERROR,40,27,25,5,UPI,23,Sunday,0
TXN_024445,CUST_09505,22668.03,WALLET,FAILED,BANK_TIMEOUT,28,28,4,10,UPI,19,Sunday,1
TXN_024448,CUST_09680,21246.84,NETBANKING,FAILED,BANK_SERVER_DOWN,28,7,17,1,CARD,22,Saturday,1
TXN_024453,CUST_00476,22409.39,CARD,FAILED,OTP_FAILURE,24,9,8,2,NETBANKING,11,Wednesday,0
TXN_024457,CUST_04843,22716.04,NETBANKING,FAILED,INSUFFICIENT_FUNDS,28,8,1,5,NETBANKING,2,Monday,1
TXN_024466,CUST_02541,15737.31,UPI,FAILED,NETWORK_ERROR,33,2,19,7,CARD,13,Sunday,0
TXN_024481,CUST_06565,17250.18,WALLET,FAILED,NETWORK_ERROR,35,4,21,4,NETBANKING,13,Friday,1
TXN_024487,CUST_09844,18104.5,UPI,FAILED,BANK_SERVER_DOWN,48,15,11,2,UPI,15,Tuesday,1
TXN_024489,CUST_09923,9117.6,WALLET,FAILED,LIMIT_EXCEEDED,57,20,15,0,WALLET,5,Wednesday,0
TXN_024491,CUST_04907,23314.81,NETBANKING,FAILED,LIMIT_EXCEEDED,45,11,8,10,UPI,2,Wednesday,0
TXN_024493,CUST_05309,13306.96,NETBANKING,FAILED,INSUFFICIENT_FUNDS,21,17,6,0,UPI,8,Thursday,0
TXN_024499,CUST_05231,20962.8,UPI,FAILED,NETWORK_ERROR,49,17,19,6,WALLET,12,Saturday,0
TXN_024501,CUST_07208,193.84,NETBANKING,FAILED,BANK_TIMEOUT,32,15,22,0,WALLET,20,Wednesday,1
TXN_024502,CUST_08744,11790.88,UPI,FAILED,CARD_DECLINED,42,8,11,1,CARD,23,Thursday,1
TXN_024516,CUST_03324,11247.25,NETBANKING,FAILED,LIMIT_EXCEEDED,25,20,23,7,CARD,4,Monday,0
TXN_024524,CUST_00389,13025.79,NETBANKING,FAILED,LIMIT_EXCEEDED,20,18,1,7,CARD,6,Tuesday,0
TXN_024532,CUST_06720,15799.98,NETBANKING,FAILED,BANK_SERVER_DOWN,57,14,2,7,CARD,19,Wednesday,0
TXN_024535,CUST_07617,10344.97,NETBANKING,FAILED,BANK_TIMEOUT,43,15,4,2,NETBANKING,20,Wednesday,0
TXN_024536,CUST_07337,12581.18,CARD,FAILED,LIMIT_EXCEEDED,54,17,20,2,CARD,0,Saturday,1
TXN_024538,CUST_01038,343.16,UPI,FAILED,LIMIT_EXCEEDED,33,19,14,4,WALLET,7,Saturday,1
TXN_024553,CUST_08596,12170.36,UPI,FAILED,BANK_TIMEOUT,35,24,1,2,CARD,13,Wednesday,0
TXN_024559,CUST_04234,24472.31,UPI,FAILED,CARD_DECLINED,37,15,21,2,NETBANKING,18,Friday,0
TXN_024562,CUST_06385,8735.92,WALLET,FAILED,INSUFFICIENT_FUNDS,48,25,22,8,UPI,11,Friday,1
TXN_024568,CUST_04837,11131.54,UPI,FAILED,OTP_FAILURE,53,20,20,3,WALLET,16,Tuesday,0
TXN_024575,CUST_00760,3245.75,NETBANKING,FAILED,NETWORK_ERROR,24,9,2,8,NETBANKING,14,Sunday,1
TXN_024587,CUST_05575,2973.45,WALLET,FAILED,BANK_SERVER_DOWN,46,5,13,9,UPI,0,Thursday,0
TXN_024589,CUST_08732,14727.1,CARD,FAILED,OTP_FAILURE,50,7,17,2,WALLET,20,Monday,0
TXN_024597,CUST_05920,10714.53,CARD,FAILED,CARD_DECLINED,27,30,9,0,UPI,17,Friday,0
TXN_024611,CUST_09795,330.24,UPI,FAILED,BANK_SERVER_DOWN,51,14,6,8,WALLET,15,Friday,0
TXN_024612,CUST_09029,20182.5,NETBANKING,FAILED,BANK_SERVER_DOWN,50,30,19,5,CARD,21,Friday,0
TXN_024614,CUST_08106,23408.01,WALLET,FAILED,NETWORK_ERROR,39,7,1,8,CARD,14,Friday,0
TXN_024617,CUST_02512,5469.64,WALLET,FAILED,INSUFFICIENT_FUNDS,55,23,5,10,NETBANKING,12,Thursday,0
TXN_024623,CUST_08243,24056.74,UPI,FAILED,BANK_TIMEOUT,33,20,22,0,WALLET,12,Wednesday,0
TXN_024631,CUST_03788,11303.51,WALLET,FAILED,INSUFFICIENT_FUNDS,38,25,5,3,CARD,4,Tuesday,0
TXN_024641,CUST_07501,5553.28,CARD,FAILED,BANK_TIMEOUT,21,22,15,3,WALLET,10,Sunday,0
TXN_024647,CUST_05298,6196.24,NETBANKING,FAILED,CARD_DECLINED,54,14,15,9,WALLET,15,Monday,1
TXN_024649,CUST_07313,6241.77,NETBANKING,FAILED,LIMIT_EXCEEDED,28,19,2,2,WALLET,2,Friday,0
TXN_024659,CUST_08498,12049.46,NETBANKING,FAILED,BANK_TIMEOUT,47,13,9,4,UPI,17,Thursday,0
TXN_024663,CUST_03645,6697.71,UPI,FAILED,NETWORK_ERROR,44,16,11,2,WALLET,9,Saturday,1
TXN_024668,CUST_08762,14524.16,WALLET,FAILED,BANK_SERVER_DOWN,46,30,20,6,UPI,6,Monday,0
TXN_024671,CUST_08587,18924.3,UPI,FAILED,LIMIT_EXCEEDED,20,30,19,10,NETBANKING,0,Friday,0
TXN_024686,CUST_03070,23107.71,CARD,FAILED,OTP_FAILURE,32,25,15,8,UPI,14,Saturday,0
TXN_024688,CUST_05135,24358.95,UPI,FAILED,INSUFFICIENT_FUNDS,22,6,17,10,NETBANKING,19,Tuesday,0
TXN_024695,CUST_00664,17811.42,WALLET,FAILED,LIMIT_EXCEEDED,40,12,11,0,NETBANKING,18,Saturday,0
TXN_024701,CUST_01887,6891.86,WALLET,FAILED,NETWORK_ERROR,21,9,13,3,UPI,23,Monday,0
TXN_024703,CUST_01735,16793.39,WALLET,FAILED,NETWORK_ERROR,18,21,20,1,CARD,2,Saturday,1
TXN_024708,CUST_02395,12902.54,NETBANKING,FAILED,INSUFFICIENT_FUNDS,43,27,16,7,WALLET,7,Tuesday,1
TXN_024712,CUST_02887,639.27,CARD,FAILED,INSUFFICIENT_FUNDS,27,30,19,1,UPI,18,Saturday,1
TXN_024716,CUST_09481,10205.56,UPI,FAILED,OTP_FAILURE,18,30,9,2,UPI,16,Saturday,0
TXN_024718,CUST_07609,14995.08,CARD,FAILED,BANK_SERVER_DOWN,36,17,1,7,NETBANKING,8,Sunday,0
TXN_024720,CUST_04017,24394.16,UPI,FAILED,NETWORK_ERROR,31,25,7,7,NETBANKING,2,Sunday,1
TXN_024723,CUST_09246,19284.99,CARD,FAILED,INSUFFICIENT_FUNDS,41,24,2,2,UPI,20,Saturday,0
TXN_024732,CUST_04196,4914.88,WALLET,FAILED,OTP_FAILURE,26,5,7,1,UPI,19,Sunday,0
TXN_024734,CUST_04792,11090.64,CARD,FAILED,NETWORK_ERROR,27,8,8,0,WALLET,17,Friday,0
TXN_024747,CUST_00260,16616.13,UPI,FAILED,BANK_SERVER_DOWN,48,29,17,6,WALLET,2,Saturday,0
TXN_024750,CUST_03560,1144.27,CARD,FAILED,CARD_DECLINED,54,4,4,0,WALLET,22,Monday,0
TXN_024753,CUST_09904,21362.63,CARD,FAILED,LIMIT_EXCEEDED,40,19,3,10,UPI,9,Tuesday,0
TXN_024755,CUST_03700,5050.73,NETBANKING,FAILED,BANK_TIMEOUT,51,13,13,3,CARD,5,Saturday,1
TXN_024765,CUST_05163,15832.03,WALLET,FAILED,BANK_SERVER_DOWN,55,7,19,2,CARD,8,Friday,1
TXN_024778,CUST_02358,11814.6,NETBANKING,FAILED,OTP_FAILURE,43,13,22,8,WALLET,13,Monday,0
TXN_024780,CUST_04703,2867.88,CARD,FAILED,BANK_SERVER_DOWN,56,13,12,9,UPI,18,Wednesday,0
TXN_024784,CUST_05964,19254.06,WALLET,FAILED,BANK_SERVER_DOWN,44,9,12,7,NETBANKING,15,Wednesday,0
TXN_024785,CUST_04430,22741.6,UPI,FAILED,OTP_FAILURE,58,27,15,9,CARD,16,Wednesday,0
TXN_024801,CUST_01296,124.45,CARD,FAILED,BANK_TIMEOUT,46,4,25,10,UPI,10,Thursday,1
TXN_024802,CUST_06814,15901.46,WALLET,FAILED,NETWORK_ERROR,28,27,17,2,NETBANKING,7,Saturday,1
TXN_024804,CUST_02579,11635.26,CARD,FAILED,LIMIT_EXCEEDED,39,17,23,2,CARD,10,Sunday,1
TXN_024814,CUST_06121,9953.77,NETBANKING,FAILED,BANK_TIMEOUT,40,25,18,6,UPI,0,Friday,1
TXN_024832,CUST_03997,1728.89,WALLET,FAILED,OTP_FAILURE,26,3,4,6,UPI,19,Monday,1
TXN_024840,CUST_09884,18930.22,CARD,FAILED,INSUFFICIENT_FUNDS,54,7,4,4,UPI,22,Wednesday,0
TXN_024841,CUST_03975,16927.02,WALLET,FAILED,BANK_SERVER_DOWN,50,24,17,2,CARD,21,Wednesday,0
TXN_024850,CUST_04985,5426.29,CARD,FAILED,INSUFFICIENT_FUNDS,29,23,20,2,UPI,11,Wednesday,0
TXN_024866,CUST_01478,11099.1,WALLET,FAILED,OTP_FAILURE,21,21,5,8,CARD,2,Wednesday,0
TXN_024871,CUST_02643,13995.48,UPI,FAILED,BANK_SERVER_DOWN,31,30,13,3,CARD,12,Wednesday,0
TXN_024872,CUST_06016,23325.36,NETBANKING,FAILED,CARD_DECLINED,36,7,11,4,WALLET,0,Sunday,0
TXN_024877,CUST_00075,743.26,WALLET,FAILED,BANK_TIMEOUT,35,1,3,3,NETBANKING,19,Sunday,0
TXN_024879,CUST_09715,13061.21,NETBANKING,FAILED,BANK_TIMEOUT,27,17,24,10,CARD,20,Monday,1
TXN_024883,CUST_08121,15091.32,UPI,FAILED,LIMIT_EXCEEDED,26,30,17,3,CARD,17,Monday,0
TXN_024903,CUST_01628,17648.89,NETBANKING,FAILED,BANK_TIMEOUT,32,30,12,10,UPI,6,Sunday,1
TXN_024910,CUST_07207,24688.0,UPI,FAILED,LIMIT_EXCEEDED,34,28,13,1,WALLET,4,Monday,1
TXN_024925,CUST_02459,1864.56,CARD,FAILED,CARD_DECLINED,28,26,3,1,CARD,1,Sunday,0
TXN_024927,CUST_07566,13318.31,WALLET,FAILED,BANK_TIMEOUT,42,15,13,10,WALLET,6,Monday,1
TXN_024932,CUST_07325,13005.28,UPI,FAILED,BANK_TIMEOUT,22,13,8,5,WALLET,20,Monday,0
TXN_024935,CUST_09944,10352.76,WALLET,FAILED,OTP_FAILURE,53,25,21,2,WALLET,19,Monday,1
TXN_024938,CUST_05133,2570.45,NETBANKING,FAILED,BANK_SERVER_DOWN,44,28,2,8,CARD,6,Monday,0
TXN_024941,CUST_09638,24398.71,CARD,FAILED,BANK_TIMEOUT,19,15,14,7,NETBANKING,4,Wednesday,0
TXN_024958,CUST_05163,11736.15,UPI,FAILED,CARD_DECLINED,55,7,19,2,CARD,21,Saturday,1
TXN_024963,CUST_09818,4084.03,CARD,FAILED,NETWORK_ERROR,52,5,18,8,UPI,15,Friday,1
TXN_024971,CUST_05074,2359.23,NETBANKING,FAILED,CARD_DECLINED,50,11,17,4,UPI,2,Thursday,0
TXN_024978,CUST_01847,24396.16,WALLET,FAILED,CARD_DECLINED,60,26,25,5,NETBANKING,18,Friday,0
TXN_024979,CUST_03654,4259.74,NETBANKING,FAILED,LIMIT_EXCEEDED,46,30,2,10,NETBANKING,22,Friday,0
TXN_024986,CUST_07602,24324.88,NETBANKING,FAILED,OTP_FAILURE,34,5,20,7,CARD,11,Tuesday,1
TXN_025002,CUST_02845,10981.37,UPI,FAILED,BANK_SERVER_DOWN,42,11,25,7,CARD,21,Wednesday,0
TXN_025006,CUST_05013,20066.24,UPI,FAILED,BANK_TIMEOUT,45,13,9,7,UPI,16,Friday,1
TXN_025007,CUST_08274,720.11,UPI,FAILED,BANK_TIMEOUT,35,7,13,8,UPI,9,Friday,1
TXN_025013,CUST_06498,4618.16,WALLET,FAILED,BANK_TIMEOUT,34,14,25,2,NETBANKING,11,Wednesday,1
TXN_025016,CUST_08635,5106.22,WALLET,FAILED,BANK_SERVER_DOWN,41,4,3,5,CARD,16,Tuesday,0
TXN_025043,CUST_07057,13298.12,UPI,FAILED,BANK_SERVER_DOWN,22,10,25,7,NETBANKING,20,Thursday,0
TXN_025046,CUST_05760,15842.92,UPI,FAILED,LIMIT_EXCEEDED,22,2,12,10,CARD,9,Sunday,0
TXN_025058,CUST_06735,2624.6,UPI,FAILED,BANK_SERVER_DOWN,34,28,10,0,NETBANKING,15,Sunday,0
TXN_025059,CUST_02642,10762.01,UPI,FAILED,OTP_FAILURE,21,6,16,9,NETBANKING,13,Thursday,0
TXN_025062,CUST_03985,17235.91,WALLET,FAILED,BANK_TIMEOUT,48,13,6,1,CARD,21,Wednesday,1
TXN_025065,CUST_00630,6264.56,CARD,FAILED,BANK_TIMEOUT,35,29,2,5,NETBANKING,4,Thursday,1
TXN_025069,CUST_02588,15006.49,CARD,FAILED,LIMIT_EXCEEDED,27,3,2,0,CARD,16,Tuesday,0
TXN_025085,CUST_02506,5913.04,CARD,FAILED,OTP_FAILURE,37,26,13,5,WALLET,6,Thursday,0
TXN_025087,CUST_05803,13320.19,UPI,FAILED,INSUFFICIENT_FUNDS,52,28,10,6,CARD,7,Wednesday,0
TXN_025091,CUST_01622,23785.74,UPI,FAILED,BANK_SERVER_DOWN,18,28,21,8,WALLET,23,Wednesday,0
TXN_025092,CUST_09751,12056.15,UPI,FAILED,INSUFFICIENT_FUNDS,28,22,18,5,NETBANKING,18,Monday,0
TXN_025095,CUST_03099,8598.56,NETBANKING,FAILED,NETWORK_ERROR,33,11,6,5,CARD,12,Wednesday,1
TXN_025104,CUST_01571,14858.12,UPI,FAILED,OTP_FAILURE,40,13,4,9,CARD,12,Sunday,0
TXN_025110,CUST_01876,2620.69,CARD,FAILED,LIMIT_EXCEEDED,24,21,22,6,NETBANKING,23,Saturday,0
TXN_025116,CUST_03155,5208.78,UPI,FAILED,CARD_DECLINED,19,17,9,0,CARD,11,Wednesday,0
TXN_025119,CUST_05049,19413.58,NETBANKING,FAILED,OTP_FAILURE,23,10,11,3,UPI,13,Friday,0
TXN_025128,CUST_09358,18756.99,NETBANKING,FAILED,INSUFFICIENT_FUNDS,21,7,22,10,WALLET,14,Friday,0
TXN_025133,CUST_01875,3841.11,NETBANKING,FAILED,INSUFFICIENT_FUNDS,57,27,22,2,CARD,10,Friday,0
TXN_025140,CUST_04744,10643.01,NETBANKING,FAILED,NETWORK_ERROR,59,16,19,2,CARD,14,Sunday,1
TXN_025145,CUST_00991,9276.59,CARD,FAILED,NETWORK_ERROR,41,30,17,2,UPI,7,Friday,1
TXN_025146,CUST_05884,11775.67,NETBANKING,FAILED,NETWORK_ERROR,33,14,11,0,UPI,12,Wednesday,0
TXN_025148,CUST_01358,20007.86,CARD,FAILED,INSUFFICIENT_FUNDS,25,3,18,0,NETBANKING,13,Sunday,0
TXN_025157,CUST_00784,2942.59,NETBANKING,FAILED,CARD_DECLINED,54,15,17,9,CARD,8,Tuesday,1
TXN_025159,CUST_04223,24906.34,CARD,FAILED,NETWORK_ERROR,57,10,9,5,UPI,6,Monday,0
TXN_025163,CUST_04507,18995.4,CARD,FAILED,LIMIT_EXCEEDED,25,24,9,8,CARD,6,Monday,0
TXN_025182,CUST_06380,3942.38,WALLET,FAILED,CARD_DECLINED,58,22,10,8,NETBANKING,18,Monday,1
TXN_025190,CUST_02637,23805.49,UPI,FAILED,BANK_SERVER_DOWN,32,14,6,9,CARD,3,Monday,0
TXN_025204,CUST_06627,11906.08,CARD,FAILED,BANK_TIMEOUT,42,4,20,9,WALLET,6,Tuesday,0
TXN_025210,CUST_06452,24270.73,UPI,FAILED,LIMIT_EXCEEDED,20,10,21,4,NETBANKING,10,Thursday,0
TXN_025212,CUST_09963,2577.65,CARD,FAILED,INSUFFICIENT_FUNDS,33,18,16,9,CARD,15,Monday,0
TXN_025222,CUST_02356,5910.8,NETBANKING,FAILED,NETWORK_ERROR,20,19,14,8,CARD,21,Saturday,1
TXN_025226,CUST_05336,20996.21,CARD,FAILED,CARD_DECLINED,33,28,22,3,NETBANKING,8,Wednesday,0
TXN_025247,CUST_09855,21088.93,WALLET,FAILED,CARD_DECLINED,58,12,20,3,CARD,3,Friday,0
TXN_025250,CUST_08562,9887.67,CARD,FAILED,NETWORK_ERROR,43,29,18,8,CARD,4,Wednesday,1
TXN_025265,CUST_07779,2765.14,UPI,FAILED,CARD_DECLINED,32,6,13,10,CARD,20,Wednesday,0
TXN_025266,CUST_09685,5243.36,WALLET,FAILED,BANK_TIMEOUT,57,30,5,8,NETBANKING,16,Thursday,0
TXN_025273,CUST_09037,24582.89,CARD,FAILED,CARD_DECLINED,31,4,20,3,WALLET,12,Wednesday,0
TXN_025278,CUST_06278,19787.95,NETBANKING,FAILED,LIMIT_EXCEEDED,45,24,5,2,UPI,16,Tuesday,0
TXN_025283,CUST_02402,1102.95,CARD,FAILED,INSUFFICIENT_FUNDS,18,30,12,1,NETBANKING,6,Saturday,1
TXN_025285,CUST_06177,11297.39,WALLET,FAILED,CARD_DECLINED,46,4,6,9,CARD,3,Wednesday,0
TXN_025299,CUST_06137,5427.27,CARD,FAILED,OTP_FAILURE,40,22,6,6,UPI,23,Wednesday,0
TXN_025301,CUST_02980,14111.97,NETBANKING,FAILED,BANK_SERVER_DOWN,31,20,16,2,UPI,13,Sunday,0
TXN_025304,CUST_00911,7750.59,UPI,FAILED,CARD_DECLINED,46,9,6,10,CARD,18,Sunday,0
TXN_025310,CUST_05470,11262.24,CARD,FAILED,INSUFFICIENT_FUNDS,42,24,7,0,NETBANKING,15,Tuesday,0
TXN_025314,CUST_03438,5605.97,WALLET,FAILED,NETWORK_ERROR,55,5,6,8,WALLET,22,Monday,0
TXN_025319,CUST_07683,16549.73,UPI,FAILED,BANK_SERVER_DOWN,46,26,19,1,WALLET,5,Wednesday,1
TXN_025336,CUST_03935,22871.15,NETBANKING,FAILED,BANK_TIMEOUT,23,29,3,1,UPI,11,Tuesday,0
TXN_025345,CUST_01831,17432.22,CARD,FAILED,NETWORK_ERROR,32,11,11,3,CARD,19,Friday,0
TXN_025358,CUST_00610,7537.9,WALLET,FAILED,LIMIT_EXCEEDED,20,9,25,0,WALLET,5,Thursday,1
TXN_025372,CUST_09690,22344.72,WALLET,FAILED,CARD_DECLINED,28,3,2,5,UPI,17,Tuesday,0
TXN_025373,CUST_02381,3735.02,NETBANKING,FAILED,BANK_TIMEOUT,59,15,6,10,WALLET,0,Saturday,1
TXN_025381,CUST_03058,3327.56,NETBANKING,FAILED,OTP_FAILURE,34,18,22,1,WALLET,21,Sunday,0
TXN_025393,CUST_01018,24961.22,WALLET,FAILED,BANK_SERVER_DOWN,41,28,3,5,UPI,0,Thursday,0
TXN_025397,CUST_03323,23937.78,UPI,FAILED,INSUFFICIENT_FUNDS,41,3,2,9,NETBANKING,18,Wednesday,0
TXN_025413,CUST_01177,12613.16,CARD,FAILED,BANK_SERVER_DOWN,43,7,6,5,CARD,6,Friday,0
TXN_025423,CUST_06221,10853.12,CARD,FAILED,LIMIT_EXCEEDED,46,30,15,1,WALLET,8,Saturday,0
TXN_025426,CUST_02354,8011.5,WALLET,FAILED,NETWORK_ERROR,42,5,18,7,CARD,19,Monday,1
TXN_025442,CUST_03204,20704.0,UPI,FAILED,OTP_FAILURE,18,25,24,2,NETBANKING,4,Saturday,0
TXN_025443,CUST_02332,163.48,CARD,FAILED,LIMIT_EXCEEDED,25,24,22,9,WALLET,8,Friday,1
TXN_025446,CUST_07917,933.99,NETBANKING,FAILED,BANK_TIMEOUT,20,13,6,10,NETBANKING,3,Friday,1
TXN_025448,CUST_04322,23288.88,CARD,FAILED,OTP_FAILURE,34,6,2,2,UPI,23,Tuesday,0
TXN_025452,CUST_07693,11327.49,WALLET,FAILED,INSUFFICIENT_FUNDS,34,4,16,9,UPI,13,Saturday,0
TXN_025464,CUST_00364,10130.5,NETBANKING,FAILED,LIMIT_EXCEEDED,29,15,8,6,UPI,18,Thursday,0
TXN_025469,CUST_01277,12388.77,WALLET,FAILED,BANK_TIMEOUT,48,15,7,10,CARD,19,Monday,1
TXN_025472,CUST_07638,18443.68,CARD,FAILED,OTP_FAILURE,58,19,16,0,NETBANKING,2,Friday,1
TXN_025475,CUST_01373,18125.04,NETBANKING,FAILED,INSUFFICIENT_FUNDS,49,10,25,2,CARD,9,Saturday,0
TXN_025481,CUST_06848,13681.73,WALLET,FAILED,BANK_SERVER_DOWN,35,9,15,9,UPI,20,Friday,0
TXN_025489,CUST_07145,23555.79,WALLET,FAILED,LIMIT_EXCEEDED,38,2,20,2,UPI,1,Tuesday,0
TXN_025490,CUST_06819,1606.42,CARD,FAILED,LIMIT_EXCEEDED,53,3,14,10,UPI,9,Saturday,1
TXN_025494,CUST_06664,14280.6,UPI,FAILED,OTP_FAILURE,58,19,15,10,CARD,3,Sunday,0
TXN_025521,CUST_05494,3447.04,CARD,FAILED,BANK_TIMEOUT,23,21,7,8,NETBANKING,6,Saturday,1
TXN_025523,CUST_01149,17339.21,WALLET,FAILED,LIMIT_EXCEEDED,51,27,13,4,WALLET,21,Tuesday,1
TXN_025524,CUST_05358,10188.43,NETBANKING,FAILED,BANK_TIMEOUT,41,19,15,0,CARD,5,Thursday,1
TXN_025526,CUST_03122,13385.28,UPI,FAILED,CARD_DECLINED,35,1,11,6,UPI,11,Monday,0
TXN_025530,CUST_05015,21054.31,NETBANKING,FAILED,LIMIT_EXCEEDED,24,14,6,7,WALLET,3,Monday,0
TXN_025535,CUST_08517,17221.36,WALLET,FAILED,BANK_SERVER_DOWN,47,11,22,10,UPI,19,Monday,0
TXN_025537,CUST_07638,17351.91,CARD,FAILED,LIMIT_EXCEEDED,58,19,16,0,NETBANKING,23,Wednesday,1
TXN_025540,CUST_01966,17032.04,NETBANKING,FAILED,LIMIT_EXCEEDED,29,29,2,2,UPI,21,Tuesday,0
TXN_025544,CUST_01454,4123.03,CARD,FAILED,BANK_SERVER_DOWN,39,17,15,5,CARD,12,Monday,0
TXN_025545,CUST_00011,16546.59,UPI,FAILED,BANK_SERVER_DOWN,33,30,22,7,WALLET,21,Wednesday,0
TXN_025557,CUST_05214,14653.54,WALLET,FAILED,BANK_SERVER_DOWN,51,2,8,6,WALLET,14,Saturday,1
TXN_025558,CUST_08266,11882.24,WALLET,FAILED,INSUFFICIENT_FUNDS,58,10,19,10,CARD,21,Tuesday,0
TXN_025563,CUST_03032,14082.16,WALLET,FAILED,CARD_DECLINED,35,19,6,7,CARD,11,Monday,0
TXN_025568,CUST_04997,24013.43,NETBANKING,FAILED,OTP_FAILURE,47,19,19,6,CARD,21,Thursday,1
TXN_025577,CUST_07409,8277.66,CARD,FAILED,INSUFFICIENT_FUNDS,23,18,2,9,NETBANKING,1,Wednesday,0
TXN_025580,CUST_09074,5526.67,NETBANKING,FAILED,INSUFFICIENT_FUNDS,44,18,4,3,CARD,22,Sunday,0
TXN_025595,CUST_08108,4113.57,NETBANKING,FAILED,NETWORK_ERROR,23,15,21,1,CARD,3,Wednesday,1
TXN_025603,CUST_06649,17327.99,CARD,FAILED,BANK_SERVER_DOWN,30,4,20,0,WALLET,19,Tuesday,0
TXN_025605,CUST_00420,22677.4,NETBANKING,FAILED,NETWORK_ERROR,32,3,19,1,CARD,12,Wednesday,0
TXN_025618,CUST_00208,2172.32,CARD,FAILED,CARD_DECLINED,45,9,2,1,UPI,18,Tuesday,1
TXN_025625,CUST_00995,11991.37,CARD,FAILED,NETWORK_ERROR,57,6,12,4,NETBANKING,17,Friday,1
TXN_025632,CUST_06667,5166.62,CARD,FAILED,BANK_TIMEOUT,47,25,19,3,UPI,13,Tuesday,1
TXN_025633,CUST_04891,21384.05,WALLET,FAILED,OTP_FAILURE,36,1,11,8,WALLET,0,Saturday,1
TXN_025642,CUST_04333,12776.08,CARD,FAILED,INSUFFICIENT_FUNDS,21,21,14,2,NETBANKING,11,Friday,0
TXN_025645,CUST_02862,24596.57,CARD,FAILED,BANK_TIMEOUT,18,25,2,10,UPI,21,Sunday,0
TXN_025646,CUST_01990,24379.08,NETBANKING,FAILED,NETWORK_ERROR,19,7,20,10,CARD,12,Wednesday,0
TXN_025652,CUST_07489,7276.56,NETBANKING,FAILED,NETWORK_ERROR,26,16,25,2,NETBANKING,1,Friday,0
TXN_025667,CUST_09428,8550.44,UPI,FAILED,INSUFFICIENT_FUNDS,51,11,11,6,WALLET,19,Sunday,0
TXN_025669,CUST_09525,10579.47,NETBANKING,FAILED,BANK_SERVER_DOWN,58,17,13,0,WALLET,21,Saturday,0
TXN_025670,CUST_00099,11457.98,UPI,FAILED,NETWORK_ERROR,27,4,17,3,CARD,2,Friday,1
TXN_025680,CUST_07658,6300.56,NETBANKING,FAILED,BANK_SERVER_DOWN,35,16,17,8,CARD,2,Saturday,0
TXN_025681,CUST_09821,3575.44,UPI,FAILED,INSUFFICIENT_FUNDS,41,2,15,0,WALLET,14,Monday,0
TXN_025684,CUST_03326,3796.26,NETBANKING,FAILED,INSUFFICIENT_FUNDS,51,23,18,9,WALLET,2,Wednesday,0
TXN_025688,CUST_04712,4811.07,UPI,FAILED,OTP_FAILURE,25,25,7,6,WALLET,8,Sunday,0
TXN_025690,CUST_02670,1368.51,CARD,FAILED,BANK_SERVER_DOWN,36,23,6,10,CARD,15,Friday,0
TXN_025697,CUST_04358,24231.41,NETBANKING,FAILED,NETWORK_ERROR,27,17,20,4,WALLET,5,Friday,0
TXN_025701,CUST_03949,7066.92,CARD,FAILED,BANK_SERVER_DOWN,30,15,3,10,WALLET,19,Monday,0
TXN_025702,CUST_08920,9863.53,UPI,FAILED,BANK_SERVER_DOWN,28,30,1,5,CARD,11,Friday,0
TXN_025712,CUST_08163,14381.28,NETBANKING,FAILED,NETWORK_ERROR,21,15,18,5,UPI,3,Friday,0
TXN_025719,CUST_02332,14335.0,CARD,FAILED,NETWORK_ERROR,25,24,22,9,WALLET,2,Friday,1
TXN_025721,CUST_08801,6892.07,CARD,FAILED,BANK_SERVER_DOWN,49,16,13,9,UPI,10,Tuesday,0
TXN_025724,CUST_03549,20483.79,WALLET,FAILED,LIMIT_EXCEEDED,39,29,1,3,UPI,12,Sunday,0
TXN_025732,CUST_06672,766.46,NETBANKING,FAILED,OTP_FAILURE,47,4,12,0,UPI,16,Monday,0
TXN_025736,CUST_02153,5080.52,NETBANKING,FAILED,INSUFFICIENT_FUNDS,44,10,10,4,NETBANKING,20,Tuesday,0
TXN_025773,CUST_09259,22611.76,CARD,FAILED,OTP_FAILURE,58,9,3,10,NETBANKING,15,Thursday,0
TXN_025777,CUST_04379,1537.49,NETBANKING,FAILED,CARD_DECLINED,23,12,17,10,WALLET,15,Thursday,0
TXN_025784,CUST_08869,20737.94,WALLET,FAILED,CARD_DECLINED,31,28,11,0,NETBANKING,9,Thursday,1
TXN_025786,CUST_04677,14639.01,NETBANKING,FAILED,BANK_TIMEOUT,53,18,24,1,UPI,17,Tuesday,1
TXN_025801,CUST_00226,10550.51,UPI,FAILED,INSUFFICIENT_FUNDS,31,4,1,0,WALLET,20,Monday,0
TXN_025807,CUST_01676,4713.06,WALLET,FAILED,CARD_DECLINED,36,3,7,2,WALLET,6,Monday,0
TXN_025819,CUST_03844,4428.54,WALLET,FAILED,NETWORK_ERROR,50,18,17,2,CARD,4,Friday,1
TXN_025823,CUST_05196,22316.09,CARD,FAILED,NETWORK_ERROR,22,23,18,0,UPI,11,Sunday,0
TXN_025824,CUST_04348,13229.37,WALLET,FAILED,OTP_FAILURE,44,7,22,5,CARD,14,Thursday,1
TXN_025825,CUST_04382,21600.69,CARD,FAILED,BANK_TIMEOUT,60,14,9,2,WALLET,5,Thursday,0
TXN_025828,CUST_08508,11044.06,CARD,FAILED,CARD_DECLINED,46,1,12,8,UPI,8,Sunday,0
TXN_025832,CUST_04537,13571.0,NETBANKING,FAILED,NETWORK_ERROR,22,15,5,5,NETBANKING,16,Wednesday,1
TXN_025833,CUST_08491,12032.21,UPI,FAILED,CARD_DECLINED,45,6,9,0,UPI,3,Saturday,0
TXN_025841,CUST_00051,16055.73,WALLET,FAILED,CARD_DECLINED,24,23,20,7,NETBANKING,17,Sunday,0
TXN_025849,CUST_02807,8735.62,CARD,FAILED,NETWORK_ERROR,60,21,25,4,WALLET,4,Friday,0
TXN_025851,CUST_08971,22546.35,CARD,FAILED,INSUFFICIENT_FUNDS,41,27,7,6,NETBANKING,19,Monday,0
TXN_025855,CUST_02560,9209.13,UPI,FAILED,OTP_FAILURE,44,28,16,4,CARD,18,Sunday,0
TXN_025858,CUST_09595,1406.5,CARD,FAILED,BANK_SERVER_DOWN,30,13,10,9,NETBANKING,3,Thursday,1
TXN_025861,CUST_07594,21181.9,UPI,FAILED,BANK_SERVER_DOWN,55,9,3,1,WALLET,20,Wednesday,0
TXN_025863,CUST_01584,4192.33,CARD,FAILED,CARD_DECLINED,54,24,9,7,WALLET,21,Saturday,0
TXN_025872,CUST_02935,22749.73,UPI,FAILED,BANK_SERVER_DOWN,27,14,5,8,UPI,19,Thursday,0
TXN_025873,CUST_01666,4776.89,UPI,FAILED,NETWORK_ERROR,34,2,22,7,WALLET,20,Tuesday,1
TXN_025874,CUST_05527,12416.1,WALLET,FAILED,NETWORK_ERROR,42,25,7,10,UPI,9,Monday,1
TXN_025887,CUST_09082,991.88,UPI,FAILED,OTP_FAILURE,35,22,16,1,WALLET,8,Monday,1
TXN_025899,CUST_06727,23817.8,NETBANKING,FAILED,INSUFFICIENT_FUNDS,37,15,5,8,NETBANKING,15,Wednesday,0
TXN_025903,CUST_07504,4904.78,UPI,FAILED,CARD_DECLINED,31,27,15,3,UPI,5,Tuesday,0
TXN_025904,CUST_00373,3681.54,CARD,FAILED,NETWORK_ERROR,26,18,25,1,NETBANKING,21,Friday,1
TXN_025905,CUST_01593,8488.82,WALLET,FAILED,NETWORK_ERROR,50,17,15,7,CARD,17,Tuesday,0
TXN_025907,CUST_05284,3063.34,WALLET,FAILED,BANK_TIMEOUT,42,27,11,1,WALLET,11,Sunday,1
TXN_025912,CUST_09929,22423.06,WALLET,FAILED,OTP_FAILURE,18,4,5,2,WALLET,14,Thursday,0
TXN_025915,CUST_06131,11676.47,UPI,FAILED,NETWORK_ERROR,26,21,8,8,NETBANKING,22,Thursday,1
TXN_025916,CUST_08955,22585.1,WALLET,FAILED,INSUFFICIENT_FUNDS,46,3,12,4,CARD,17,Tuesday,0
TXN_025918,CUST_07122,1184.71,UPI,FAILED,BANK_TIMEOUT,21,21,2,5,NETBANKING,21,Friday,1
TXN_025920,CUST_05623,20198.22,WALLET,FAILED,LIMIT_EXCEEDED,23,30,20,0,CARD,10,Friday,0
TXN_025926,CUST_01752,9648.7,NETBANKING,FAILED,INSUFFICIENT_FUNDS,41,3,22,1,CARD,4,Friday,0
TXN_025928,CUST_04473,22684.11,CARD,FAILED,BANK_TIMEOUT,48,8,1,5,NETBANKING,20,Monday,1
TXN_025930,CUST_03374,12029.24,UPI,FAILED,LIMIT_EXCEEDED,23,3,25,3,CARD,21,Wednesday,0
TXN_025931,CUST_01519,10474.79,CARD,FAILED,BANK_TIMEOUT,30,4,18,5,WALLET,23,Monday,0
TXN_025939,CUST_05232,17386.3,CARD,FAILED,CARD_DECLINED,45,13,19,9,NETBANKING,9,Friday,0
TXN_025948,CUST_07626,612.51,WALLET,FAILED,BANK_TIMEOUT,44,29,18,6,NETBANKING,7,Thursday,1
TXN_025950,CUST_05996,23280.11,UPI,FAILED,OTP_FAILURE,48,13,21,9,NETBANKING,8,Sunday,0
TXN_025954,CUST_07500,22584.47,UPI,FAILED,LIMIT_EXCEEDED,18,25,24,8,WALLET,1,Sunday,0
TXN_025958,CUST_09464,1648.05,WALLET,FAILED,INSUFFICIENT_FUNDS,19,9,21,5,NETBANKING,10,Tuesday,0
TXN_025963,CUST_06759,10986.11,UPI,FAILED,NETWORK_ERROR,24,21,1,1,CARD,10,Thursday,0
TXN_025966,CUST_05765,24400.13,WALLET,FAILED,NETWORK_ERROR,50,16,20,5,CARD,16,Sunday,1
TXN_025979,CUST_05757,23148.46,UPI,FAILED,LIMIT_EXCEEDED,21,16,24,2,NETBANKING,0,Sunday,0
TXN_025988,CUST_02153,19436.95,CARD,FAILED,BANK_TIMEOUT,44,10,10,4,NETBANKING,4,Saturday,1
TXN_025992,CUST_06565,15731.52,NETBANKING,FAILED,OTP_FAILURE,35,4,21,4,NETBANKING,9,Monday,0
TXN_026000,CUST_09107,23404.17,UPI,FAILED,BANK_TIMEOUT,30,16,15,2,NETBANKING,23,Sunday,1
TXN_026001,CUST_08994,16416.64,NETBANKING,FAILED,INSUFFICIENT_FUNDS,37,4,20,1,NETBANKING,0,Thursday,0
TXN_026002,CUST_00596,19356.73,CARD,FAILED,OTP_FAILURE,20,20,6,2,NETBANKING,13,Sunday,0
TXN_026011,CUST_06985,9127.54,NETBANKING,FAILED,LIMIT_EXCEEDED,21,29,4,8,WALLET,16,Monday,0
TXN_026013,CUST_06277,8266.5,UPI,FAILED,LIMIT_EXCEEDED,36,25,20,0,CARD,8,Sunday,0
TXN_026016,CUST_04000,23307.8,CARD,FAILED,BANK_TIMEOUT,36,1,10,5,UPI,12,Sunday,1
TXN_026037,CUST_00190,9927.63,NETBANKING,FAILED,NETWORK_ERROR,48,22,12,10,WALLET,0,Friday,1
TXN_026043,CUST_02264,11356.26,NETBANKING,FAILED,CARD_DECLINED,53,13,12,8,CARD,5,Monday,1
TXN_026055,CUST_04999,14342.72,CARD,FAILED,INSUFFICIENT_FUNDS,20,27,15,6,UPI,22,Wednesday,1
TXN_026066,CUST_03942,20111.19,CARD,FAILED,INSUFFICIENT_FUNDS,34,22,18,10,WALLET,0,Wednesday,1
TXN_026068,CUST_05358,12207.04,UPI,FAILED,INSUFFICIENT_FUNDS,41,19,15,0,CARD,9,Thursday,0
TXN_026072,CUST_02285,1061.98,WALLET,FAILED,INSUFFICIENT_FUNDS,20,5,17,9,NETBANKING,1,Wednesday,0
TXN_026073,CUST_09490,5862.8,CARD,FAILED,LIMIT_EXCEEDED,49,5,9,4,NETBANKING,16,Sunday,0
TXN_026075,CUST_08767,17220.09,CARD,FAILED,OTP_FAILURE,46,4,21,3,NETBANKING,10,Friday,1
TXN_026081,CUST_04982,1375.13,UPI,FAILED,OTP_FAILURE,50,18,7,9,CARD,17,Friday,0
TXN_026083,CUST_01068,19969.03,UPI,FAILED,BANK_SERVER_DOWN,34,22,19,4,UPI,6,Sunday,0
TXN_026089,CUST_02687,10361.21,NETBANKING,FAILED,LIMIT_EXCEEDED,60,15,24,1,UPI,21,Friday,0
TXN_026090,CUST_06149,20869.39,UPI,FAILED,INSUFFICIENT_FUNDS,23,18,18,6,NETBANKING,15,Sunday,0
TXN_026098,CUST_03652,11665.85,UPI,FAILED,INSUFFICIENT_FUNDS,41,30,17,6,NETBANKING,21,Friday,0
TXN_026099,CUST_05549,20372.0,UPI,FAILED,OTP_FAILURE,57,12,4,7,CARD,3,Saturday,0
TXN_026100,CUST_03970,22791.56,UPI,FAILED,LIMIT_EXCEEDED,31,2,4,7,CARD,5,Saturday,0
TXN_026114,CUST_05992,23636.95,CARD,FAILED,BANK_TIMEOUT,46,22,8,8,WALLET,4,Sunday,0
TXN_026123,CUST_02000,9921.93,NETBANKING,FAILED,BANK_SERVER_DOWN,19,25,16,4,CARD,1,Sunday,1
TXN_026125,CUST_04624,5634.0,UPI,FAILED,INSUFFICIENT_FUNDS,20,9,2,2,WALLET,19,Sunday,0
TXN_026128,CUST_09454,17639.54,UPI,FAILED,OTP_FAILURE,22,17,14,2,WALLET,1,Thursday,0
TXN_026140,CUST_01127,19672.46,UPI,FAILED,NETWORK_ERROR,46,2,5,7,CARD,1,Sunday,0
TXN_026148,CUST_05163,2345.8,WALLET,FAILED,BANK_TIMEOUT,55,7,19,2,CARD,20,Thursday,0
TXN_026151,CUST_09985,15804.78,NETBANKING,FAILED,BANK_TIMEOUT,22,12,5,5,UPI,10,Thursday,0
TXN_026155,CUST_01608,9204.31,UPI,FAILED,LIMIT_EXCEEDED,38,29,1,6,WALLET,20,Sunday,0
TXN_026162,CUST_02450,12251.37,NETBANKING,FAILED,LIMIT_EXCEEDED,50,25,25,10,NETBANKING,0,Friday,0
TXN_026175,CUST_03220,17320.92,CARD,FAILED,INSUFFICIENT_FUNDS,34,17,24,7,NETBANKING,5,Monday,1
TXN_026190,CUST_03395,8390.52,UPI,FAILED,OTP_FAILURE,30,4,2,6,CARD,16,Wednesday,0
TXN_026205,CUST_00720,9911.52,NETBANKING,FAILED,LIMIT_EXCEEDED,25,3,13,3,UPI,8,Thursday,1
TXN_026211,CUST_09148,13785.56,UPI,FAILED,LIMIT_EXCEEDED,53,12,13,5,CARD,5,Wednesday,0
TXN_026219,CUST_06396,16524.77,NETBANKING,FAILED,OTP_FAILURE,24,8,13,0,WALLET,9,Wednesday,0
TXN_026243,CUST_09797,7806.29,UPI,FAILED,INSUFFICIENT_FUNDS,33,27,6,2,WALLET,16,Saturday,0
TXN_026259,CUST_06736,11653.27,WALLET,FAILED,BANK_TIMEOUT,46,11,6,5,NETBANKING,0,Monday,0
TXN_026264,CUST_07677,23252.15,CARD,FAILED,CARD_DECLINED,39,9,12,6,WALLET,20,Friday,0
TXN_026265,CUST_08019,21508.23,WALLET,FAILED,CARD_DECLINED,52,20,22,2,CARD,21,Thursday,1
TXN_026267,CUST_00489,3415.74,CARD,FAILED,INSUFFICIENT_FUNDS,23,5,1,10,WALLET,11,Tuesday,0
TXN_026269,CUST_00259,2676.09,UPI,FAILED,NETWORK_ERROR,37,13,25,2,WALLET,21,Thursday,0
TXN_026270,CUST_00816,23848.31,CARD,FAILED,BANK_TIMEOUT,32,28,17,2,WALLET,9,Monday,1
TXN_026277,CUST_08220,5255.41,CARD,FAILED,BANK_SERVER_DOWN,59,13,24,6,WALLET,2,Sunday,0
TXN_026278,CUST_05331,4982.18,WALLET,FAILED,BANK_TIMEOUT,43,4,15,8,CARD,4,Saturday,1
TXN_026279,CUST_04428,7554.95,NETBANKING,FAILED,LIMIT_EXCEEDED,54,9,5,7,CARD,7,Sunday,0
TXN_026281,CUST_04126,1272.23,NETBANKING,FAILED,BANK_SERVER_DOWN,46,2,2,4,CARD,7,Tuesday,1
TXN_026290,CUST_08817,22670.65,UPI,FAILED,BANK_SERVER_DOWN,36,26,1,9,NETBANKING,19,Wednesday,0
TXN_026302,CUST_08166,6254.75,UPI,FAILED,BANK_SERVER_DOWN,22,26,19,6,CARD,10,Wednesday,0
TXN_026304,CUST_09190,7106.02,CARD,FAILED,INSUFFICIENT_FUNDS,45,15,20,0,UPI,14,Friday,0
TXN_026314,CUST_03233,2884.31,NETBANKING,FAILED,LIMIT_EXCEEDED,54,19,14,4,UPI,1,Saturday,0
TXN_026320,CUST_01931,16921.28,NETBANKING,FAILED,BANK_TIMEOUT,34,1,2,3,WALLET,18,Sunday,1
TXN_026322,CUST_04702,4852.31,WALLET,FAILED,OTP_FAILURE,37,23,7,2,CARD,11,Sunday,0
TXN_026325,CUST_09111,13986.18,NETBANKING,FAILED,LIMIT_EXCEEDED,57,23,3,7,CARD,7,Friday,0
TXN_026330,CUST_01223,15724.91,NETBANKING,FAILED,NETWORK_ERROR,53,14,20,6,CARD,20,Tuesday,0
TXN_026333,CUST_08390,4283.64,CARD,FAILED,BANK_SERVER_DOWN,40,13,6,5,NETBANKING,14,Saturday,0
TXN_026337,CUST_01257,5445.13,WALLET,FAILED,OTP_FAILURE,47,5,9,8,CARD,22,Monday,0
TXN_026348,CUST_03473,17999.75,WALLET,FAILED,CARD_DECLINED,37,11,9,7,UPI,14,Friday,0
TXN_026356,CUST_09948,5480.86,WALLET,FAILED,LIMIT_EXCEEDED,51,2,5,6,CARD,16,Friday,0
TXN_026361,CUST_04613,15119.5,WALLET,FAILED,BANK_SERVER_DOWN,20,21,24,0,UPI,15,Sunday,0
TXN_026367,CUST_09123,6135.76,WALLET,FAILED,BANK_TIMEOUT,47,30,2,9,UPI,19,Monday,1
TXN_026375,CUST_01581,10941.74,WALLET,FAILED,LIMIT_EXCEEDED,55,4,20,10,WALLET,0,Sunday,0
TXN_026378,CUST_05098,5759.71,NETBANKING,FAILED,INSUFFICIENT_FUNDS,19,11,18,6,UPI,13,Monday,1
TXN_026382,CUST_04861,20464.3,CARD,FAILED,LIMIT_EXCEEDED,18,22,22,2,CARD,5,Friday,0
TXN_026387,CUST_05959,8487.88,CARD,FAILED,CARD_DECLINED,50,29,9,4,NETBANKING,14,Thursday,0
TXN_026390,CUST_02123,24334.59,NETBANKING,FAILED,BANK_TIMEOUT,30,12,14,3,UPI,0,Tuesday,0
TXN_026396,CUST_05170,20070.77,NETBANKING,FAILED,BANK_TIMEOUT,49,2,12,6,CARD,21,Friday,0
TXN_026410,CUST_03790,15032.57,UPI,FAILED,OTP_FAILURE,19,20,3,7,UPI,4,Monday,0
TXN_026412,CUST_06654,13564.36,NETBANKING,FAILED,BANK_SERVER_DOWN,45,19,21,8,CARD,15,Saturday,0
TXN_026413,CUST_03929,9992.52,CARD,FAILED,BANK_TIMEOUT,33,12,6,4,NETBANKING,16,Sunday,0
TXN_026435,CUST_02247,2308.48,NETBANKING,FAILED,NETWORK_ERROR,30,19,16,9,CARD,19,Tuesday,1
TXN_026440,CUST_04332,10101.76,UPI,FAILED,OTP_FAILURE,42,14,3,5,UPI,0,Monday,0
TXN_026442,CUST_08080,1794.63,NETBANKING,FAILED,CARD_DECLINED,33,14,7,2,WALLET,12,Saturday,1
TXN_026443,CUST_07880,18812.28,CARD,FAILED,BANK_TIMEOUT,56,7,15,3,UPI,10,Tuesday,1
TXN_026444,CUST_06350,9909.81,NETBANKING,FAILED,LIMIT_EXCEEDED,39,29,10,7,CARD,4,Thursday,0
TXN_026445,CUST_06378,20372.97,NETBANKING,FAILED,OTP_FAILURE,60,22,6,4,CARD,20,Friday,0
TXN_026448,CUST_00881,12726.36,NETBANKING,FAILED,CARD_DECLINED,42,10,6,4,WALLET,5,Wednesday,0
TXN_026451,CUST_08877,2752.41,WALLET,FAILED,NETWORK_ERROR,21,4,18,8,NETBANKING,16,Monday,1
TXN_026458,CUST_02991,4184.12,WALLET,FAILED,BANK_SERVER_DOWN,42,14,3,9,UPI,4,Saturday,1
TXN_026463,CUST_02917,6218.47,UPI,FAILED,NETWORK_ERROR,49,25,4,4,UPI,22,Saturday,1
TXN_026467,CUST_04244,15743.29,CARD,FAILED,NETWORK_ERROR,27,13,25,4,UPI,13,Friday,0
TXN_026470,CUST_02573,22190.83,WALLET,FAILED,LIMIT_EXCEEDED,37,12,2,2,CARD,17,Tuesday,0
TXN_026474,CUST_09427,9150.78,NETBANKING,FAILED,BANK_SERVER_DOWN,48,22,12,1,NETBANKING,7,Saturday,1
TXN_026492,CUST_07052,7527.22,WALLET,FAILED,BANK_TIMEOUT,51,30,5,9,UPI,17,Wednesday,0
TXN_026500,CUST_02740,6331.02,CARD,FAILED,INSUFFICIENT_FUNDS,34,20,2,2,UPI,9,Tuesday,0
TXN_026508,CUST_01418,12641.82,NETBANKING,FAILED,BANK_SERVER_DOWN,27,8,24,9,CARD,21,Friday,0
TXN_026512,CUST_03265,3716.59,UPI,FAILED,OTP_FAILURE,44,4,25,2,WALLET,13,Monday,0
TXN_026515,CUST_07695,21516.91,CARD,FAILED,NETWORK_ERROR,49,30,19,5,NETBANKING,2,Saturday,1
TXN_026518,CUST_05303,22998.75,UPI,FAILED,BANK_TIMEOUT,30,1,25,1,NETBANKING,23,Saturday,0
TXN_026522,CUST_07157,15985.06,NETBANKING,FAILED,LIMIT_EXCEEDED,54,27,18,6,UPI,6,Saturday,1
TXN_026524,CUST_07083,21798.16,WALLET,FAILED,BANK_SERVER_DOWN,38,9,18,0,UPI,21,Wednesday,1
TXN_026528,CUST_07172,14796.39,NETBANKING,FAILED,BANK_TIMEOUT,29,27,5,1,CARD,1,Sunday,1
TXN_026533,CUST_07481,9479.91,WALLET,FAILED,LIMIT_EXCEEDED,57,17,13,5,NETBANKING,21,Tuesday,0
TXN_026550,CUST_00364,10610.92,CARD,FAILED,OTP_FAILURE,29,15,8,6,UPI,20,Tuesday,0
TXN_026551,CUST_05348,12236.58,CARD,FAILED,NETWORK_ERROR,39,17,25,8,UPI,3,Sunday,1
TXN_026553,CUST_04096,10685.69,UPI,FAILED,INSUFFICIENT_FUNDS,50,25,21,8,WALLET,19,Thursday,0
TXN_026558,CUST_05326,156.07,CARD,FAILED,BANK_TIMEOUT,44,5,1,2,CARD,5,Tuesday,1
TXN_026568,CUST_08917,1043.3,UPI,FAILED,BANK_SERVER_DOWN,31,14,21,6,NETBANKING,13,Saturday,0
TXN_026572,CUST_06782,21954.5,WALLET,FAILED,LIMIT_EXCEEDED,21,13,2,6,CARD,21,Sunday,0
TXN_026576,CUST_05575,13545.74,WALLET,FAILED,LIMIT_EXCEEDED,46,5,13,9,UPI,3,Wednesday,0
TXN_026577,CUST_09847,21239.22,NETBANKING,FAILED,BANK_SERVER_DOWN,40,21,11,1,CARD,16,Tuesday,0
TXN_026578,CUST_07941,10461.33,NETBANKING,FAILED,CARD_DECLINED,22,21,25,8,UPI,21,Sunday,1
TXN_026582,CUST_06973,12275.21,WALLET,FAILED,BANK_TIMEOUT,36,22,17,3,NETBANKING,12,Tuesday,0
TXN_026595,CUST_00588,4962.94,CARD,FAILED,LIMIT_EXCEEDED,19,1,18,8,WALLET,13,Friday,0
TXN_026600,CUST_03872,13410.84,WALLET,FAILED,NETWORK_ERROR,57,9,12,2,NETBANKING,12,Sunday,0
TXN_026619,CUST_07932,4446.45,CARD,FAILED,OTP_FAILURE,58,15,17,7,WALLET,20,Wednesday,1
TXN_026622,CUST_01058,21810.11,NETBANKING,FAILED,OTP_FAILURE,44,28,21,3,UPI,6,Thursday,1
TXN_026626,CUST_08129,17856.77,NETBANKING,FAILED,OTP_FAILURE,34,26,7,7,CARD,12,Sunday,0
TXN_026628,CUST_05992,7349.97,CARD,FAILED,BANK_TIMEOUT,46,22,8,8,WALLET,0,Sunday,0
TXN_026632,CUST_02805,6738.07,NETBANKING,FAILED,NETWORK_ERROR,54,14,8,9,CARD,3,Tuesday,0
TXN_026635,CUST_07308,2731.22,WALLET,FAILED,LIMIT_EXCEEDED,31,8,20,8,CARD,6,Friday,1
TXN_026651,CUST_04123,1229.45,NETBANKING,FAILED,BANK_TIMEOUT,29,2,1,9,CARD,1,Friday,0
TXN_026674,CUST_01588,5023.35,NETBANKING,FAILED,OTP_FAILURE,52,12,16,10,UPI,17,Monday,1
TXN_026676,CUST_04887,15971.09,NETBANKING,FAILED,NETWORK_ERROR,60,21,1,2,WALLET,16,Wednesday,0
TXN_026677,CUST_06296,21434.01,NETBANKING,FAILED,NETWORK_ERROR,49,8,4,8,UPI,15,Friday,0
TXN_026697,CUST_09805,3961.69,NETBANKING,FAILED,OTP_FAILURE,55,20,22,10,UPI,16,Saturday,1
TXN_026701,CUST_06778,6522.31,NETBANKING,FAILED,OTP_FAILURE,18,6,12,7,NETBANKING,15,Wednesday,0
TXN_026716,CUST_09212,3265.36,WALLET,FAILED,INSUFFICIENT_FUNDS,34,6,12,5,NETBANKING,1,Wednesday,0
TXN_026728,CUST_04771,11762.71,NETBANKING,FAILED,CARD_DECLINED,59,7,18,9,CARD,19,Friday,0
TXN_026734,CUST_09505,2133.22,CARD,FAILED,LIMIT_EXCEEDED,28,28,4,10,UPI,15,Tuesday,0
TXN_026739,CUST_08851,2047.36,WALLET,FAILED,OTP_FAILURE,50,4,3,7,NETBANKING,16,Wednesday,0
TXN_026741,CUST_04452,12315.79,CARD,FAILED,LIMIT_EXCEEDED,20,1,24,0,NETBANKING,8,Saturday,0
TXN_026745,CUST_02059,20648.78,WALLET,FAILED,NETWORK_ERROR,44,13,25,10,CARD,16,Saturday,0
TXN_026751,CUST_05872,18107.05,CARD,FAILED,LIMIT_EXCEEDED,29,17,23,9,CARD,10,Saturday,0
TXN_026760,CUST_01691,17196.47,WALLET,FAILED,BANK_SERVER_DOWN,27,12,19,1,CARD,19,Friday,0
TXN_026765,CUST_07600,8020.18,NETBANKING,FAILED,CARD_DECLINED,60,3,24,10,WALLET,2,Sunday,0
TXN_026771,CUST_02728,14922.67,WALLET,FAILED,OTP_FAILURE,33,18,22,7,UPI,8,Wednesday,0
TXN_026775,CUST_01046,16268.95,CARD,FAILED,CARD_DECLINED,20,9,2,10,WALLET,14,Wednesday,0
TXN_026788,CUST_09514,23224.9,NETBANKING,FAILED,BANK_SERVER_DOWN,36,8,9,9,WALLET,12,Thursday,0
TXN_026802,CUST_09635,5385.12,NETBANKING,FAILED,CARD_DECLINED,39,9,23,6,CARD,10,Wednesday,0
TXN_026809,CUST_06373,1239.44,NETBANKING,FAILED,BANK_TIMEOUT,52,19,19,9,CARD,3,Monday,0
TXN_026815,CUST_07051,870.42,NETBANKING,FAILED,NETWORK_ERROR,28,18,7,6,UPI,20,Friday,0
TXN_026818,CUST_03209,18913.42,CARD,FAILED,OTP_FAILURE,24,9,19,6,NETBANKING,5,Wednesday,0
TXN_026826,CUST_02671,14468.84,CARD,FAILED,INSUFFICIENT_FUNDS,39,24,10,2,UPI,11,Wednesday,1
TXN_026828,CUST_06295,23465.79,NETBANKING,FAILED,OTP_FAILURE,21,28,8,7,CARD,22,Sunday,0
TXN_026837,CUST_01987,7117.77,WALLET,FAILED,BANK_SERVER_DOWN,23,14,9,8,UPI,15,Sunday,0
TXN_026844,CUST_00749,18119.17,WALLET,FAILED,BANK_TIMEOUT,35,6,24,1,CARD,10,Tuesday,1
TXN_026849,CUST_04950,13514.49,NETBANKING,FAILED,LIMIT_EXCEEDED,20,4,16,10,CARD,1,Saturday,0
TXN_026853,CUST_01570,24991.48,NETBANKING,FAILED,BANK_SERVER_DOWN,48,30,1,9,UPI,20,Sunday,0
TXN_026855,CUST_07657,16007.51,WALLET,FAILED,BANK_SERVER_DOWN,44,7,12,9,CARD,0,Wednesday,1
TXN_026856,CUST_03266,18732.72,CARD,FAILED,OTP_FAILURE,56,23,19,8,WALLET,11,Wednesday,0
TXN_026860,CUST_07199,12724.08,WALLET,FAILED,BANK_SERVER_DOWN,43,18,9,3,CARD,22,Friday,0
TXN_026864,CUST_02425,13821.06,NETBANKING,FAILED,BANK_TIMEOUT,49,7,5,8,CARD,22,Saturday,0
TXN_026868,CUST_08962,22370.62,UPI,FAILED,OTP_FAILURE,26,18,4,7,CARD,11,Monday,0
TXN_026871,CUST_07018,16423.44,CARD,FAILED,NETWORK_ERROR,22,29,3,7,CARD,15,Tuesday,1
TXN_026879,CUST_03849,12441.7,CARD,FAILED,OTP_FAILURE,50,30,1,7,UPI,20,Monday,0
TXN_026887,CUST_01779,17571.05,WALLET,FAILED,LIMIT_EXCEEDED,21,9,13,9,CARD,11,Wednesday,0
TXN_026889,CUST_00020,1719.94,NETBANKING,FAILED,BANK_TIMEOUT,46,23,22,1,CARD,10,Monday,1
TXN_026893,CUST_04014,934.88,NETBANKING,FAILED,BANK_TIMEOUT,22,5,14,8,CARD,8,Sunday,1
TXN_026894,CUST_04112,9761.45,UPI,FAILED,OTP_FAILURE,28,13,8,8,UPI,7,Sunday,0
TXN_026897,CUST_07540,22364.22,WALLET,FAILED,BANK_SERVER_DOWN,38,2,16,10,UPI,22,Friday,1
TXN_026953,CUST_05567,10034.54,NETBANKING,FAILED,CARD_DECLINED,55,8,22,3,UPI,20,Monday,0
TXN_026954,CUST_08002,10102.65,UPI,FAILED,NETWORK_ERROR,25,10,1,2,WALLET,6,Wednesday,1
TXN_026958,CUST_00489,2043.89,UPI,FAILED,BANK_SERVER_DOWN,23,5,1,10,WALLET,13,Monday,0
TXN_026971,CUST_02590,410.03,UPI,FAILED,BANK_SERVER_DOWN,44,28,11,0,NETBANKING,20,Tuesday,0
TXN_026974,CUST_04553,10769.55,WALLET,FAILED,BANK_SERVER_DOWN,48,22,25,1,CARD,7,Saturday,1
TXN_026981,CUST_08572,6488.55,NETBANKING,FAILED,LIMIT_EXCEEDED,51,30,11,9,NETBANKING,20,Saturday,0
TXN_026983,CUST_01450,6233.38,UPI,FAILED,LIMIT_EXCEEDED,19,14,1,7,UPI,10,Sunday,0
TXN_026988,CUST_00359,12464.0,WALLET,FAILED,CARD_DECLINED,37,19,14,1,CARD,15,Sunday,0
TXN_026996,CUST_06044,2431.32,UPI,FAILED,OTP_FAILURE,45,14,13,0,NETBANKING,15,Tuesday,0
TXN_027001,CUST_08834,802.55,CARD,FAILED,CARD_DECLINED,41,11,21,0,UPI,20,Sunday,1
TXN_027003,CUST_09540,18957.82,NETBANKING,FAILED,BANK_SERVER_DOWN,38,29,11,6,NETBANKING,5,Friday,1
TXN_027005,CUST_07747,20556.87,CARD,FAILED,BANK_SERVER_DOWN,28,27,17,1,WALLET,23,Wednesday,0
TXN_027019,CUST_03586,1290.96,NETBANKING,FAILED,CARD_DECLINED,41,1,2,10,UPI,17,Wednesday,1
TXN_027022,CUST_05339,24625.68,CARD,FAILED,CARD_DECLINED,46,3,8,2,WALLET,9,Sunday,0
TXN_027025,CUST_08954,2127.83,WALLET,FAILED,BANK_SERVER_DOWN,40,8,17,8,UPI,17,Monday,0
TXN_027026,CUST_03300,18525.06,CARD,FAILED,NETWORK_ERROR,48,2,25,5,NETBANKING,18,Thursday,1
TXN_027032,CUST_03817,9980.82,UPI,FAILED,INSUFFICIENT_FUNDS,43,17,25,8,UPI,16,Friday,0
TXN_027037,CUST_04013,10828.13,CARD,FAILED,BANK_TIMEOUT,26,11,10,5,WALLET,18,Saturday,1
TXN_027039,CUST_00294,12509.52,UPI,FAILED,OTP_FAILURE,49,30,5,4,NETBANKING,21,Tuesday,0
TXN_027042,CUST_09041,10276.86,UPI,FAILED,NETWORK_ERROR,26,3,19,1,NETBANKING,22,Saturday,1
TXN_027043,CUST_06285,16911.97,WALLET,FAILED,CARD_DECLINED,18,12,20,4,NETBANKING,0,Monday,0
TXN_027049,CUST_07479,4580.4,NETBANKING,FAILED,INSUFFICIENT_FUNDS,54,19,1,6,NETBANKING,14,Monday,0
TXN_027052,CUST_06865,12524.72,WALLET,FAILED,CARD_DECLINED,25,21,9,1,CARD,20,Friday,0
TXN_027054,CUST_04624,3364.96,NETBANKING,FAILED,LIMIT_EXCEEDED,20,9,2,2,WALLET,15,Friday,0
TXN_027056,CUST_05966,13500.24,CARD,FAILED,CARD_DECLINED,41,11,14,10,CARD,2,Sunday,0
TXN_027064,CUST_02742,9226.47,CARD,FAILED,OTP_FAILURE,51,8,10,6,NETBANKING,15,Sunday,0
TXN_027067,CUST_03942,18618.39,UPI,FAILED,CARD_DECLINED,34,22,18,10,WALLET,0,Friday,0
TXN_027074,CUST_05066,8088.67,NETBANKING,FAILED,OTP_FAILURE,27,3,23,0,WALLET,0,Friday,0
TXN_027079,CUST_00672,10257.78,NETBANKING,FAILED,CARD_DECLINED,28,1,5,8,CARD,19,Friday,0
TXN_027087,CUST_07232,23060.64,UPI,FAILED,BANK_TIMEOUT,52,18,5,10,UPI,10,Thursday,0
TXN_027090,CUST_04575,5621.63,CARD,FAILED,BANK_SERVER_DOWN,20,6,14,4,CARD,13,Friday,0
TXN_027096,CUST_09931,13164.62,NETBANKING,FAILED,BANK_SERVER_DOWN,38,11,12,0,UPI,18,Tuesday,1
TXN_027099,CUST_06445,13846.66,NETBANKING,FAILED,NETWORK_ERROR,43,14,11,7,CARD,22,Tuesday,1
TXN_027102,CUST_09070,3411.58,NETBANKING,FAILED,BANK_TIMEOUT,53,10,13,4,UPI,21,Wednesday,0
TXN_027111,CUST_04386,7237.84,CARD,FAILED,INSUFFICIENT_FUNDS,31,16,13,6,NETBANKING,2,Friday,1
TXN_027117,CUST_02889,5701.04,UPI,FAILED,CARD_DECLINED,30,25,25,3,CARD,19,Wednesday,0
TXN_027120,CUST_05690,23448.67,UPI,FAILED,INSUFFICIENT_FUNDS,37,28,4,2,CARD,1,Saturday,0
TXN_027135,CUST_07349,12137.04,CARD,FAILED,OTP_FAILURE,44,25,6,2,WALLET,18,Thursday,0
TXN_027137,CUST_09177,2038.66,UPI,FAILED,OTP_FAILURE,36,7,2,10,CARD,9,Tuesday,0
TXN_027140,CUST_01614,14679.38,UPI,FAILED,INSUFFICIENT_FUNDS,36,23,25,4,WALLET,16,Monday,0
TXN_027143,CUST_09439,9514.07,WALLET,FAILED,OTP_FAILURE,57,25,21,7,CARD,16,Sunday,0
TXN_027147,CUST_07294,21777.62,UPI,FAILED,BANK_TIMEOUT,24,2,6,2,CARD,7,Wednesday,1
TXN_027149,CUST_02448,10451.18,UPI,FAILED,LIMIT_EXCEEDED,50,11,18,4,CARD,3,Friday,1
TXN_027155,CUST_05354,2746.98,NETBANKING,FAILED,BANK_TIMEOUT,48,26,20,4,WALLET,19,Thursday,1
TXN_027156,CUST_09160,20152.42,CARD,FAILED,OTP_FAILURE,52,3,7,6,UPI,8,Saturday,0
TXN_027164,CUST_08728,15468.42,WALLET,FAILED,BANK_TIMEOUT,25,13,12,0,NETBANKING,3,Monday,1
TXN_027167,CUST_06553,6649.64,UPI,FAILED,BANK_SERVER_DOWN,32,2,15,10,WALLET,16,Thursday,0
TXN_027172,CUST_05834,12242.13,UPI,FAILED,BANK_SERVER_DOWN,37,28,22,1,NETBANKING,16,Thursday,0
TXN_027180,CUST_01724,16996.3,CARD,FAILED,LIMIT_EXCEEDED,29,6,24,9,WALLET,8,Friday,1
TXN_027181,CUST_05513,10080.56,NETBANKING,FAILED,INSUFFICIENT_FUNDS,32,24,12,0,CARD,6,Friday,1
TXN_027186,CUST_08278,5362.08,CARD,FAILED,OTP_FAILURE,18,2,20,7,UPI,12,Saturday,0
TXN_027187,CUST_03345,15762.19,NETBANKING,FAILED,LIMIT_EXCEEDED,24,18,20,4,CARD,7,Sunday,0
TXN_027202,CUST_08116,13827.41,UPI,FAILED,INSUFFICIENT_FUNDS,45,13,4,1,UPI,17,Saturday,0
TXN_027206,CUST_05802,11852.87,NETBANKING,FAILED,OTP_FAILURE,44,24,12,1,UPI,20,Friday,0
TXN_027215,CUST_05985,17557.3,WALLET,FAILED,INSUFFICIENT_FUNDS,56,18,20,4,NETBANKING,12,Thursday,1
TXN_027223,CUST_03345,7064.14,CARD,FAILED,BANK_SERVER_DOWN,24,18,20,4,CARD,23,Tuesday,0
TXN_027225,CUST_06535,18941.35,UPI,FAILED,CARD_DECLINED,36,19,19,9,UPI,22,Thursday,0
TXN_027229,CUST_07519,20283.54,WALLET,FAILED,CARD_DECLINED,40,11,10,6,WALLET,2,Wednesday,0
TXN_027235,CUST_03077,640.28,UPI,FAILED,OTP_FAILURE,48,4,16,10,NETBANKING,7,Thursday,0
TXN_027247,CUST_05985,20131.95,WALLET,FAILED,LIMIT_EXCEEDED,56,18,20,4,NETBANKING,5,Tuesday,0
TXN_027253,CUST_04917,13270.24,CARD,FAILED,CARD_DECLINED,56,2,11,3,UPI,8,Thursday,0
TXN_027259,CUST_00677,21658.97,WALLET,FAILED,OTP_FAILURE,30,27,15,7,NETBANKING,2,Sunday,1
TXN_027262,CUST_09578,1640.4,CARD,FAILED,NETWORK_ERROR,32,7,25,5,WALLET,5,Thursday,1
TXN_027275,CUST_00786,17415.65,CARD,FAILED,OTP_FAILURE,51,2,12,2,NETBANKING,5,Wednesday,0
TXN_027283,CUST_00152,5251.49,WALLET,FAILED,LIMIT_EXCEEDED,46,24,6,5,UPI,10,Monday,0
TXN_027286,CUST_00891,6862.39,CARD,FAILED,OTP_FAILURE,53,13,5,7,CARD,16,Sunday,0
TXN_027290,CUST_00317,6821.46,WALLET,FAILED,BANK_SERVER_DOWN,47,7,15,5,UPI,3,Monday,0
TXN_027304,CUST_01456,3995.06,WALLET,FAILED,BANK_TIMEOUT,32,15,9,6,CARD,4,Sunday,1
TXN_027311,CUST_01029,19260.56,NETBANKING,FAILED,CARD_DECLINED,27,7,2,6,NETBANKING,10,Saturday,0
TXN_027322,CUST_06390,21488.07,NETBANKING,FAILED,BANK_SERVER_DOWN,28,12,25,7,NETBANKING,22,Monday,1
TXN_027327,CUST_06418,7140.58,WALLET,FAILED,CARD_DECLINED,21,13,8,0,NETBANKING,2,Friday,0
TXN_027330,CUST_05050,23507.64,WALLET,FAILED,NETWORK_ERROR,55,6,20,8,CARD,1,Saturday,0
TXN_027338,CUST_04883,16225.79,UPI,FAILED,BANK_SERVER_DOWN,54,27,22,10,CARD,12,Monday,0
TXN_027343,CUST_06757,13277.07,NETBANKING,FAILED,NETWORK_ERROR,26,25,22,9,UPI,16,Wednesday,1
TXN_027357,CUST_01148,9060.42,NETBANKING,FAILED,INSUFFICIENT_FUNDS,47,16,9,0,WALLET,9,Wednesday,0
TXN_027361,CUST_07788,15847.69,CARD,FAILED,NETWORK_ERROR,39,29,23,6,WALLET,8,Saturday,0
TXN_027363,CUST_08433,14453.78,UPI,FAILED,BANK_SERVER_DOWN,24,5,10,10,CARD,12,Wednesday,0
TXN_027366,CUST_00245,17614.47,CARD,FAILED,CARD_DECLINED,29,12,25,2,WALLET,22,Friday,1
TXN_027368,CUST_07386,23084.48,CARD,FAILED,NETWORK_ERROR,30,14,10,1,NETBANKING,5,Thursday,1
TXN_027383,CUST_05376,12523.76,UPI,FAILED,BANK_TIMEOUT,32,27,17,4,CARD,20,Tuesday,1
TXN_027407,CUST_05599,5369.71,NETBANKING,FAILED,BANK_SERVER_DOWN,25,8,2,5,NETBANKING,2,Thursday,0
TXN_027411,CUST_01568,2968.26,NETBANKING,FAILED,BANK_SERVER_DOWN,23,15,4,3,WALLET,18,Wednesday,0
TXN_027412,CUST_06232,17347.68,UPI,FAILED,BANK_TIMEOUT,49,19,25,1,CARD,22,Sunday,0
TXN_027425,CUST_00594,17586.94,CARD,FAILED,BANK_SERVER_DOWN,23,13,8,5,WALLET,1,Monday,0
TXN_027433,CUST_01222,581.35,WALLET,FAILED,CARD_DECLINED,23,2,16,5,NETBANKING,8,Sunday,1
TXN_027453,CUST_04084,15853.4,CARD,FAILED,OTP_FAILURE,22,28,22,10,WALLET,13,Thursday,0
TXN_027459,CUST_09083,13198.55,NETBANKING,FAILED,LIMIT_EXCEEDED,59,16,25,9,NETBANKING,19,Saturday,0
TXN_027478,CUST_07792,22959.96,WALLET,FAILED,CARD_DECLINED,43,28,19,9,WALLET,14,Friday,1
TXN_027484,CUST_03195,23704.81,WALLET,FAILED,BANK_TIMEOUT,42,8,13,7,NETBANKING,7,Friday,1
TXN_027492,CUST_01809,19961.14,CARD,FAILED,NETWORK_ERROR,23,9,5,7,UPI,20,Sunday,0
TXN_027494,CUST_09743,403.86,NETBANKING,FAILED,INSUFFICIENT_FUNDS,47,16,16,1,WALLET,5,Thursday,0
TXN_027499,CUST_06840,17118.09,NETBANKING,FAILED,LIMIT_EXCEEDED,40,27,25,5,UPI,9,Wednesday,0
TXN_027504,CUST_02773,23295.19,NETBANKING,FAILED,BANK_TIMEOUT,39,29,22,6,CARD,21,Wednesday,1
TXN_027508,CUST_02943,10096.28,WALLET,FAILED,LIMIT_EXCEEDED,24,12,14,5,CARD,18,Saturday,0
TXN_027515,CUST_01539,4301.1,UPI,FAILED,BANK_TIMEOUT,33,19,23,4,NETBANKING,17,Saturday,1
TXN_027518,CUST_06255,7466.43,CARD,FAILED,BANK_TIMEOUT,32,10,20,6,CARD,23,Monday,1
TXN_027525,CUST_04187,10871.94,CARD,FAILED,INSUFFICIENT_FUNDS,36,8,22,2,WALLET,14,Monday,1
TXN_027529,CUST_08179,23453.4,NETBANKING,FAILED,BANK_TIMEOUT,48,18,12,10,NETBANKING,22,Tuesday,1
TXN_027536,CUST_02251,8441.51,NETBANKING,FAILED,CARD_DECLINED,56,25,2,1,CARD,1,Saturday,0
TXN_027537,CUST_02644,7553.73,NETBANKING,FAILED,CARD_DECLINED,30,4,14,8,CARD,12,Monday,0
TXN_027539,CUST_02838,4664.47,CARD,FAILED,LIMIT_EXCEEDED,59,22,18,10,WALLET,4,Monday,1
TXN_027548,CUST_00831,10379.32,UPI,FAILED,CARD_DECLINED,36,16,19,1,NETBANKING,21,Tuesday,0
TXN_027555,CUST_00158,9512.08,UPI,FAILED,LIMIT_EXCEEDED,31,1,1,2,CARD,23,Thursday,0
TXN_027558,CUST_05039,8680.55,WALLET,FAILED,OTP_FAILURE,24,19,22,8,UPI,0,Tuesday,0
TXN_027559,CUST_00025,19017.96,WALLET,FAILED,BANK_TIMEOUT,60,7,20,8,WALLET,7,Sunday,0
TXN_027560,CUST_02241,3155.63,NETBANKING,FAILED,CARD_DECLINED,37,5,1,10,WALLET,10,Tuesday,0
TXN_027564,CUST_05507,22863.51,NETBANKING,FAILED,LIMIT_EXCEEDED,53,30,7,10,WALLET,7,Saturday,0
TXN_027572,CUST_09423,12600.58,CARD,FAILED,NETWORK_ERROR,28,16,23,10,UPI,1,Wednesday,1
TXN_027574,CUST_04571,12835.91,CARD,FAILED,LIMIT_EXCEEDED,32,18,7,0,NETBANKING,2,Saturday,0
TXN_027576,CUST_04811,5420.7,UPI,FAILED,NETWORK_ERROR,29,10,5,9,WALLET,18,Tuesday,1
TXN_027577,CUST_08743,9611.91,UPI,FAILED,OTP_FAILURE,47,12,13,10,NETBANKING,5,Tuesday,0
TXN_027587,CUST_07261,16434.39,UPI,FAILED,BANK_SERVER_DOWN,40,9,18,2,NETBANKING,9,Wednesday,0
TXN_027592,CUST_00594,14455.87,NETBANKING,FAILED,LIMIT_EXCEEDED,23,13,8,5,WALLET,3,Monday,0
TXN_027596,CUST_04150,22048.1,CARD,FAILED,NETWORK_ERROR,49,6,25,8,WALLET,11,Friday,0
TXN_027605,CUST_02918,20504.35,CARD,FAILED,BANK_SERVER_DOWN,34,2,12,2,NETBANKING,0,Monday,1
TXN_027607,CUST_06242,20557.41,CARD,FAILED,OTP_FAILURE,55,16,7,2,UPI,7,Wednesday,0
TXN_027611,CUST_06351,5374.23,CARD,FAILED,OTP_FAILURE,50,6,15,8,NETBANKING,8,Monday,0
TXN_027618,CUST_09502,17953.92,CARD,FAILED,LIMIT_EXCEEDED,50,15,6,1,WALLET,23,Friday,0
TXN_027625,CUST_01586,3338.48,UPI,FAILED,CARD_DECLINED,24,9,5,2,WALLET,10,Tuesday,0
TXN_027627,CUST_05005,10225.22,UPI,FAILED,NETWORK_ERROR,18,27,15,6,UPI,19,Saturday,1
TXN_027630,CUST_09422,17144.96,UPI,FAILED,LIMIT_EXCEEDED,27,4,11,6,UPI,8,Friday,0
TXN_027634,CUST_00789,15418.67,WALLET,FAILED,BANK_SERVER_DOWN,30,23,16,1,NETBANKING,8,Saturday,0
TXN_027636,CUST_07559,11015.7,WALLET,FAILED,BANK_SERVER_DOWN,33,2,15,7,WALLET,18,Tuesday,0
TXN_027639,CUST_04409,22850.69,WALLET,FAILED,BANK_TIMEOUT,50,16,19,0,NETBANKING,16,Sunday,1
TXN_027643,CUST_01737,2939.12,CARD,FAILED,BANK_SERVER_DOWN,30,18,18,3,UPI,23,Sunday,1
TXN_027647,CUST_06791,22105.13,NETBANKING,FAILED,INSUFFICIENT_FUNDS,32,28,18,5,UPI,10,Monday,0
TXN_027648,CUST_01412,4310.25,CARD,FAILED,NETWORK_ERROR,22,13,19,8,UPI,21,Tuesday,1
TXN_027659,CUST_04040,7936.31,WALLET,FAILED,NETWORK_ERROR,18,4,12,1,NETBANKING,1,Sunday,1
TXN_027671,CUST_03163,15092.65,CARD,FAILED,BANK_TIMEOUT,24,12,4,8,UPI,5,Monday,0
TXN_027677,CUST_06197,17863.39,CARD,FAILED,NETWORK_ERROR,45,16,16,4,UPI,0,Thursday,0
TXN_027694,CUST_04197,24324.28,CARD,FAILED,BANK_SERVER_DOWN,50,15,11,8,NETBANKING,19,Tuesday,0
TXN_027700,CUST_05264,9372.78,NETBANKING,FAILED,INSUFFICIENT_FUNDS,31,17,22,10,UPI,13,Wednesday,0
TXN_027702,CUST_07123,22647.53,NETBANKING,FAILED,LIMIT_EXCEEDED,23,4,14,0,WALLET,5,Wednesday,0
TXN_027707,CUST_03282,19736.35,UPI,FAILED,LIMIT_EXCEEDED,38,25,13,6,NETBANKING,1,Friday,0
TXN_027709,CUST_07596,9602.95,CARD,FAILED,BANK_SERVER_DOWN,41,13,11,2,NETBANKING,5,Saturday,0
TXN_027716,CUST_09140,12236.82,CARD,FAILED,BANK_TIMEOUT,28,7,12,7,WALLET,8,Thursday,1
TXN_027723,CUST_05969,11293.32,WALLET,FAILED,BANK_SERVER_DOWN,46,20,6,1,CARD,12,Sunday,0
TXN_027731,CUST_02591,19712.94,NETBANKING,FAILED,LIMIT_EXCEEDED,42,14,17,0,NETBANKING,20,Sunday,0
TXN_027734,CUST_01735,10447.33,CARD,FAILED,INSUFFICIENT_FUNDS,18,21,20,1,CARD,19,Tuesday,1
TXN_027741,CUST_02699,15731.15,UPI,FAILED,LIMIT_EXCEEDED,42,4,11,0,CARD,22,Sunday,1
TXN_027746,CUST_03940,9055.35,UPI,FAILED,BANK_TIMEOUT,25,6,23,10,CARD,20,Friday,1
TXN_027748,CUST_04986,10482.88,UPI,FAILED,OTP_FAILURE,21,30,17,1,CARD,15,Monday,0
TXN_027757,CUST_01026,8107.51,NETBANKING,FAILED,BANK_SERVER_DOWN,58,14,3,3,UPI,19,Friday,0
TXN_027759,CUST_09064,19503.65,WALLET,FAILED,BANK_SERVER_DOWN,49,17,15,8,NETBANKING,17,Saturday,0
TXN_027760,CUST_06599,13506.02,CARD,FAILED,LIMIT_EXCEEDED,35,11,4,1,NETBANKING,10,Wednesday,0
TXN_027769,CUST_09196,16494.32,CARD,FAILED,OTP_FAILURE,47,21,18,7,WALLET,14,Sunday,0
TXN_027772,CUST_06224,18980.35,WALLET,FAILED,NETWORK_ERROR,32,8,23,7,CARD,21,Wednesday,1
TXN_027775,CUST_07479,19812.86,CARD,FAILED,NETWORK_ERROR,54,19,1,6,NETBANKING,16,Saturday,0
TXN_027784,CUST_09330,18047.64,NETBANKING,FAILED,CARD_DECLINED,43,22,4,1,UPI,15,Thursday,0
TXN_027786,CUST_06196,18257.99,NETBANKING,FAILED,NETWORK_ERROR,52,19,19,6,NETBANKING,14,Thursday,1
TXN_027790,CUST_08555,1380.45,WALLET,FAILED,BANK_TIMEOUT,40,2,19,7,NETBANKING,1,Wednesday,1
TXN_027805,CUST_01525,312.87,UPI,FAILED,BANK_TIMEOUT,54,19,20,6,NETBANKING,6,Friday,1
TXN_027811,CUST_06998,3623.25,CARD,FAILED,NETWORK_ERROR,31,10,3,5,UPI,12,Wednesday,1
TXN_027816,CUST_03093,7373.15,WALLET,FAILED,BANK_TIMEOUT,57,9,2,0,CARD,2,Wednesday,0
TXN_027830,CUST_07988,12968.59,NETBANKING,FAILED,BANK_SERVER_DOWN,58,10,12,0,WALLET,22,Sunday,0
TXN_027833,CUST_00744,16629.33,WALLET,FAILED,INSUFFICIENT_FUNDS,41,25,25,2,WALLET,4,Monday,1
TXN_027837,CUST_07302,575.23,CARD,FAILED,OTP_FAILURE,28,6,4,4,UPI,20,Monday,1
TXN_027844,CUST_03036,23442.27,CARD,FAILED,CARD_DECLINED,24,20,16,5,CARD,7,Thursday,0
TXN_027847,CUST_05442,20334.64,UPI,FAILED,BANK_TIMEOUT,48,25,16,0,WALLET,20,Monday,1
TXN_027854,CUST_06398,16247.63,WALLET,FAILED,NETWORK_ERROR,29,24,10,10,NETBANKING,8,Friday,0
TXN_027858,CUST_00219,1071.93,NETBANKING,FAILED,LIMIT_EXCEEDED,48,12,13,1,UPI,2,Friday,0
TXN_027867,CUST_07771,3562.88,UPI,FAILED,CARD_DECLINED,39,23,10,6,NETBANKING,23,Monday,0
TXN_027870,CUST_06712,3998.41,NETBANKING,FAILED,LIMIT_EXCEEDED,44,7,3,8,NETBANKING,4,Thursday,0
TXN_027871,CUST_04413,3754.56,WALLET,FAILED,NETWORK_ERROR,58,1,8,5,NETBANKING,12,Tuesday,1
TXN_027877,CUST_03977,16448.89,WALLET,FAILED,CARD_DECLINED,42,29,1,10,CARD,7,Friday,0
TXN_027901,CUST_04662,1847.09,NETBANKING,FAILED,LIMIT_EXCEEDED,18,25,1,7,CARD,18,Thursday,0
TXN_027904,CUST_04695,2264.8,CARD,FAILED,LIMIT_EXCEEDED,33,8,20,1,UPI,3,Sunday,0
TXN_027922,CUST_09321,21717.12,WALLET,FAILED,INSUFFICIENT_FUNDS,38,14,18,4,UPI,7,Thursday,1
TXN_027924,CUST_07973,3906.15,UPI,FAILED,BANK_TIMEOUT,34,6,15,0,NETBANKING,16,Wednesday,1
TXN_027941,CUST_02065,22701.83,CARD,FAILED,CARD_DECLINED,42,29,22,10,NETBANKING,3,Friday,0
TXN_027956,CUST_07125,10152.35,UPI,FAILED,BANK_TIMEOUT,53,21,25,8,CARD,21,Saturday,1
TXN_027963,CUST_03456,5842.73,UPI,FAILED,NETWORK_ERROR,43,11,9,10,CARD,11,Sunday,0
TXN_027974,CUST_08918,7909.89,WALLET,FAILED,NETWORK_ERROR,48,25,20,2,UPI,10,Monday,1
TXN_027976,CUST_09120,12503.61,NETBANKING,FAILED,BANK_TIMEOUT,39,8,4,0,UPI,10,Thursday,0
TXN_027987,CUST_05943,11723.74,NETBANKING,FAILED,CARD_DECLINED,35,9,20,10,UPI,19,Sunday,0
TXN_027997,CUST_01604,4048.57,WALLET,FAILED,BANK_SERVER_DOWN,37,9,4,6,UPI,6,Monday,0
TXN_028000,CUST_06016,2485.7,UPI,FAILED,CARD_DECLINED,36,7,11,4,WALLET,14,Tuesday,0
TXN_028005,CUST_07691,10944.73,WALLET,FAILED,OTP_FAILURE,19,28,19,1,NETBANKING,21,Sunday,0
TXN_028008,CUST_07486,1443.45,CARD,FAILED,LIMIT_EXCEEDED,49,14,18,7,CARD,18,Sunday,1
TXN_028013,CUST_07533,5067.25,WALLET,FAILED,CARD_DECLINED,54,17,23,8,WALLET,18,Tuesday,1
TXN_028016,CUST_06761,6219.8,UPI,FAILED,CARD_DECLINED,26,26,16,7,WALLET,8,Wednesday,0
TXN_028017,CUST_03112,22430.86,UPI,FAILED,OTP_FAILURE,57,24,8,7,WALLET,9,Wednesday,0
TXN_028018,CUST_03653,5459.32,WALLET,FAILED,BANK_SERVER_DOWN,38,12,4,9,WALLET,1,Sunday,0
TXN_028025,CUST_08904,7583.7,NETBANKING,FAILED,OTP_FAILURE,56,27,21,2,UPI,4,Friday,0
TXN_028026,CUST_07167,13756.28,UPI,FAILED,OTP_FAILURE,46,17,9,4,UPI,0,Monday,0
TXN_028034,CUST_00377,8553.59,NETBANKING,FAILED,BANK_TIMEOUT,41,7,10,1,WALLET,5,Monday,1
TXN_028040,CUST_07322,12979.72,CARD,FAILED,CARD_DECLINED,39,13,9,9,UPI,5,Thursday,0
TXN_028047,CUST_07911,9460.01,WALLET,FAILED,LIMIT_EXCEEDED,27,6,5,10,UPI,8,Wednesday,0
TXN_028048,CUST_01025,22943.46,CARD,FAILED,BANK_SERVER_DOWN,48,29,25,4,CARD,14,Thursday,0
TXN_028052,CUST_04325,18083.19,WALLET,FAILED,INSUFFICIENT_FUNDS,26,10,5,8,CARD,10,Monday,0
TXN_028053,CUST_00177,21872.46,NETBANKING,FAILED,NETWORK_ERROR,56,18,14,8,CARD,14,Wednesday,1
TXN_028054,CUST_06821,1167.15,CARD,FAILED,INSUFFICIENT_FUNDS,26,25,2,8,UPI,17,Tuesday,0
TXN_028076,CUST_02849,10600.62,WALLET,FAILED,BANK_SERVER_DOWN,24,28,20,1,CARD,16,Monday,0
TXN_028087,CUST_04872,13473.46,WALLET,FAILED,CARD_DECLINED,24,4,20,0,UPI,17,Sunday,0
TXN_028093,CUST_02389,19157.81,NETBANKING,FAILED,OTP_FAILURE,45,6,21,7,NETBANKING,6,Thursday,1
TXN_028097,CUST_08129,4771.91,WALLET,FAILED,LIMIT_EXCEEDED,34,26,7,7,CARD,0,Wednesday,1
TXN_028100,CUST_07449,6752.62,UPI,FAILED,OTP_FAILURE,38,29,23,4,UPI,4,Friday,0
TXN_028101,CUST_06191,6155.1,CARD,FAILED,LIMIT_EXCEEDED,51,13,12,1,UPI,8,Wednesday,1
TXN_028107,CUST_03856,9323.65,WALLET,FAILED,INSUFFICIENT_FUNDS,29,10,1,8,WALLET,2,Wednesday,1
TXN_028112,CUST_08481,12719.31,NETBANKING,FAILED,NETWORK_ERROR,22,14,3,1,UPI,5,Thursday,1
TXN_028126,CUST_09768,17692.79,UPI,FAILED,CARD_DECLINED,32,3,3,5,NETBANKING,11,Monday,0
TXN_028128,CUST_03907,15705.35,CARD,FAILED,BANK_TIMEOUT,42,14,6,8,WALLET,16,Tuesday,0
TXN_028134,CUST_07029,1089.72,CARD,FAILED,CARD_DECLINED,42,13,23,0,NETBANKING,11,Sunday,0
TXN_028138,CUST_04902,13633.07,UPI,FAILED,OTP_FAILURE,50,4,21,8,UPI,21,Monday,0
TXN_028150,CUST_01545,23786.29,NETBANKING,FAILED,OTP_FAILURE,36,21,9,1,CARD,10,Tuesday,0
TXN_028159,CUST_09627,20129.44,WALLET,FAILED,INSUFFICIENT_FUNDS,32,21,5,3,NETBANKING,0,Tuesday,0
TXN_028163,CUST_09019,13927.67,UPI,FAILED,NETWORK_ERROR,30,8,25,3,UPI,0,Tuesday,0
TXN_028171,CUST_00778,1727.09,CARD,FAILED,CARD_DECLINED,34,22,3,2,CARD,23,Wednesday,1
TXN_028173,CUST_00255,21622.96,CARD,FAILED,OTP_FAILURE,27,18,1,0,UPI,21,Monday,0
TXN_028182,CUST_01580,10191.97,WALLET,FAILED,BANK_TIMEOUT,51,30,13,5,UPI,6,Tuesday,1
TXN_028183,CUST_08954,5964.45,CARD,FAILED,INSUFFICIENT_FUNDS,40,8,17,8,UPI,14,Tuesday,0
TXN_028184,CUST_08728,15933.6,UPI,FAILED,LIMIT_EXCEEDED,25,13,12,0,NETBANKING,20,Wednesday,0
TXN_028191,CUST_05572,12375.51,NETBANKING,FAILED,LIMIT_EXCEEDED,31,26,11,6,CARD,1,Monday,0
TXN_028197,CUST_08980,13322.24,WALLET,FAILED,BANK_SERVER_DOWN,18,19,15,2,NETBANKING,7,Sunday,1
TXN_028200,CUST_09534,24031.5,CARD,FAILED,INSUFFICIENT_FUNDS,33,26,23,7,UPI,8,Monday,0
TXN_028203,CUST_08397,23114.52,WALLET,FAILED,NETWORK_ERROR,29,9,12,2,UPI,4,Wednesday,0
TXN_028204,CUST_00875,20325.56,WALLET,FAILED,NETWORK_ERROR,50,2,25,2,NETBANKING,21,Tuesday,1
TXN_028214,CUST_09136,17244.79,CARD,FAILED,INSUFFICIENT_FUNDS,51,29,21,8,UPI,22,Monday,0
TXN_028216,CUST_08145,11009.9,UPI,FAILED,BANK_SERVER_DOWN,29,8,25,6,WALLET,2,Friday,0
TXN_028228,CUST_00897,6201.3,CARD,FAILED,CARD_DECLINED,34,9,14,4,CARD,4,Thursday,1
TXN_028233,CUST_05049,8371.66,WALLET,FAILED,BANK_SERVER_DOWN,23,10,11,3,UPI,23,Friday,0
TXN_028245,CUST_03352,16999.43,CARD,FAILED,NETWORK_ERROR,57,23,23,1,WALLET,8,Saturday,0
TXN_028252,CUST_09812,13293.23,UPI,FAILED,BANK_SERVER_DOWN,40,2,8,10,WALLET,1,Saturday,0
TXN_028258,CUST_02696,1151.9,CARD,FAILED,NETWORK_ERROR,50,4,14,8,NETBANKING,15,Monday,1
TXN_028264,CUST_05411,9422.13,NETBANKING,FAILED,BANK_TIMEOUT,28,4,19,6,WALLET,8,Friday,1
TXN_028279,CUST_00160,2030.23,UPI,FAILED,BANK_SERVER_DOWN,34,25,2,4,NETBANKING,1,Monday,0
TXN_028289,CUST_01199,5035.57,WALLET,FAILED,NETWORK_ERROR,60,6,11,5,NETBANKING,10,Sunday,0
TXN_028290,CUST_09721,24520.35,WALLET,FAILED,NETWORK_ERROR,20,4,20,3,WALLET,11,Saturday,1
TXN_028303,CUST_02506,22571.47,WALLET,FAILED,CARD_DECLINED,37,26,13,5,WALLET,0,Sunday,0
TXN_028307,CUST_03924,14472.28,WALLET,FAILED,BANK_SERVER_DOWN,36,21,14,7,WALLET,15,Wednesday,0
TXN_028309,CUST_05625,23592.56,WALLET,FAILED,CARD_DECLINED,29,28,20,4,UPI,7,Wednesday,0
TXN_028313,CUST_08400,20889.45,CARD,FAILED,NETWORK_ERROR,29,20,16,8,WALLET,1,Saturday,1
TXN_028317,CUST_07554,13811.74,UPI,FAILED,BANK_SERVER_DOWN,20,2,23,0,CARD,14,Wednesday,0
TXN_028321,CUST_05544,13489.76,UPI,FAILED,CARD_DECLINED,26,15,9,6,CARD,16,Thursday,0
TXN_028330,CUST_09190,2140.54,CARD,FAILED,LIMIT_EXCEEDED,45,15,20,0,UPI,16,Sunday,0
TXN_028332,CUST_01079,17877.8,NETBANKING,FAILED,LIMIT_EXCEEDED,33,7,17,7,UPI,15,Monday,0
TXN_028344,CUST_02351,2910.62,UPI,FAILED,LIMIT_EXCEEDED,25,5,24,1,UPI,9,Wednesday,0
TXN_028373,CUST_07970,20681.34,CARD,FAILED,INSUFFICIENT_FUNDS,44,19,7,8,WALLET,0,Monday,0
TXN_028376,CUST_07470,16385.66,NETBANKING,FAILED,OTP_FAILURE,49,19,19,5,WALLET,17,Sunday,1
TXN_028387,CUST_01604,913.49,WALLET,FAILED,INSUFFICIENT_FUNDS,37,9,4,6,UPI,11,Saturday,0
TXN_028403,CUST_05693,24257.37,NETBANKING,FAILED,NETWORK_ERROR,27,18,4,6,WALLET,15,Thursday,0
TXN_028404,CUST_07987,9299.41,CARD,FAILED,BANK_SERVER_DOWN,38,7,19,6,NETBANKING,14,Friday,0
TXN_028410,CUST_05775,4715.87,WALLET,FAILED,INSUFFICIENT_FUNDS,44,27,6,2,NETBANKING,6,Tuesday,1
TXN_028416,CUST_09141,4578.62,WALLET,FAILED,CARD_DECLINED,24,21,17,1,UPI,17,Tuesday,0
TXN_028418,CUST_07065,8376.77,UPI,FAILED,BANK_TIMEOUT,23,22,4,8,UPI,17,Sunday,1
TXN_028419,CUST_09331,12744.87,CARD,FAILED,LIMIT_EXCEEDED,36,23,5,3,WALLET,19,Monday,0
TXN_028421,CUST_02082,21522.34,NETBANKING,FAILED,LIMIT_EXCEEDED,44,5,22,6,UPI,1,Tuesday,0
TXN_028423,CUST_02398,7902.91,UPI,FAILED,BANK_TIMEOUT,54,4,23,0,CARD,15,Tuesday,1
TXN_028425,CUST_04452,18373.29,UPI,FAILED,BANK_TIMEOUT,20,1,24,0,NETBANKING,9,Tuesday,1
TXN_028426,CUST_09734,10753.45,UPI,FAILED,BANK_SERVER_DOWN,58,23,19,5,WALLET,18,Saturday,0
TXN_028427,CUST_00837,9598.42,NETBANKING,FAILED,LIMIT_EXCEEDED,39,26,14,8,WALLET,10,Wednesday,0
TXN_028429,CUST_06334,2779.92,CARD,FAILED,OTP_FAILURE,45,6,22,1,NETBANKING,9,Sunday,0
TXN_028431,CUST_04762,3296.9,NETBANKING,FAILED,INSUFFICIENT_FUNDS,25,10,12,1,UPI,4,Monday,1
TXN_028434,CUST_05655,9205.3,NETBANKING,FAILED,LIMIT_EXCEEDED,46,10,9,5,CARD,2,Wednesday,0
TXN_028437,CUST_06155,15898.07,WALLET,FAILED,LIMIT_EXCEEDED,56,22,17,9,UPI,23,Friday,0
TXN_028444,CUST_09319,7261.71,WALLET,FAILED,CARD_DECLINED,23,26,20,9,UPI,21,Tuesday,0
TXN_028470,CUST_06413,5568.35,UPI,FAILED,OTP_FAILURE,22,1,5,6,NETBANKING,2,Saturday,0
TXN_028474,CUST_05341,2022.79,NETBANKING,FAILED,BANK_TIMEOUT,30,18,10,7,CARD,14,Monday,0
TXN_028477,CUST_06095,7503.92,UPI,FAILED,BANK_SERVER_DOWN,37,22,16,1,UPI,2,Sunday,0
TXN_028483,CUST_00323,7251.39,WALLET,FAILED,NETWORK_ERROR,58,13,19,10,UPI,20,Thursday,1
TXN_028500,CUST_05447,16178.28,UPI,FAILED,CARD_DECLINED,58,23,19,8,WALLET,7,Sunday,0
TXN_028504,CUST_09718,23509.45,UPI,FAILED,INSUFFICIENT_FUNDS,19,29,6,3,WALLET,19,Monday,0
TXN_028518,CUST_06495,11822.71,WALLET,FAILED,BANK_TIMEOUT,22,29,8,9,CARD,4,Friday,0
TXN_028526,CUST_09610,21396.22,WALLET,FAILED,BANK_SERVER_DOWN,24,18,17,0,WALLET,13,Sunday,1
TXN_028531,CUST_02204,16270.09,UPI,FAILED,LIMIT_EXCEEDED,47,6,23,2,NETBANKING,19,Sunday,0
TXN_028544,CUST_08691,21312.26,NETBANKING,FAILED,INSUFFICIENT_FUNDS,52,22,17,1,WALLET,15,Saturday,0
TXN_028547,CUST_00352,12313.93,CARD,FAILED,INSUFFICIENT_FUNDS,56,9,9,3,UPI,22,Saturday,0
TXN_028548,CUST_09285,15143.46,UPI,FAILED,BANK_TIMEOUT,55,1,24,10,NETBANKING,18,Friday,0
TXN_028555,CUST_04094,2900.48,WALLET,FAILED,OTP_FAILURE,46,16,23,1,NETBANKING,11,Wednesday,1
TXN_028560,CUST_00163,1600.95,CARD,FAILED,NETWORK_ERROR,24,1,6,3,WALLET,16,Thursday,1
TXN_028564,CUST_08363,20103.11,WALLET,FAILED,BANK_TIMEOUT,36,7,2,8,WALLET,20,Tuesday,0
TXN_028566,CUST_00132,22219.55,NETBANKING,FAILED,BANK_SERVER_DOWN,51,24,16,0,NETBANKING,15,Sunday,0
TXN_028570,CUST_03658,6325.96,WALLET,FAILED,LIMIT_EXCEEDED,60,27,13,9,NETBANKING,0,Thursday,0
TXN_028575,CUST_01119,9281.87,UPI,FAILED,OTP_FAILURE,54,20,4,7,CARD,12,Tuesday,0
TXN_028579,CUST_06937,13835.77,WALLET,FAILED,CARD_DECLINED,40,8,4,6,UPI,0,Saturday,0
TXN_028582,CUST_08827,16993.96,NETBANKING,FAILED,BANK_TIMEOUT,37,12,13,3,CARD,12,Tuesday,1
TXN_028596,CUST_01942,15824.75,NETBANKING,FAILED,BANK_TIMEOUT,35,15,23,0,WALLET,15,Sunday,0
TXN_028602,CUST_07136,8865.3,UPI,FAILED,NETWORK_ERROR,58,8,13,9,WALLET,20,Tuesday,1
TXN_028610,CUST_09867,20999.7,WALLET,FAILED,NETWORK_ERROR,56,28,1,10,UPI,7,Friday,1
TXN_028617,CUST_03738,3183.05,NETBANKING,FAILED,NETWORK_ERROR,45,28,2,5,WALLET,9,Monday,1
TXN_028621,CUST_06176,7263.5,WALLET,FAILED,BANK_SERVER_DOWN,54,20,4,7,NETBANKING,9,Friday,0
TXN_028622,CUST_09022,10086.05,CARD,FAILED,NETWORK_ERROR,48,25,11,3,NETBANKING,11,Saturday,1
TXN_028626,CUST_02719,18124.96,UPI,FAILED,BANK_TIMEOUT,18,6,25,8,UPI,10,Wednesday,1
TXN_028634,CUST_07280,9828.01,WALLET,FAILED,NETWORK_ERROR,20,21,22,4,UPI,7,Friday,1
TXN_028635,CUST_05905,3896.34,NETBANKING,FAILED,NETWORK_ERROR,20,3,1,3,CARD,6,Sunday,1
TXN_028653,CUST_06781,23485.54,WALLET,FAILED,OTP_FAILURE,50,5,20,10,WALLET,14,Sunday,1
TXN_028688,CUST_02031,24747.3,CARD,FAILED,OTP_FAILURE,58,26,8,7,WALLET,12,Wednesday,0
TXN_028697,CUST_03988,6524.42,WALLET,FAILED,NETWORK_ERROR,60,28,2,4,NETBANKING,9,Friday,1
TXN_028703,CUST_07668,16063.32,WALLET,FAILED,BANK_SERVER_DOWN,50,11,7,9,CARD,22,Saturday,0
TXN_028707,CUST_03525,16801.36,WALLET,FAILED,LIMIT_EXCEEDED,33,17,9,7,WALLET,1,Sunday,0
TXN_028716,CUST_05289,7931.2,NETBANKING,FAILED,INSUFFICIENT_FUNDS,54,9,23,3,WALLET,8,Saturday,0
TXN_028727,CUST_04808,11248.94,CARD,FAILED,LIMIT_EXCEEDED,60,12,17,4,WALLET,8,Tuesday,0
TXN_028730,CUST_01946,11083.04,UPI,FAILED,INSUFFICIENT_FUNDS,56,7,23,0,WALLET,1,Friday,0
TXN_028734,CUST_03439,5974.3,WALLET,FAILED,BANK_TIMEOUT,55,12,23,9,NETBANKING,20,Wednesday,1
TXN_028737,CUST_06606,5622.08,CARD,FAILED,BANK_TIMEOUT,29,18,4,7,UPI,10,Tuesday,0
TXN_028746,CUST_08666,23962.97,NETBANKING,FAILED,OTP_FAILURE,48,21,13,7,CARD,10,Saturday,1
TXN_028760,CUST_00867,10445.06,UPI,FAILED,CARD_DECLINED,23,23,6,9,WALLET,16,Wednesday,0
TXN_028767,CUST_08249,22070.52,NETBANKING,FAILED,INSUFFICIENT_FUNDS,59,1,17,7,CARD,17,Friday,0
TXN_028770,CUST_01846,20300.16,UPI,FAILED,LIMIT_EXCEEDED,54,9,6,2,NETBANKING,22,Wednesday,0
TXN_028775,CUST_08831,2629.77,WALLET,FAILED,NETWORK_ERROR,43,6,25,5,WALLET,9,Tuesday,1
TXN_028777,CUST_08253,9798.81,NETBANKING,FAILED,BANK_SERVER_DOWN,55,27,25,8,CARD,22,Tuesday,0
TXN_028780,CUST_03372,14442.53,UPI,FAILED,BANK_SERVER_DOWN,60,15,17,1,CARD,19,Tuesday,0
TXN_028781,CUST_04139,7593.78,CARD,FAILED,NETWORK_ERROR,51,25,21,7,CARD,7,Monday,1
TXN_028782,CUST_05289,1580.52,CARD,FAILED,INSUFFICIENT_FUNDS,54,9,23,3,WALLET,8,Tuesday,0
TXN_028783,CUST_04081,9287.29,NETBANKING,FAILED,OTP_FAILURE,47,4,13,2,WALLET,20,Friday,0
TXN_028785,CUST_07949,14740.98,CARD,FAILED,INSUFFICIENT_FUNDS,24,19,23,6,WALLET,12,Sunday,0
TXN_028790,CUST_01489,22294.65,UPI,FAILED,CARD_DECLINED,59,15,1,10,CARD,1,Sunday,0
TXN_028794,CUST_08636,19976.25,WALLET,FAILED,OTP_FAILURE,20,29,19,4,UPI,18,Wednesday,0
TXN_028806,CUST_06132,19898.59,WALLET,FAILED,BANK_TIMEOUT,56,7,19,4,NETBANKING,23,Wednesday,0
TXN_028811,CUST_04810,6678.0,UPI,FAILED,NETWORK_ERROR,41,16,23,2,UPI,21,Tuesday,1
TXN_028818,CUST_09895,10217.47,NETBANKING,FAILED,BANK_SERVER_DOWN,38,14,12,10,CARD,1,Monday,0
TXN_028820,CUST_02999,8585.18,CARD,FAILED,BANK_SERVER_DOWN,36,9,23,5,WALLET,17,Tuesday,0
TXN_028828,CUST_02938,13413.37,UPI,FAILED,INSUFFICIENT_FUNDS,27,1,10,9,CARD,10,Thursday,0
TXN_028836,CUST_07199,18745.62,UPI,FAILED,CARD_DECLINED,43,18,9,3,CARD,4,Wednesday,0
TXN_028841,CUST_09065,564.82,NETBANKING,FAILED,OTP_FAILURE,38,10,17,2,UPI,1,Sunday,0
TXN_028848,CUST_03195,20281.02,CARD,FAILED,CARD_DECLINED,42,8,13,7,NETBANKING,2,Monday,0
TXN_028850,CUST_08770,10301.08,UPI,FAILED,CARD_DECLINED,35,10,20,4,WALLET,8,Monday,0
TXN_028854,CUST_05407,226.03,UPI,FAILED,LIMIT_EXCEEDED,32,4,16,0,CARD,3,Saturday,0
TXN_028857,CUST_04232,12690.52,CARD,FAILED,BANK_TIMEOUT,39,15,11,3,CARD,4,Saturday,1
TXN_028860,CUST_08334,16621.6,UPI,FAILED,LIMIT_EXCEEDED,37,27,21,10,CARD,23,Friday,0
TXN_028861,CUST_04410,6093.63,CARD,FAILED,BANK_SERVER_DOWN,57,20,11,2,NETBANKING,10,Wednesday,0
TXN_028884,CUST_06642,3178.86,CARD,FAILED,INSUFFICIENT_FUNDS,23,10,3,5,UPI,3,Friday,0
TXN_028902,CUST_05893,19355.44,WALLET,FAILED,INSUFFICIENT_FUNDS,49,29,14,2,NETBANKING,1,Tuesday,0
TXN_028904,CUST_05490,1486.83,UPI,FAILED,INSUFFICIENT_FUNDS,42,23,18,0,UPI,3,Wednesday,1
TXN_028906,CUST_01531,24193.24,CARD,FAILED,LIMIT_EXCEEDED,33,15,14,2,UPI,7,Friday,0
TXN_028910,CUST_03581,14058.69,NETBANKING,FAILED,NETWORK_ERROR,51,12,22,7,UPI,19,Tuesday,1
TXN_028913,CUST_04229,17884.63,CARD,FAILED,LIMIT_EXCEEDED,29,7,8,6,UPI,7,Friday,0
TXN_028917,CUST_05762,932.53,UPI,FAILED,INSUFFICIENT_FUNDS,46,2,11,4,NETBANKING,14,Thursday,0
TXN_028920,CUST_02836,17822.05,UPI,FAILED,CARD_DECLINED,51,23,20,4,NETBANKING,9,Wednesday,1
TXN_028927,CUST_03043,22790.17,NETBANKING,FAILED,LIMIT_EXCEEDED,50,5,12,7,UPI,6,Tuesday,0
TXN_028933,CUST_01840,14379.35,CARD,FAILED,BANK_SERVER_DOWN,22,16,12,7,CARD,17,Thursday,0
TXN_028948,CUST_07741,1792.79,NETBANKING,FAILED,OTP_FAILURE,47,17,17,0,CARD,18,Wednesday,0
TXN_028949,CUST_00955,3662.97,WALLET,FAILED,OTP_FAILURE,28,3,25,9,NETBANKING,12,Friday,1
TXN_028955,CUST_03802,4361.63,NETBANKING,FAILED,BANK_SERVER_DOWN,49,9,2,1,WALLET,17,Tuesday,0
TXN_028972,CUST_00590,2695.3,CARD,FAILED,LIMIT_EXCEEDED,40,30,8,9,WALLET,6,Saturday,0
TXN_028978,CUST_01929,9028.91,CARD,FAILED,NETWORK_ERROR,51,24,17,2,NETBANKING,12,Wednesday,0
TXN_028980,CUST_02873,8083.08,CARD,FAILED,CARD_DECLINED,43,18,19,1,UPI,2,Wednesday,0
TXN_028986,CUST_05875,4781.37,CARD,FAILED,BANK_TIMEOUT,47,14,14,1,WALLET,10,Thursday,1
TXN_028991,CUST_00381,13750.16,UPI,FAILED,BANK_TIMEOUT,58,12,25,2,NETBANKING,23,Sunday,1
TXN_028995,CUST_01612,8626.87,CARD,FAILED,BANK_SERVER_DOWN,52,20,25,10,UPI,6,Saturday,1
TXN_029010,CUST_08836,944.91,WALLET,FAILED,BANK_TIMEOUT,50,4,25,7,NETBANKING,18,Monday,0
TXN_029016,CUST_08409,7438.89,NETBANKING,FAILED,CARD_DECLINED,58,25,16,9,NETBANKING,12,Tuesday,0
TXN_029017,CUST_05493,12927.32,UPI,FAILED,BANK_SERVER_DOWN,57,1,25,2,WALLET,4,Thursday,1
TXN_029019,CUST_07980,15912.84,CARD,FAILED,LIMIT_EXCEEDED,44,2,7,2,WALLET,3,Wednesday,0
TXN_029033,CUST_01078,14415.83,CARD,FAILED,BANK_TIMEOUT,52,24,1,6,NETBANKING,5,Saturday,0
TXN_029047,CUST_05033,17022.23,CARD,FAILED,OTP_FAILURE,58,11,24,4,NETBANKING,17,Sunday,0
TXN_029049,CUST_03104,755.06,WALLET,FAILED,NETWORK_ERROR,21,28,16,8,UPI,21,Wednesday,0
TXN_029050,CUST_05027,827.03,UPI,FAILED,BANK_SERVER_DOWN,33,14,8,0,UPI,10,Wednesday,1
TXN_029060,CUST_07574,1441.09,CARD,FAILED,INSUFFICIENT_FUNDS,56,23,14,4,WALLET,4,Tuesday,0
TXN_029071,CUST_03542,4290.82,CARD,FAILED,LIMIT_EXCEEDED,31,16,25,3,CARD,13,Saturday,1
TXN_029085,CUST_08478,4995.27,WALLET,FAILED,BANK_TIMEOUT,59,4,10,7,WALLET,3,Tuesday,1
TXN_029090,CUST_04480,16243.16,CARD,FAILED,INSUFFICIENT_FUNDS,56,29,4,8,UPI,17,Friday,0
TXN_029092,CUST_04889,4913.29,UPI,FAILED,BANK_TIMEOUT,34,29,19,10,NETBANKING,10,Friday,1
TXN_029093,CUST_08323,24855.24,UPI,FAILED,LIMIT_EXCEEDED,35,9,5,10,NETBANKING,3,Thursday,0
TXN_029097,CUST_05708,21646.02,WALLET,FAILED,INSUFFICIENT_FUNDS,44,26,13,5,WALLET,8,Sunday,0
TXN_029098,CUST_05705,11937.42,WALLET,FAILED,LIMIT_EXCEEDED,37,17,21,2,NETBANKING,12,Wednesday,0
TXN_029099,CUST_09990,10766.21,UPI,FAILED,NETWORK_ERROR,46,26,8,6,WALLET,0,Thursday,0
TXN_029108,CUST_04875,13144.72,WALLET,FAILED,OTP_FAILURE,36,7,7,6,UPI,12,Saturday,0
TXN_029109,CUST_03796,17391.96,CARD,FAILED,INSUFFICIENT_FUNDS,52,18,12,7,CARD,8,Sunday,0
TXN_029120,CUST_06799,9443.1,NETBANKING,FAILED,OTP_FAILURE,48,5,17,1,CARD,0,Wednesday,1
TXN_029121,CUST_05242,5224.22,WALLET,FAILED,NETWORK_ERROR,50,24,10,6,NETBANKING,16,Friday,0
TXN_029133,CUST_06242,24939.14,UPI,FAILED,CARD_DECLINED,55,16,7,2,UPI,12,Wednesday,0
TXN_029136,CUST_00559,19589.03,CARD,FAILED,BANK_TIMEOUT,43,29,8,10,WALLET,17,Sunday,0
TXN_029139,CUST_01133,19495.17,WALLET,FAILED,BANK_SERVER_DOWN,41,22,6,4,CARD,0,Wednesday,0
TXN_029143,CUST_05668,7107.0,WALLET,FAILED,NETWORK_ERROR,40,25,22,1,UPI,23,Friday,1
TXN_029145,CUST_09879,2977.79,WALLET,FAILED,BANK_SERVER_DOWN,19,14,17,0,UPI,1,Wednesday,0
TXN_029151,CUST_04203,3846.0,CARD,FAILED,OTP_FAILURE,53,21,18,1,UPI,15,Friday,0
TXN_029153,CUST_05531,4506.81,CARD,FAILED,LIMIT_EXCEEDED,27,16,13,1,NETBANKING,18,Friday,1
TXN_029155,CUST_04915,11811.04,WALLET,FAILED,BANK_SERVER_DOWN,44,10,1,3,CARD,2,Thursday,0
TXN_029162,CUST_00387,7662.33,NETBANKING,FAILED,OTP_FAILURE,37,1,25,8,WALLET,22,Saturday,1
TXN_029171,CUST_03174,24721.94,WALLET,FAILED,BANK_SERVER_DOWN,50,4,10,8,CARD,14,Tuesday,0
TXN_029172,CUST_01430,21698.65,WALLET,FAILED,LIMIT_EXCEEDED,51,22,9,5,CARD,10,Sunday,0
TXN_029174,CUST_03485,1621.21,WALLET,FAILED,INSUFFICIENT_FUNDS,51,10,5,8,CARD,1,Thursday,0
TXN_029175,CUST_02151,9398.53,UPI,FAILED,LIMIT_EXCEEDED,28,15,16,4,CARD,17,Tuesday,1
TXN_029180,CUST_06323,19371.61,WALLET,FAILED,LIMIT_EXCEEDED,58,21,5,1,WALLET,18,Saturday,0
TXN_029187,CUST_07468,1787.95,UPI,FAILED,LIMIT_EXCEEDED,34,2,23,7,CARD,21,Thursday,0
TXN_029189,CUST_06265,5193.25,UPI,FAILED,BANK_TIMEOUT,27,16,13,10,NETBANKING,22,Wednesday,0
TXN_029192,CUST_05303,7918.24,WALLET,FAILED,NETWORK_ERROR,30,1,25,1,NETBANKING,17,Monday,1
TXN_029230,CUST_05747,20962.72,NETBANKING,FAILED,NETWORK_ERROR,54,20,15,6,CARD,3,Thursday,0
TXN_029231,CUST_05405,15676.73,WALLET,FAILED,NETWORK_ERROR,54,18,2,6,WALLET,5,Monday,0
TXN_029232,CUST_05298,14920.96,NETBANKING,FAILED,BANK_SERVER_DOWN,54,14,15,9,WALLET,21,Wednesday,1
TXN_029237,CUST_03592,3463.92,WALLET,FAILED,NETWORK_ERROR,59,4,25,6,NETBANKING,12,Thursday,1
TXN_029240,CUST_04451,17652.03,UPI,FAILED,CARD_DECLINED,36,17,8,6,NETBANKING,10,Wednesday,0
TXN_029241,CUST_04521,1970.44,CARD,FAILED,OTP_FAILURE,58,1,16,8,CARD,1,Thursday,0
TXN_029249,CUST_05026,11607.79,UPI,FAILED,BANK_TIMEOUT,28,26,16,3,NETBANKING,23,Monday,1
TXN_029261,CUST_04608,429.24,UPI,FAILED,BANK_SERVER_DOWN,29,27,13,9,NETBANKING,2,Monday,1
TXN_029269,CUST_00073,6448.49,UPI,FAILED,NETWORK_ERROR,44,16,5,8,CARD,5,Saturday,1
TXN_029272,CUST_05633,4586.89,UPI,FAILED,BANK_TIMEOUT,55,21,6,8,CARD,15,Wednesday,0
TXN_029276,CUST_04946,1795.19,CARD,FAILED,BANK_TIMEOUT,23,24,1,4,NETBANKING,1,Thursday,1
TXN_029292,CUST_02845,19004.59,NETBANKING,FAILED,INSUFFICIENT_FUNDS,42,11,25,7,CARD,20,Friday,0
TXN_029301,CUST_02593,14413.05,UPI,FAILED,LIMIT_EXCEEDED,28,25,5,0,WALLET,3,Friday,0
TXN_029303,CUST_05478,3777.52,CARD,FAILED,BANK_TIMEOUT,39,27,9,10,UPI,20,Monday,1
TXN_029313,CUST_09720,7023.18,WALLET,FAILED,BANK_TIMEOUT,58,4,23,8,NETBANKING,19,Wednesday,0
TXN_029315,CUST_09329,2948.88,UPI,FAILED,BANK_TIMEOUT,44,2,4,4,CARD,5,Sunday,0
TXN_029322,CUST_08700,149.91,NETBANKING,FAILED,INSUFFICIENT_FUNDS,40,8,25,7,UPI,18,Friday,1
TXN_029326,CUST_08984,21141.94,CARD,FAILED,OTP_FAILURE,24,1,11,2,UPI,10,Wednesday,0
TXN_029331,CUST_02684,20223.68,WALLET,FAILED,OTP_FAILURE,44,14,10,1,UPI,14,Thursday,0
TXN_029334,CUST_06092,12362.12,WALLET,FAILED,LIMIT_EXCEEDED,35,6,22,8,CARD,5,Tuesday,0
TXN_029337,CUST_04366,24436.24,UPI,FAILED,BANK_TIMEOUT,52,28,14,3,CARD,20,Tuesday,0
TXN_029339,CUST_01421,13866.56,WALLET,FAILED,CARD_DECLINED,22,30,1,1,UPI,21,Sunday,0
TXN_029344,CUST_02648,3572.57,NETBANKING,FAILED,BANK_TIMEOUT,42,14,25,10,WALLET,7,Friday,1
TXN_029350,CUST_00933,522.15,NETBANKING,FAILED,NETWORK_ERROR,38,24,1,3,WALLET,14,Thursday,0
TXN_029379,CUST_08204,13769.63,UPI,FAILED,CARD_DECLINED,34,27,1,5,CARD,4,Monday,0
TXN_029390,CUST_09727,19248.56,NETBANKING,FAILED,BANK_SERVER_DOWN,18,20,21,7,CARD,22,Wednesday,0
TXN_029411,CUST_07064,19643.37,WALLET,FAILED,BANK_SERVER_DOWN,56,2,19,6,CARD,0,Thursday,0
TXN_029413,CUST_01960,24283.48,WALLET,FAILED,INSUFFICIENT_FUNDS,42,22,20,3,WALLET,7,Thursday,1
TXN_029414,CUST_08988,16340.09,CARD,FAILED,BANK_SERVER_DOWN,47,26,14,3,CARD,9,Sunday,0
TXN_029415,CUST_03961,3050.59,WALLET,FAILED,INSUFFICIENT_FUNDS,20,11,21,1,UPI,17,Tuesday,1
TXN_029417,CUST_08499,12963.91,UPI,FAILED,CARD_DECLINED,31,21,10,4,WALLET,7,Thursday,0
TXN_029436,CUST_03369,8616.06,UPI,FAILED,BANK_SERVER_DOWN,52,10,5,3,CARD,6,Saturday,0
TXN_029437,CUST_07351,22871.96,CARD,FAILED,LIMIT_EXCEEDED,33,25,24,8,CARD,11,Friday,1
TXN_029443,CUST_07501,18028.93,WALLET,FAILED,BANK_TIMEOUT,21,22,15,3,WALLET,22,Tuesday,0
TXN_029446,CUST_00258,14807.99,NETBANKING,FAILED,BANK_TIMEOUT,45,7,13,9,WALLET,20,Tuesday,1
TXN_029456,CUST_05426,8857.92,WALLET,FAILED,OTP_FAILURE,20,16,17,4,NETBANKING,10,Sunday,0
TXN_029460,CUST_08313,19038.93,CARD,FAILED,INSUFFICIENT_FUNDS,42,24,18,4,NETBANKING,6,Thursday,0
TXN_029471,CUST_00924,24467.87,WALLET,FAILED,NETWORK_ERROR,42,25,1,10,UPI,14,Thursday,0
TXN_029482,CUST_00061,24600.96,NETBANKING,FAILED,INSUFFICIENT_FUNDS,38,10,19,0,WALLET,3,Thursday,0
TXN_029483,CUST_01642,15608.83,WALLET,FAILED,CARD_DECLINED,33,7,10,4,CARD,12,Saturday,1
TXN_029484,CUST_04721,11484.94,CARD,FAILED,CARD_DECLINED,30,14,7,3,UPI,0,Tuesday,0
TXN_029487,CUST_09040,4878.06,UPI,FAILED,NETWORK_ERROR,39,14,3,1,UPI,0,Wednesday,1
TXN_029488,CUST_05921,8259.43,CARD,FAILED,INSUFFICIENT_FUNDS,24,27,11,10,UPI,3,Tuesday,1
TXN_029492,CUST_08519,23921.49,CARD,FAILED,BANK_TIMEOUT,51,4,6,7,WALLET,5,Saturday,0
TXN_029495,CUST_06048,1320.51,WALLET,FAILED,OTP_FAILURE,33,27,24,6,UPI,19,Monday,0
TXN_029497,CUST_01208,11988.13,WALLET,FAILED,BANK_SERVER_DOWN,49,28,5,5,UPI,22,Friday,0
TXN_029499,CUST_02512,16960.25,UPI,FAILED,BANK_SERVER_DOWN,55,23,5,10,NETBANKING,6,Tuesday,0
TXN_029505,CUST_03867,6114.85,NETBANKING,FAILED,OTP_FAILURE,51,28,25,2,UPI,20,Friday,0
TXN_029512,CUST_06575,19245.05,UPI,FAILED,INSUFFICIENT_FUNDS,33,18,23,1,NETBANKING,9,Friday,0
TXN_029525,CUST_08211,9444.95,WALLET,FAILED,LIMIT_EXCEEDED,30,6,8,6,UPI,9,Thursday,0
TXN_029536,CUST_02834,13294.94,NETBANKING,FAILED,NETWORK_ERROR,42,12,20,10,WALLET,0,Saturday,0
TXN_029541,CUST_07570,19640.65,NETBANKING,FAILED,NETWORK_ERROR,41,13,8,2,UPI,0,Friday,1
TXN_029561,CUST_06309,4581.84,UPI,FAILED,INSUFFICIENT_FUNDS,29,24,9,10,CARD,17,Sunday,0
TXN_029572,CUST_09734,8552.86,UPI,FAILED,BANK_TIMEOUT,58,23,19,5,WALLET,23,Monday,0
TXN_029573,CUST_04808,4896.72,NETBANKING,FAILED,INSUFFICIENT_FUNDS,60,12,17,4,WALLET,14,Monday,0
TXN_029574,CUST_06691,10470.46,UPI,FAILED,NETWORK_ERROR,52,16,7,10,CARD,5,Friday,0
TXN_029588,CUST_01005,17165.72,NETBANKING,FAILED,BANK_SERVER_DOWN,32,23,6,4,NETBANKING,13,Sunday,0
TXN_029593,CUST_03907,17904.22,CARD,FAILED,BANK_TIMEOUT,42,14,6,8,WALLET,6,Sunday,0
TXN_029595,CUST_02997,6436.47,CARD,FAILED,BANK_TIMEOUT,48,19,11,5,NETBANKING,18,Sunday,0
TXN_029596,CUST_02599,21480.6,NETBANKING,FAILED,OTP_FAILURE,32,12,21,5,UPI,10,Wednesday,1
TXN_029607,CUST_01223,14145.93,NETBANKING,FAILED,LIMIT_EXCEEDED,53,14,20,6,CARD,13,Wednesday,0
TXN_029610,CUST_06485,22270.94,CARD,FAILED,INSUFFICIENT_FUNDS,36,7,15,2,WALLET,16,Tuesday,0
TXN_029613,CUST_01334,22173.8,CARD,FAILED,INSUFFICIENT_FUNDS,29,2,10,1,UPI,6,Thursday,1
TXN_029618,CUST_06005,19240.82,NETBANKING,FAILED,LIMIT_EXCEEDED,44,26,9,9,WALLET,1,Friday,0
TXN_029619,CUST_04004,7343.52,WALLET,FAILED,LIMIT_EXCEEDED,48,14,7,6,CARD,8,Monday,0
TXN_029631,CUST_01892,18683.69,CARD,FAILED,LIMIT_EXCEEDED,21,10,17,1,NETBANKING,0,Thursday,0
TXN_029632,CUST_02638,3523.58,WALLET,FAILED,OTP_FAILURE,30,3,10,9,CARD,5,Thursday,0
TXN_029637,CUST_09289,11192.93,CARD,FAILED,OTP_FAILURE,53,5,4,2,UPI,8,Sunday,0
TXN_029638,CUST_08325,1044.76,WALLET,FAILED,BANK_TIMEOUT,28,16,16,0,CARD,2,Tuesday,1
TXN_029646,CUST_04484,22318.16,CARD,FAILED,BANK_TIMEOUT,59,5,1,6,CARD,3,Friday,0
TXN_029650,CUST_04094,13995.79,UPI,FAILED,CARD_DECLINED,46,16,23,1,NETBANKING,6,Friday,0
TXN_029652,CUST_01685,4311.34,CARD,FAILED,CARD_DECLINED,35,5,21,2,CARD,14,Tuesday,1
TXN_029656,CUST_06921,619.61,NETBANKING,FAILED,NETWORK_ERROR,42,10,21,8,UPI,18,Saturday,1
TXN_029667,CUST_09097,13064.21,WALLET,FAILED,BANK_SERVER_DOWN,43,23,20,5,CARD,10,Monday,1
TXN_029669,CUST_01664,14449.95,CARD,FAILED,NETWORK_ERROR,45,30,5,7,CARD,7,Saturday,0
TXN_029685,CUST_00558,6408.36,NETBANKING,FAILED,CARD_DECLINED,33,5,9,4,UPI,14,Saturday,0
TXN_029691,CUST_05990,898.43,NETBANKING,FAILED,INSUFFICIENT_FUNDS,38,7,3,3,WALLET,20,Friday,0
TXN_029699,CUST_03424,24992.57,UPI,FAILED,BANK_TIMEOUT,28,20,24,3,WALLET,6,Sunday,1
TXN_029700,CUST_08571,8226.61,UPI,FAILED,CARD_DECLINED,37,19,4,1,UPI,21,Saturday,0
TXN_029717,CUST_01034,13514.9,WALLET,FAILED,CARD_DECLINED,41,2,5,6,CARD,20,Thursday,0
TXN_029719,CUST_06378,21917.37,WALLET,FAILED,NETWORK_ERROR,60,22,6,4,CARD,23,Saturday,1
TXN_029721,CUST_09160,10417.7,WALLET,FAILED,BANK_TIMEOUT,52,3,7,6,UPI,12,Thursday,1
TXN_029754,CUST_09271,9409.16,WALLET,FAILED,CARD_DECLINED,33,24,25,6,UPI,14,Sunday,0
TXN_029768,CUST_03721,14926.01,NETBANKING,FAILED,CARD_DECLINED,37,20,18,0,UPI,6,Friday,0
TXN_029769,CUST_04341,3123.46,UPI,FAILED,OTP_FAILURE,45,16,21,9,CARD,14,Wednesday,0
TXN_029801,CUST_06114,11611.0,NETBANKING,FAILED,BANK_TIMEOUT,36,30,20,8,CARD,7,Sunday,1
TXN_029809,CUST_03663,9014.07,UPI,FAILED,CARD_DECLINED,30,26,13,6,CARD,10,Friday,1
TXN_029815,CUST_04921,18440.67,WALLET,FAILED,BANK_TIMEOUT,25,14,20,10,UPI,23,Thursday,1
TXN_029818,CUST_07282,6893.78,NETBANKING,FAILED,NETWORK_ERROR,47,29,18,4,CARD,18,Thursday,1
TXN_029829,CUST_03512,15795.95,UPI,FAILED,INSUFFICIENT_FUNDS,28,26,25,5,UPI,23,Sunday,0
TXN_029837,CUST_06955,10277.73,CARD,FAILED,LIMIT_EXCEEDED,42,21,7,3,UPI,6,Monday,0
TXN_029857,CUST_06133,19320.66,CARD,FAILED,INSUFFICIENT_FUNDS,36,11,12,5,NETBANKING,11,Saturday,1
TXN_029858,CUST_06065,4262.73,UPI,FAILED,LIMIT_EXCEEDED,51,1,3,4,WALLET,20,Sunday,0
TXN_029863,CUST_09295,5047.7,NETBANKING,FAILED,INSUFFICIENT_FUNDS,60,26,14,1,UPI,1,Monday,0
TXN_029875,CUST_06018,15195.0,WALLET,FAILED,BANK_TIMEOUT,48,15,17,4,UPI,19,Sunday,0
TXN_029880,CUST_09098,5191.16,UPI,FAILED,BANK_TIMEOUT,36,2,11,5,CARD,3,Saturday,1
TXN_029882,CUST_08125,9366.89,NETBANKING,FAILED,INSUFFICIENT_FUNDS,31,1,4,7,UPI,21,Saturday,0
TXN_029883,CUST_00536,5483.17,CARD,FAILED,OTP_FAILURE,28,10,18,4,NETBANKING,1,Friday,0
TXN_029889,CUST_03953,4912.18,WALLET,FAILED,BANK_SERVER_DOWN,57,1,21,4,UPI,18,Wednesday,0
TXN_029892,CUST_03271,15649.22,CARD,FAILED,LIMIT_EXCEEDED,51,16,8,1,UPI,5,Monday,0
TXN_029894,CUST_07473,11513.97,CARD,FAILED,NETWORK_ERROR,48,8,16,1,WALLET,20,Wednesday,1
TXN_029900,CUST_07226,2185.28,WALLET,FAILED,LIMIT_EXCEEDED,48,27,5,0,WALLET,11,Saturday,0
TXN_029901,CUST_04677,8760.82,WALLET,FAILED,NETWORK_ERROR,53,18,24,1,UPI,8,Tuesday,1
TXN_029906,CUST_04095,3990.91,WALLET,FAILED,CARD_DECLINED,21,11,18,4,WALLET,12,Monday,0
TXN_029919,CUST_08527,12239.24,NETBANKING,FAILED,INSUFFICIENT_FUNDS,30,21,1,6,CARD,23,Tuesday,0
TXN_029920,CUST_00709,2128.84,NETBANKING,FAILED,BANK_TIMEOUT,52,23,8,5,NETBANKING,18,Sunday,1
TXN_029926,CUST_08525,10035.95,CARD,FAILED,BANK_SERVER_DOWN,46,23,13,0,NETBANKING,6,Thursday,0
TXN_029928,CUST_05649,19245.62,UPI,FAILED,LIMIT_EXCEEDED,53,22,4,5,WALLET,23,Wednesday,0
TXN_029929,CUST_09771,22019.94,NETBANKING,FAILED,OTP_FAILURE,56,29,7,0,UPI,21,Tuesday,0
TXN_029937,CUST_04608,13700.23,CARD,FAILED,LIMIT_EXCEEDED,29,27,13,9,NETBANKING,2,Tuesday,1
TXN_029968,CUST_06758,23450.43,NETBANKING,FAILED,NETWORK_ERROR,27,28,15,4,UPI,22,Saturday,1
TXN_029972,CUST_04973,11304.66,CARD,FAILED,LIMIT_EXCEEDED,47,9,2,0,UPI,10,Thursday,0
TXN_029979,CUST_08748,17481.7,NETBANKING,FAILED,CARD_DECLINED,33,12,17,5,WALLET,22,Saturday,0
TXN_029980,CUST_01632,4911.97,WALLET,FAILED,BANK_TIMEOUT,55,23,2,10,NETBANKING,7,Monday,1
TXN_029981,CUST_05734,5946.42,NETBANKING,FAILED,CARD_DECLINED,28,6,23,6,CARD,14,Thursday,0
TXN_029990,CUST_00505,16671.17,NETBANKING,FAILED,INSUFFICIENT_FUNDS,35,5,24,9,NETBANKING,3,Friday,0
TXN_029997,CUST_00697,4929.96,WALLET,FAILED,OTP_FAILURE,51,22,7,2,UPI,1,Friday,0
TXN_029999,CUST_06745,24990.4,CARD,FAILED,INSUFFICIENT_FUNDS,54,6,15,9,WALLET,23,Monday,0
TXN_030007,CUST_02638,15543.99,NETBANKING,FAILED,INSUFFICIENT_FUNDS,30,3,10,9,CARD,11,Wednesday,0
TXN_030015,CUST_06601,10897.53,WALLET,FAILED,NETWORK_ERROR,55,14,12,1,NETBANKING,4,Tuesday,1
TXN_030018,CUST_08144,5082.93,CARD,FAILED,BANK_SERVER_DOWN,44,7,12,3,CARD,2,Friday,0
TXN_030019,CUST_09409,16673.61,UPI,FAILED,NETWORK_ERROR,33,28,1,7,CARD,23,Friday,1
TXN_030030,CUST_00444,7028.34,NETBANKING,FAILED,BANK_TIMEOUT,18,10,17,10,UPI,18,Friday,1
TXN_030045,CUST_03792,24693.41,CARD,FAILED,LIMIT_EXCEEDED,41,26,17,0,WALLET,23,Friday,0
TXN_030060,CUST_01040,10848.53,UPI,FAILED,NETWORK_ERROR,52,10,6,8,CARD,11,Sunday,0
TXN_030074,CUST_09759,4802.68,CARD,FAILED,INSUFFICIENT_FUNDS,27,2,12,8,UPI,12,Wednesday,1
TXN_030076,CUST_00433,8330.93,WALLET,FAILED,OTP_FAILURE,43,14,11,10,NETBANKING,0,Sunday,0
TXN_030081,CUST_06065,22330.47,CARD,FAILED,OTP_FAILURE,51,1,3,4,WALLET,4,Wednesday,0
TXN_030092,CUST_07724,19968.41,NETBANKING,FAILED,OTP_FAILURE,36,30,6,7,NETBANKING,3,Wednesday,0
TXN_030094,CUST_03830,21676.3,CARD,FAILED,BANK_SERVER_DOWN,59,19,14,4,CARD,9,Saturday,1
TXN_030105,CUST_00647,8422.52,NETBANKING,FAILED,INSUFFICIENT_FUNDS,32,7,25,0,UPI,21,Thursday,0
TXN_030108,CUST_02821,3081.31,WALLET,FAILED,NETWORK_ERROR,20,6,7,1,CARD,16,Thursday,0
TXN_030116,CUST_02450,12300.56,CARD,FAILED,INSUFFICIENT_FUNDS,50,25,25,10,NETBANKING,4,Sunday,0
TXN_030130,CUST_06376,20987.9,NETBANKING,FAILED,NETWORK_ERROR,22,25,23,9,WALLET,1,Thursday,1
TXN_030136,CUST_03105,10232.35,CARD,FAILED,LIMIT_EXCEEDED,58,12,1,8,NETBANKING,12,Saturday,0
TXN_030143,CUST_01190,17835.46,WALLET,FAILED,OTP_FAILURE,22,14,8,0,UPI,22,Tuesday,0
TXN_030145,CUST_08761,17608.33,CARD,FAILED,OTP_FAILURE,24,26,17,9,UPI,6,Sunday,0
TXN_030146,CUST_09456,3497.95,CARD,FAILED,CARD_DECLINED,26,25,7,1,UPI,19,Tuesday,1
TXN_030153,CUST_04552,9026.73,UPI,FAILED,NETWORK_ERROR,60,8,10,2,NETBANKING,15,Tuesday,0
TXN_030170,CUST_02391,6778.5,WALLET,FAILED,BANK_SERVER_DOWN,46,14,23,9,UPI,2,Thursday,0
TXN_030178,CUST_06122,4492.41,WALLET,FAILED,BANK_SERVER_DOWN,59,10,15,10,UPI,17,Monday,1
TXN_030179,CUST_09497,10012.01,UPI,FAILED,LIMIT_EXCEEDED,25,26,1,6,CARD,13,Friday,0
TXN_030181,CUST_03249,12178.9,UPI,FAILED,NETWORK_ERROR,20,25,2,10,WALLET,11,Thursday,0
TXN_030194,CUST_04544,23385.74,UPI,FAILED,OTP_FAILURE,51,11,22,9,CARD,12,Thursday,0
TXN_030195,CUST_07440,11181.44,NETBANKING,FAILED,BANK_SERVER_DOWN,18,9,16,6,UPI,10,Thursday,0
TXN_030196,CUST_03099,23639.61,NETBANKING,FAILED,BANK_TIMEOUT,33,11,6,5,CARD,10,Tuesday,1
TXN_030205,CUST_03966,4634.54,CARD,FAILED,LIMIT_EXCEEDED,60,13,20,9,NETBANKING,0,Thursday,0
TXN_030206,CUST_01237,6102.46,WALLET,FAILED,INSUFFICIENT_FUNDS,46,24,5,5,UPI,21,Friday,0
TXN_030209,CUST_08796,12391.09,CARD,FAILED,BANK_TIMEOUT,48,14,14,1,CARD,2,Thursday,1
TXN_030212,CUST_03487,24843.36,WALLET,FAILED,CARD_DECLINED,25,21,20,1,UPI,0,Friday,0
TXN_030213,CUST_03603,22219.48,NETBANKING,FAILED,OTP_FAILURE,45,19,13,9,UPI,12,Saturday,0
TXN_030220,CUST_00116,15955.27,NETBANKING,FAILED,NETWORK_ERROR,43,29,16,8,UPI,10,Tuesday,1
TXN_030226,CUST_05257,20385.66,WALLET,FAILED,OTP_FAILURE,18,14,11,6,CARD,8,Friday,0
TXN_030229,CUST_08475,23923.53,WALLET,FAILED,BANK_SERVER_DOWN,31,26,7,4,NETBANKING,3,Thursday,0
TXN_030239,CUST_08460,24776.07,UPI,FAILED,NETWORK_ERROR,44,25,9,7,WALLET,6,Saturday,1
TXN_030257,CUST_04968,4066.33,WALLET,FAILED,BANK_SERVER_DOWN,49,5,13,2,UPI,5,Saturday,1
TXN_030258,CUST_03727,21206.33,NETBANKING,FAILED,INSUFFICIENT_FUNDS,21,26,17,0,CARD,22,Saturday,1
TXN_030268,CUST_06716,10186.85,CARD,FAILED,BANK_SERVER_DOWN,32,17,19,6,NETBANKING,12,Friday,0
TXN_030288,CUST_02049,12814.65,CARD,FAILED,CARD_DECLINED,45,12,24,10,NETBANKING,8,Saturday,1
TXN_030294,CUST_09778,16838.09,CARD,FAILED,BANK_TIMEOUT,44,23,19,0,UPI,8,Saturday,1
TXN_030297,CUST_01621,18917.04,NETBANKING,FAILED,BANK_SERVER_DOWN,39,24,23,4,UPI,14,Friday,0
TXN_030300,CUST_09616,4626.93,UPI,FAILED,OTP_FAILURE,38,7,22,3,NETBANKING,8,Saturday,0
TXN_030310,CUST_04391,18924.83,WALLET,FAILED,OTP_FAILURE,42,6,10,8,WALLET,16,Friday,1
TXN_030312,CUST_09031,20261.77,WALLET,FAILED,NETWORK_ERROR,28,10,17,4,CARD,9,Monday,0
TXN_030317,CUST_02427,3469.9,NETBANKING,FAILED,OTP_FAILURE,35,11,24,5,WALLET,17,Saturday,0
TXN_030319,CUST_01152,6751.03,NETBANKING,FAILED,LIMIT_EXCEEDED,47,3,16,9,WALLET,15,Sunday,1
TXN_030356,CUST_02461,10831.92,UPI,FAILED,NETWORK_ERROR,40,14,8,4,NETBANKING,0,Thursday,0
TXN_030357,CUST_06398,24926.53,CARD,FAILED,INSUFFICIENT_FUNDS,29,24,10,10,NETBANKING,11,Wednesday,0
TXN_030358,CUST_03800,18296.87,NETBANKING,FAILED,INSUFFICIENT_FUNDS,48,16,5,3,WALLET,18,Tuesday,0
TXN_030361,CUST_03275,11111.01,WALLET,FAILED,LIMIT_EXCEEDED,47,25,3,6,UPI,1,Thursday,0
TXN_030373,CUST_01018,12086.31,NETBANKING,FAILED,INSUFFICIENT_FUNDS,41,28,3,5,UPI,20,Saturday,0
TXN_030384,CUST_01050,12433.29,CARD,FAILED,INSUFFICIENT_FUNDS,45,1,8,4,NETBANKING,15,Monday,0
TXN_030387,CUST_07150,6048.03,WALLET,FAILED,INSUFFICIENT_FUNDS,35,14,23,5,UPI,8,Friday,0
TXN_030392,CUST_04065,3681.1,UPI,FAILED,CARD_DECLINED,54,22,20,4,NETBANKING,3,Monday,1
TXN_030416,CUST_08499,11316.17,UPI,FAILED,CARD_DECLINED,31,21,10,4,WALLET,22,Sunday,1
TXN_030419,CUST_07116,12315.98,UPI,FAILED,CARD_DECLINED,56,26,1,3,WALLET,10,Wednesday,0
TXN_030435,CUST_08481,9119.56,WALLET,FAILED,INSUFFICIENT_FUNDS,22,14,3,1,UPI,3,Monday,0
TXN_030464,CUST_02927,19345.11,UPI,FAILED,CARD_DECLINED,35,5,2,9,UPI,4,Sunday,0
TXN_030477,CUST_06169,24421.09,NETBANKING,FAILED,INSUFFICIENT_FUNDS,30,28,20,10,CARD,23,Tuesday,0
TXN_030480,CUST_02998,12137.82,WALLET,FAILED,OTP_FAILURE,42,28,13,9,WALLET,22,Thursday,1
TXN_030483,CUST_01863,19638.51,NETBANKING,FAILED,BANK_TIMEOUT,44,22,11,3,WALLET,21,Tuesday,0
TXN_030488,CUST_06697,5650.29,WALLET,FAILED,BANK_TIMEOUT,47,4,16,1,UPI,13,Wednesday,1
TXN_030490,CUST_05519,1083.18,CARD,FAILED,BANK_TIMEOUT,35,27,9,5,NETBANKING,0,Wednesday,1
TXN_030491,CUST_04759,22059.96,NETBANKING,FAILED,BANK_TIMEOUT,37,24,9,6,CARD,23,Friday,1
TXN_030493,CUST_06877,5062.47,CARD,FAILED,NETWORK_ERROR,34,10,20,1,CARD,23,Thursday,1
TXN_030495,CUST_03188,22790.09,CARD,FAILED,LIMIT_EXCEEDED,39,17,14,1,WALLET,10,Thursday,0
TXN_030509,CUST_01063,16117.08,NETBANKING,FAILED,BANK_TIMEOUT,60,28,6,1,UPI,23,Wednesday,1
TXN_030517,CUST_09746,13009.89,WALLET,FAILED,INSUFFICIENT_FUNDS,59,3,14,2,WALLET,2,Tuesday,1
TXN_030529,CUST_06206,18512.86,WALLET,FAILED,LIMIT_EXCEEDED,46,20,10,5,CARD,3,Wednesday,0
TXN_030538,CUST_04862,12959.12,WALLET,FAILED,INSUFFICIENT_FUNDS,59,22,15,0,CARD,10,Saturday,0
TXN_030544,CUST_08915,9321.28,NETBANKING,FAILED,CARD_DECLINED,51,15,24,3,WALLET,10,Wednesday,0
TXN_030559,CUST_01260,17550.71,NETBANKING,FAILED,BANK_SERVER_DOWN,50,27,1,1,WALLET,19,Saturday,0
TXN_030569,CUST_08190,24277.79,CARD,FAILED,INSUFFICIENT_FUNDS,44,17,20,5,UPI,14,Tuesday,0
TXN_030572,CUST_05599,2852.26,UPI,FAILED,LIMIT_EXCEEDED,25,8,2,5,NETBANKING,2,Friday,0
TXN_030579,CUST_03023,11954.19,NETBANKING,FAILED,INSUFFICIENT_FUNDS,50,9,22,7,NETBANKING,2,Thursday,1
TXN_030587,CUST_02250,22412.2,UPI,FAILED,CARD_DECLINED,33,13,15,6,WALLET,7,Monday,0
TXN_030595,CUST_07309,18504.31,CARD,FAILED,OTP_FAILURE,38,24,18,3,UPI,20,Tuesday,0
TXN_030596,CUST_00149,23707.42,CARD,FAILED,BANK_TIMEOUT,33,26,6,8,NETBANKING,19,Tuesday,0
TXN_030599,CUST_09912,24631.97,UPI,FAILED,LIMIT_EXCEEDED,36,7,3,7,NETBANKING,20,Wednesday,0
TXN_030607,CUST_07382,1282.5,WALLET,FAILED,LIMIT_EXCEEDED,56,12,2,4,UPI,11,Monday,0
TXN_030611,CUST_02664,10569.75,UPI,FAILED,LIMIT_EXCEEDED,59,25,25,1,NETBANKING,17,Wednesday,0
TXN_030613,CUST_00686,1982.88,WALLET,FAILED,NETWORK_ERROR,40,14,11,3,CARD,20,Wednesday,1
TXN_030617,CUST_09292,7040.78,UPI,FAILED,BANK_TIMEOUT,53,17,11,2,WALLET,4,Friday,1
TXN_030618,CUST_02853,24203.05,WALLET,FAILED,BANK_SERVER_DOWN,56,30,2,6,NETBANKING,8,Friday,0
TXN_030620,CUST_07637,16735.99,UPI,FAILED,BANK_TIMEOUT,21,7,20,7,UPI,16,Thursday,0
TXN_030624,CUST_09512,874.59,NETBANKING,FAILED,BANK_TIMEOUT,53,4,13,8,UPI,23,Monday,1
TXN_030628,CUST_06479,13236.68,UPI,FAILED,LIMIT_EXCEEDED,50,15,11,0,NETBANKING,20,Saturday,0
TXN_030634,CUST_05384,20076.54,UPI,FAILED,BANK_TIMEOUT,57,2,14,2,CARD,21,Thursday,0
TXN_030640,CUST_08661,3561.78,WALLET,FAILED,OTP_FAILURE,40,22,18,8,WALLET,22,Wednesday,1
TXN_030643,CUST_02240,21046.93,CARD,FAILED,BANK_SERVER_DOWN,23,6,18,9,NETBANKING,6,Sunday,0
TXN_030645,CUST_04853,20944.5,CARD,FAILED,INSUFFICIENT_FUNDS,56,16,22,4,WALLET,16,Tuesday,0
TXN_030655,CUST_02050,1810.62,NETBANKING,FAILED,BANK_TIMEOUT,24,21,17,3,CARD,13,Wednesday,1
TXN_030658,CUST_08742,7038.61,CARD,FAILED,BANK_SERVER_DOWN,47,4,10,2,UPI,2,Thursday,0
TXN_030661,CUST_08092,3074.49,UPI,FAILED,NETWORK_ERROR,21,4,2,2,NETBANKING,20,Wednesday,0
TXN_030662,CUST_08842,4669.65,WALLET,FAILED,OTP_FAILURE,30,26,18,5,CARD,3,Thursday,0
TXN_030670,CUST_03333,22717.13,NETBANKING,FAILED,BANK_SERVER_DOWN,35,6,14,9,UPI,5,Friday,1
TXN_030671,CUST_02863,23738.7,WALLET,FAILED,BANK_SERVER_DOWN,44,23,4,9,WALLET,12,Friday,0
TXN_030672,CUST_07738,23169.09,NETBANKING,FAILED,INSUFFICIENT_FUNDS,39,9,10,9,UPI,6,Thursday,0
TXN_030679,CUST_09687,10959.56,UPI,FAILED,INSUFFICIENT_FUNDS,37,7,19,1,CARD,7,Tuesday,0
TXN_030686,CUST_08041,21266.03,WALLET,FAILED,INSUFFICIENT_FUNDS,35,9,20,5,NETBANKING,15,Thursday,0
TXN_030689,CUST_05803,2778.63,CARD,FAILED,OTP_FAILURE,52,28,10,6,CARD,9,Monday,0
TXN_030709,CUST_09843,7549.36,NETBANKING,FAILED,OTP_FAILURE,21,25,20,2,NETBANKING,16,Monday,0
TXN_030715,CUST_01409,14609.08,NETBANKING,FAILED,LIMIT_EXCEEDED,23,22,5,1,WALLET,10,Thursday,0
TXN_030716,CUST_07570,17764.98,WALLET,FAILED,INSUFFICIENT_FUNDS,41,13,8,2,UPI,20,Sunday,0
TXN_030717,CUST_02006,6527.57,NETBANKING,FAILED,BANK_SERVER_DOWN,50,2,18,6,WALLET,21,Sunday,1
TXN_030724,CUST_03252,20462.1,CARD,FAILED,OTP_FAILURE,53,12,6,6,WALLET,17,Saturday,0
TXN_030729,CUST_08670,15581.54,CARD,FAILED,BANK_SERVER_DOWN,59,1,18,7,WALLET,11,Thursday,0
TXN_030730,CUST_02495,22829.67,CARD,FAILED,BANK_SERVER_DOWN,58,21,9,5,WALLET,12,Thursday,0
TXN_030737,CUST_08074,17447.88,WALLET,FAILED,CARD_DECLINED,36,4,13,6,CARD,16,Monday,1
TXN_030738,CUST_05656,15392.01,CARD,FAILED,BANK_TIMEOUT,37,24,20,2,UPI,6,Monday,1
TXN_030739,CUST_04226,289.82,UPI,FAILED,NETWORK_ERROR,55,27,8,0,UPI,13,Friday,1
TXN_030744,CUST_03765,8481.92,WALLET,FAILED,CARD_DECLINED,25,23,8,1,UPI,13,Tuesday,0
TXN_030758,CUST_08289,11862.13,UPI,FAILED,NETWORK_ERROR,39,29,5,9,WALLET,7,Thursday,1
TXN_030768,CUST_09981,23071.65,NETBANKING,FAILED,OTP_FAILURE,34,16,8,3,CARD,4,Thursday,0
TXN_030771,CUST_01563,173.78,NETBANKING,FAILED,OTP_FAILURE,39,8,7,2,WALLET,23,Sunday,0
TXN_030772,CUST_05418,14791.3,UPI,FAILED,CARD_DECLINED,57,28,12,6,CARD,22,Tuesday,0
TXN_030781,CUST_00583,20453.08,NETBANKING,FAILED,NETWORK_ERROR,57,14,17,7,CARD,17,Saturday,0
TXN_030794,CUST_06244,6030.39,CARD,FAILED,BANK_TIMEOUT,40,27,7,5,NETBANKING,3,Tuesday,0
TXN_030805,CUST_02610,21450.63,NETBANKING,FAILED,LIMIT_EXCEEDED,35,5,11,7,UPI,6,Wednesday,0
TXN_030812,CUST_00404,3757.31,WALLET,FAILED,NETWORK_ERROR,59,14,12,7,NETBANKING,22,Thursday,1
TXN_030813,CUST_01357,14710.18,CARD,FAILED,LIMIT_EXCEEDED,51,11,3,2,NETBANKING,10,Tuesday,0
TXN_030814,CUST_03804,17281.43,WALLET,FAILED,NETWORK_ERROR,27,24,18,7,WALLET,21,Thursday,1
TXN_030815,CUST_01031,15855.31,NETBANKING,FAILED,INSUFFICIENT_FUNDS,21,21,5,0,WALLET,9,Friday,0
TXN_030817,CUST_00410,4027.41,CARD,FAILED,BANK_SERVER_DOWN,32,1,1,10,NETBANKING,5,Monday,0
TXN_030826,CUST_09744,24505.24,NETBANKING,FAILED,INSUFFICIENT_FUNDS,31,28,14,10,CARD,22,Saturday,0
TXN_030828,CUST_00144,6235.44,NETBANKING,FAILED,INSUFFICIENT_FUNDS,43,1,20,3,WALLET,10,Friday,0
TXN_030830,CUST_05338,22328.19,NETBANKING,FAILED,LIMIT_EXCEEDED,46,28,13,0,UPI,7,Thursday,0
TXN_030833,CUST_02471,4889.34,NETBANKING,FAILED,CARD_DECLINED,22,23,19,1,CARD,13,Friday,0
TXN_030854,CUST_03741,19151.91,WALLET,FAILED,LIMIT_EXCEEDED,60,4,10,6,CARD,13,Wednesday,0
TXN_030855,CUST_08906,5410.57,NETBANKING,FAILED,LIMIT_EXCEEDED,58,5,22,5,UPI,14,Sunday,0
TXN_030859,CUST_05559,7664.08,UPI,FAILED,BANK_TIMEOUT,32,10,8,0,WALLET,4,Monday,0
TXN_030860,CUST_03805,3599.86,WALLET,FAILED,NETWORK_ERROR,24,15,22,10,NETBANKING,11,Sunday,1
TXN_030873,CUST_06283,6837.72,WALLET,FAILED,CARD_DECLINED,44,3,1,0,NETBANKING,1,Friday,0
TXN_030877,CUST_08931,1530.91,UPI,FAILED,BANK_SERVER_DOWN,23,18,15,1,UPI,8,Saturday,0
TXN_030880,CUST_05024,12867.87,WALLET,FAILED,BANK_TIMEOUT,58,13,5,7,CARD,13,Wednesday,1
TXN_030901,CUST_09409,20932.53,WALLET,FAILED,NETWORK_ERROR,33,28,1,7,CARD,2,Wednesday,1
TXN_030918,CUST_09489,4382.69,NETBANKING,FAILED,LIMIT_EXCEEDED,21,7,9,4,WALLET,16,Friday,0
TXN_030932,CUST_02090,13585.98,WALLET,FAILED,OTP_FAILURE,40,7,17,6,CARD,9,Monday,1
TXN_030933,CUST_03714,700.55,UPI,FAILED,INSUFFICIENT_FUNDS,27,21,1,8,NETBANKING,15,Wednesday,0
TXN_030935,CUST_01150,21693.44,CARD,FAILED,OTP_FAILURE,60,25,14,10,NETBANKING,2,Tuesday,0
TXN_030939,CUST_06484,13794.09,UPI,FAILED,CARD_DECLINED,30,9,7,1,CARD,9,Sunday,0
TXN_030949,CUST_03256,4878.62,NETBANKING,FAILED,BANK_TIMEOUT,27,21,18,8,CARD,17,Thursday,1
TXN_030951,CUST_08115,16921.31,NETBANKING,FAILED,BANK_TIMEOUT,51,1,16,3,CARD,20,Saturday,0
TXN_030957,CUST_00746,15037.58,NETBANKING,FAILED,OTP_FAILURE,31,18,9,8,WALLET,21,Monday,0
TXN_030958,CUST_00334,2217.12,CARD,FAILED,INSUFFICIENT_FUNDS,53,27,10,1,UPI,5,Thursday,0
TXN_030959,CUST_01150,10149.8,WALLET,FAILED,BANK_TIMEOUT,60,25,14,10,NETBANKING,7,Friday,1
TXN_030963,CUST_02159,21969.41,CARD,FAILED,INSUFFICIENT_FUNDS,30,4,20,9,WALLET,3,Saturday,0
TXN_030968,CUST_08262,17234.89,UPI,FAILED,CARD_DECLINED,54,25,14,2,NETBANKING,18,Tuesday,0
TXN_030984,CUST_00638,20569.81,CARD,FAILED,BANK_TIMEOUT,20,27,12,2,UPI,17,Saturday,1
TXN_030993,CUST_08206,532.88,NETBANKING,FAILED,INSUFFICIENT_FUNDS,18,12,1,9,UPI,6,Friday,0
TXN_030997,CUST_01708,19758.85,CARD,FAILED,BANK_TIMEOUT,52,19,14,0,NETBANKING,16,Friday,1
TXN_030998,CUST_05866,314.23,NETBANKING,FAILED,OTP_FAILURE,59,10,4,9,WALLET,20,Friday,0
TXN_031008,CUST_07298,5345.75,WALLET,FAILED,LIMIT_EXCEEDED,45,3,3,3,NETBANKING,13,Wednesday,0
TXN_031018,CUST_03186,8291.57,WALLET,FAILED,BANK_SERVER_DOWN,25,23,16,0,UPI,22,Monday,1
TXN_031030,CUST_07134,127.94,NETBANKING,FAILED,OTP_FAILURE,28,30,1,9,WALLET,9,Thursday,1
TXN_031032,CUST_07191,16412.67,CARD,FAILED,CARD_DECLINED,59,16,23,8,UPI,20,Friday,0
TXN_031037,CUST_00378,23707.23,WALLET,FAILED,BANK_TIMEOUT,48,20,19,2,WALLET,19,Friday,1
TXN_031046,CUST_08489,5831.94,CARD,FAILED,OTP_FAILURE,56,13,16,8,CARD,23,Tuesday,0
TXN_031056,CUST_06449,19260.18,NETBANKING,FAILED,BANK_SERVER_DOWN,60,24,5,0,WALLET,6,Monday,0
TXN_031058,CUST_08365,5192.57,UPI,FAILED,BANK_SERVER_DOWN,43,13,18,10,NETBANKING,4,Tuesday,0
TXN_031063,CUST_08522,20901.85,WALLET,FAILED,NETWORK_ERROR,58,8,15,0,UPI,4,Wednesday,0
TXN_031068,CUST_06833,13339.66,WALLET,FAILED,OTP_FAILURE,38,5,13,8,UPI,8,Monday,0
TXN_031075,CUST_09421,16253.39,NETBANKING,FAILED,CARD_DECLINED,32,11,6,10,NETBANKING,6,Friday,0
TXN_031078,CUST_00123,19781.14,NETBANKING,FAILED,OTP_FAILURE,24,15,21,3,CARD,21,Thursday,0
TXN_031086,CUST_09997,6146.24,WALLET,FAILED,LIMIT_EXCEEDED,25,21,3,1,UPI,2,Monday,0
TXN_031089,CUST_05603,5964.29,CARD,FAILED,CARD_DECLINED,51,24,7,0,CARD,7,Sunday,0
TXN_031091,CUST_06511,19514.84,WALLET,FAILED,NETWORK_ERROR,20,12,22,1,UPI,1,Sunday,0
TXN_031104,CUST_07055,23819.55,CARD,FAILED,BANK_TIMEOUT,51,9,5,10,CARD,22,Monday,1
TXN_031121,CUST_07968,10283.29,NETBANKING,FAILED,BANK_SERVER_DOWN,47,27,21,4,WALLET,2,Tuesday,0
TXN_031132,CUST_04482,10690.96,WALLET,FAILED,INSUFFICIENT_FUNDS,45,13,21,5,WALLET,5,Saturday,0
TXN_031139,CUST_08484,15618.58,UPI,FAILED,LIMIT_EXCEEDED,35,17,15,3,UPI,8,Friday,1
TXN_031147,CUST_04940,6259.04,NETBANKING,FAILED,BANK_TIMEOUT,46,5,24,2,CARD,3,Friday,0
TXN_031155,CUST_04294,19522.83,NETBANKING,FAILED,OTP_FAILURE,19,26,13,0,UPI,14,Thursday,0
TXN_031158,CUST_01415,12584.68,NETBANKING,FAILED,LIMIT_EXCEEDED,19,11,21,10,NETBANKING,6,Saturday,0
TXN_031162,CUST_01315,11256.69,UPI,FAILED,BANK_TIMEOUT,21,29,6,7,WALLET,1,Sunday,0
TXN_031168,CUST_00255,17204.19,NETBANKING,FAILED,CARD_DECLINED,27,18,1,0,UPI,20,Wednesday,0
TXN_031176,CUST_00376,23768.52,CARD,FAILED,INSUFFICIENT_FUNDS,49,7,13,7,WALLET,9,Sunday,0
TXN_031188,CUST_08340,6264.98,CARD,FAILED,LIMIT_EXCEEDED,38,20,15,2,NETBANKING,3,Friday,0
TXN_031201,CUST_08545,9337.77,UPI,FAILED,OTP_FAILURE,21,7,16,10,CARD,5,Saturday,1
TXN_031210,CUST_05726,7248.28,CARD,FAILED,LIMIT_EXCEEDED,42,26,24,2,NETBANKING,13,Sunday,0
TXN_031213,CUST_04723,12694.29,WALLET,FAILED,BANK_TIMEOUT,37,8,6,10,CARD,17,Wednesday,1
TXN_031214,CUST_03592,4505.51,UPI,FAILED,NETWORK_ERROR,59,4,25,6,NETBANKING,11,Friday,0
TXN_031225,CUST_02598,2299.8,WALLET,FAILED,BANK_SERVER_DOWN,18,17,5,0,NETBANKING,12,Tuesday,0
TXN_031226,CUST_03498,11816.83,UPI,FAILED,BANK_TIMEOUT,27,11,11,7,UPI,1,Monday,0
TXN_031227,CUST_03798,10431.75,NETBANKING,FAILED,OTP_FAILURE,60,21,1,9,UPI,17,Thursday,0
TXN_031229,CUST_00860,19464.94,NETBANKING,FAILED,BANK_SERVER_DOWN,50,11,6,4,WALLET,8,Monday,0
TXN_031243,CUST_01107,18720.2,WALLET,FAILED,BANK_TIMEOUT,27,12,14,1,NETBANKING,19,Saturday,1
TXN_031255,CUST_07500,20087.54,UPI,FAILED,INSUFFICIENT_FUNDS,18,25,24,8,WALLET,16,Friday,0
TXN_031256,CUST_06579,17708.2,WALLET,FAILED,LIMIT_EXCEEDED,36,27,14,1,NETBANKING,23,Saturday,0
TXN_031260,CUST_05665,16858.56,UPI,FAILED,INSUFFICIENT_FUNDS,24,27,24,10,UPI,1,Wednesday,1
TXN_031285,CUST_08091,17183.88,NETBANKING,FAILED,BANK_SERVER_DOWN,48,19,24,6,UPI,5,Sunday,0
TXN_031299,CUST_03284,18721.85,CARD,FAILED,NETWORK_ERROR,34,2,9,8,NETBANKING,23,Tuesday,0
TXN_031302,CUST_08147,7416.97,UPI,FAILED,BANK_TIMEOUT,24,17,4,0,NETBANKING,20,Monday,0
TXN_031307,CUST_09517,5837.69,WALLET,FAILED,INSUFFICIENT_FUNDS,46,20,24,5,CARD,22,Sunday,0
TXN_031326,CUST_03913,24181.05,WALLET,FAILED,BANK_TIMEOUT,24,14,14,8,CARD,16,Saturday,1
TXN_031329,CUST_00720,13698.59,UPI,FAILED,NETWORK_ERROR,25,3,13,3,UPI,14,Wednesday,1
TXN_031332,CUST_09852,12401.69,CARD,FAILED,INSUFFICIENT_FUNDS,41,23,5,2,WALLET,19,Thursday,0
TXN_031337,CUST_00876,21820.02,UPI,FAILED,BANK_TIMEOUT,25,12,14,9,WALLET,17,Wednesday,0
TXN_031340,CUST_03207,15374.49,WALLET,FAILED,LIMIT_EXCEEDED,21,10,3,5,NETBANKING,16,Friday,0
TXN_031350,CUST_09124,21463.98,WALLET,FAILED,INSUFFICIENT_FUNDS,50,5,12,2,CARD,13,Thursday,1
TXN_031358,CUST_06399,6622.48,WALLET,FAILED,CARD_DECLINED,27,5,10,6,UPI,15,Saturday,0
TXN_031366,CUST_09468,17605.91,UPI,FAILED,CARD_DECLINED,21,17,17,10,CARD,12,Wednesday,0
TXN_031372,CUST_09845,20936.48,WALLET,FAILED,BANK_TIMEOUT,42,2,13,6,CARD,16,Tuesday,0
TXN_031376,CUST_00312,1050.64,WALLET,FAILED,OTP_FAILURE,28,18,8,0,UPI,9,Monday,0
TXN_031379,CUST_01529,3255.14,UPI,FAILED,BANK_TIMEOUT,46,23,19,0,UPI,17,Monday,1
TXN_031382,CUST_01657,18401.43,CARD,FAILED,NETWORK_ERROR,56,20,17,9,WALLET,0,Sunday,0
TXN_031386,CUST_04336,16837.04,WALLET,FAILED,BANK_SERVER_DOWN,42,15,24,2,WALLET,13,Friday,1
TXN_031408,CUST_09663,10765.82,WALLET,FAILED,BANK_TIMEOUT,59,23,25,8,NETBANKING,20,Saturday,0
TXN_031416,CUST_04272,1853.67,UPI,FAILED,BANK_SERVER_DOWN,32,23,6,6,CARD,15,Sunday,0
TXN_031418,CUST_03779,18644.66,CARD,FAILED,CARD_DECLINED,23,16,18,8,WALLET,2,Tuesday,0
TXN_031427,CUST_06880,8168.87,UPI,FAILED,BANK_TIMEOUT,45,3,19,1,UPI,18,Saturday,0
TXN_031435,CUST_00730,20269.05,CARD,FAILED,LIMIT_EXCEEDED,53,7,1,10,CARD,20,Sunday,0
TXN_031437,CUST_01002,2886.89,WALLET,FAILED,LIMIT_EXCEEDED,47,7,9,4,WALLET,12,Monday,1
TXN_031442,CUST_08434,10439.45,WALLET,FAILED,BANK_SERVER_DOWN,55,14,19,10,CARD,12,Saturday,0
TXN_031448,CUST_07398,23805.1,CARD,FAILED,LIMIT_EXCEEDED,20,4,16,10,NETBANKING,7,Wednesday,0
TXN_031450,CUST_09518,23624.74,NETBANKING,FAILED,INSUFFICIENT_FUNDS,21,25,13,2,WALLET,14,Friday,0
TXN_031453,CUST_02615,21120.59,WALLET,FAILED,LIMIT_EXCEEDED,35,14,2,8,NETBANKING,11,Thursday,0
TXN_031461,CUST_04335,15489.01,WALLET,FAILED,BANK_TIMEOUT,30,3,4,5,CARD,9,Thursday,1
TXN_031464,CUST_08284,14554.55,UPI,FAILED,LIMIT_EXCEEDED,57,17,22,0,UPI,12,Friday,0
TXN_031468,CUST_06392,18611.59,WALLET,FAILED,OTP_FAILURE,37,3,7,4,UPI,2,Saturday,0
TXN_031472,CUST_03008,10368.45,CARD,FAILED,INSUFFICIENT_FUNDS,35,4,16,8,CARD,11,Monday,1
TXN_031479,CUST_03781,764.44,CARD,FAILED,OTP_FAILURE,18,27,20,7,NETBANKING,9,Sunday,1
TXN_031480,CUST_00263,3579.75,WALLET,FAILED,LIMIT_EXCEEDED,58,23,2,0,UPI,21,Wednesday,0
TXN_031486,CUST_07025,10211.82,WALLET,FAILED,BANK_TIMEOUT,40,19,11,7,NETBANKING,9,Monday,0
TXN_031488,CUST_07082,22866.46,UPI,FAILED,BANK_TIMEOUT,53,24,16,9,NETBANKING,19,Monday,0
TXN_031497,CUST_02832,14366.07,WALLET,FAILED,BANK_TIMEOUT,60,29,2,7,UPI,13,Wednesday,0
TXN_031499,CUST_03435,7746.54,UPI,FAILED,LIMIT_EXCEEDED,25,21,5,3,UPI,7,Friday,1
TXN_031503,CUST_01346,122.09,CARD,FAILED,INSUFFICIENT_FUNDS,41,3,1,6,CARD,21,Sunday,0
TXN_031510,CUST_03386,4459.81,WALLET,FAILED,LIMIT_EXCEEDED,39,17,20,8,UPI,14,Friday,0
TXN_031523,CUST_08677,7901.58,NETBANKING,FAILED,BANK_TIMEOUT,18,11,21,2,UPI,4,Friday,1
TXN_031529,CUST_09233,22640.05,CARD,FAILED,NETWORK_ERROR,28,24,17,6,WALLET,18,Friday,0
TXN_031534,CUST_05636,7244.73,WALLET,FAILED,BANK_SERVER_DOWN,41,27,10,1,CARD,12,Friday,0
TXN_031543,CUST_07369,20421.14,UPI,FAILED,NETWORK_ERROR,55,3,7,7,WALLET,9,Sunday,0
TXN_031545,CUST_05700,1719.02,CARD,FAILED,NETWORK_ERROR,24,2,10,1,WALLET,19,Sunday,1
TXN_031548,CUST_03771,17939.81,CARD,FAILED,INSUFFICIENT_FUNDS,54,15,23,5,NETBANKING,15,Friday,0
TXN_031551,CUST_05767,11272.08,WALLET,FAILED,NETWORK_ERROR,40,8,1,10,CARD,14,Monday,0
TXN_031557,CUST_06064,11090.6,WALLET,FAILED,BANK_TIMEOUT,19,29,22,7,UPI,16,Tuesday,0
TXN_031559,CUST_01579,5025.25,CARD,FAILED,BANK_SERVER_DOWN,50,16,6,1,NETBANKING,10,Sunday,0
TXN_031562,CUST_09707,16762.46,CARD,FAILED,BANK_SERVER_DOWN,28,17,8,9,UPI,6,Thursday,0
TXN_031563,CUST_05664,10923.95,CARD,FAILED,OTP_FAILURE,56,16,7,6,WALLET,23,Wednesday,0
TXN_031570,CUST_04868,19892.53,WALLET,FAILED,BANK_SERVER_DOWN,52,17,24,0,UPI,16,Friday,0
TXN_031579,CUST_07679,24005.36,CARD,FAILED,BANK_TIMEOUT,53,25,9,7,UPI,21,Monday,0
TXN_031604,CUST_01441,9780.89,CARD,FAILED,INSUFFICIENT_FUNDS,25,9,12,3,UPI,23,Monday,0
TXN_031611,CUST_07041,19661.64,WALLET,FAILED,INSUFFICIENT_FUNDS,38,8,21,4,UPI,3,Wednesday,0
TXN_031613,CUST_08967,16398.57,NETBANKING,FAILED,CARD_DECLINED,40,12,7,6,NETBANKING,0,Monday,1
TXN_031616,CUST_03886,21739.8,UPI,FAILED,INSUFFICIENT_FUNDS,49,25,20,9,WALLET,9,Tuesday,0
TXN_031629,CUST_05458,7734.58,NETBANKING,FAILED,BANK_SERVER_DOWN,26,18,3,6,UPI,9,Sunday,0
TXN_031633,CUST_09888,13632.01,WALLET,FAILED,OTP_FAILURE,23,4,15,8,NETBANKING,6,Friday,0
TXN_031635,CUST_04802,12733.0,CARD,FAILED,LIMIT_EXCEEDED,33,26,18,5,WALLET,19,Friday,0
TXN_031638,CUST_09975,15231.49,WALLET,FAILED,BANK_SERVER_DOWN,33,9,19,2,NETBANKING,7,Thursday,0
TXN_031648,CUST_08264,10913.33,NETBANKING,FAILED,OTP_FAILURE,31,14,16,3,NETBANKING,15,Wednesday,0
TXN_031649,CUST_03429,18742.91,CARD,FAILED,OTP_FAILURE,55,12,20,1,UPI,1,Wednesday,1
TXN_031659,CUST_01643,13639.62,UPI,FAILED,OTP_FAILURE,18,28,23,0,NETBANKING,13,Friday,1
TXN_031665,CUST_00660,16384.08,NETBANKING,FAILED,NETWORK_ERROR,45,15,14,1,WALLET,3,Wednesday,1
TXN_031668,CUST_03839,10527.37,CARD,FAILED,BANK_TIMEOUT,52,16,9,1,WALLET,5,Sunday,1
TXN_031672,CUST_02481,8409.82,NETBANKING,FAILED,INSUFFICIENT_FUNDS,37,24,25,3,NETBANKING,8,Sunday,1
TXN_031676,CUST_06930,3085.46,WALLET,FAILED,INSUFFICIENT_FUNDS,18,2,24,0,WALLET,2,Friday,0
TXN_031682,CUST_09790,13048.01,CARD,FAILED,BANK_TIMEOUT,24,26,2,10,WALLET,12,Tuesday,0
TXN_031683,CUST_05377,13170.27,UPI,FAILED,INSUFFICIENT_FUNDS,58,23,14,8,UPI,6,Monday,1
TXN_031689,CUST_05193,12406.78,UPI,FAILED,CARD_DECLINED,32,26,24,1,CARD,15,Friday,0
TXN_031698,CUST_03425,18998.81,UPI,FAILED,NETWORK_ERROR,33,14,11,3,CARD,14,Monday,0
TXN_031718,CUST_00900,6941.9,CARD,FAILED,OTP_FAILURE,59,19,25,4,WALLET,15,Monday,1
TXN_031719,CUST_03692,18964.54,UPI,FAILED,OTP_FAILURE,42,27,17,9,NETBANKING,13,Tuesday,0
TXN_031726,CUST_04704,684.45,WALLET,FAILED,BANK_TIMEOUT,56,10,22,8,WALLET,18,Saturday,1
TXN_031732,CUST_01426,18431.33,NETBANKING,FAILED,NETWORK_ERROR,26,5,23,9,CARD,13,Tuesday,1
TXN_031735,CUST_03842,2569.87,UPI,FAILED,NETWORK_ERROR,36,26,19,4,NETBANKING,21,Friday,1
TXN_031737,CUST_03609,8712.34,WALLET,FAILED,OTP_FAILURE,52,8,15,10,UPI,19,Wednesday,0
TXN_031741,CUST_00289,16174.41,WALLET,FAILED,OTP_FAILURE,38,17,13,10,CARD,15,Wednesday,0
TXN_031767,CUST_08268,11161.84,CARD,FAILED,BANK_TIMEOUT,59,8,1,5,CARD,11,Saturday,0
TXN_031768,CUST_00814,1760.01,WALLET,FAILED,INSUFFICIENT_FUNDS,40,28,6,3,UPI,9,Monday,1
TXN_031774,CUST_03433,2411.4,NETBANKING,FAILED,BANK_TIMEOUT,54,12,23,6,WALLET,1,Saturday,1
TXN_031786,CUST_09727,4254.07,UPI,FAILED,NETWORK_ERROR,18,20,21,7,CARD,15,Friday,1
TXN_031798,CUST_03476,10000.11,UPI,FAILED,LIMIT_EXCEEDED,46,18,16,8,CARD,15,Tuesday,0
TXN_031799,CUST_03575,824.63,NETBANKING,FAILED,LIMIT_EXCEEDED,55,21,20,1,UPI,18,Sunday,1
TXN_031810,CUST_02612,8492.5,UPI,FAILED,OTP_FAILURE,38,21,23,0,UPI,10,Sunday,0
TXN_031814,CUST_06238,23921.75,UPI,FAILED,INSUFFICIENT_FUNDS,46,19,20,10,UPI,12,Wednesday,0
TXN_031820,CUST_06359,9849.32,UPI,FAILED,LIMIT_EXCEEDED,26,16,25,6,CARD,23,Saturday,1
TXN_031827,CUST_05950,18421.07,NETBANKING,FAILED,INSUFFICIENT_FUNDS,56,9,11,5,NETBANKING,22,Tuesday,0
TXN_031828,CUST_01109,15721.84,UPI,FAILED,BANK_SERVER_DOWN,19,29,19,9,CARD,5,Saturday,0
TXN_031833,CUST_03776,5093.51,UPI,FAILED,BANK_TIMEOUT,22,12,15,5,UPI,17,Friday,1
TXN_031836,CUST_08006,12679.57,WALLET,FAILED,OTP_FAILURE,48,4,17,1,UPI,4,Saturday,0
TXN_031839,CUST_00822,3069.54,WALLET,FAILED,CARD_DECLINED,39,18,3,0,NETBANKING,4,Thursday,0
TXN_031851,CUST_04001,9602.79,UPI,FAILED,INSUFFICIENT_FUNDS,60,13,10,7,CARD,14,Thursday,1
TXN_031855,CUST_09325,1490.7,UPI,FAILED,INSUFFICIENT_FUNDS,21,30,2,2,CARD,20,Wednesday,0
TXN_031860,CUST_09745,1188.45,WALLET,FAILED,CARD_DECLINED,31,14,1,9,UPI,3,Thursday,1
TXN_031897,CUST_08580,18814.83,CARD,FAILED,CARD_DECLINED,29,15,17,3,CARD,22,Saturday,1
TXN_031908,CUST_01267,1752.78,NETBANKING,FAILED,LIMIT_EXCEEDED,46,23,7,7,CARD,11,Monday,1
TXN_031909,CUST_03113,20606.74,NETBANKING,FAILED,INSUFFICIENT_FUNDS,26,21,24,7,UPI,21,Tuesday,0
TXN_031913,CUST_09193,754.01,WALLET,FAILED,CARD_DECLINED,42,22,5,10,WALLET,12,Friday,0
TXN_031916,CUST_02130,22757.31,CARD,FAILED,NETWORK_ERROR,51,4,4,3,CARD,12,Saturday,1
TXN_031936,CUST_01505,6898.23,UPI,FAILED,BANK_TIMEOUT,35,4,9,1,NETBANKING,8,Wednesday,1
TXN_031939,CUST_05349,11362.3,WALLET,FAILED,NETWORK_ERROR,21,4,11,2,WALLET,16,Wednesday,0
TXN_031950,CUST_03226,294.34,WALLET,FAILED,NETWORK_ERROR,38,22,10,1,NETBANKING,1,Monday,0
TXN_031951,CUST_08493,14612.4,NETBANKING,FAILED,CARD_DECLINED,45,8,22,10,WALLET,18,Tuesday,0
TXN_031960,CUST_09408,14314.65,NETBANKING,FAILED,BANK_TIMEOUT,57,21,13,3,UPI,13,Sunday,0
TXN_031961,CUST_00392,16621.63,NETBANKING,FAILED,NETWORK_ERROR,24,27,9,5,WALLET,12,Tuesday,0
TXN_031965,CUST_06274,3962.56,WALLET,FAILED,NETWORK_ERROR,58,9,18,1,CARD,2,Friday,1
TXN_031966,CUST_01176,1676.89,NETBANKING,FAILED,NETWORK_ERROR,26,30,17,3,UPI,16,Thursday,0
TXN_031967,CUST_04885,21473.31,WALLET,FAILED,LIMIT_EXCEEDED,18,28,2,3,CARD,2,Saturday,0
TXN_031973,CUST_03256,10189.45,WALLET,FAILED,NETWORK_ERROR,27,21,18,8,CARD,2,Saturday,1
TXN_031981,CUST_06049,15287.71,WALLET,FAILED,LIMIT_EXCEEDED,51,6,22,9,WALLET,3,Thursday,0
TXN_031982,CUST_07966,12081.41,CARD,FAILED,INSUFFICIENT_FUNDS,32,16,22,1,WALLET,15,Thursday,1
TXN_031986,CUST_06668,17037.69,WALLET,FAILED,BANK_TIMEOUT,19,3,13,2,CARD,8,Sunday,1
TXN_032000,CUST_06131,22343.84,WALLET,FAILED,BANK_TIMEOUT,26,21,8,8,NETBANKING,0,Monday,0
TXN_032008,CUST_01526,3902.05,UPI,FAILED,CARD_DECLINED,56,24,6,5,WALLET,4,Wednesday,0
TXN_032015,CUST_09329,4080.49,UPI,FAILED,INSUFFICIENT_FUNDS,44,2,4,4,CARD,17,Friday,0
TXN_032018,CUST_02930,9733.45,WALLET,FAILED,NETWORK_ERROR,27,29,14,5,UPI,3,Friday,1
TXN_032020,CUST_06942,4086.45,UPI,FAILED,BANK_SERVER_DOWN,31,8,11,0,UPI,22,Tuesday,0
TXN_032031,CUST_01679,19207.0,CARD,FAILED,OTP_FAILURE,20,23,1,1,WALLET,4,Sunday,0
TXN_032033,CUST_08169,3447.2,CARD,FAILED,CARD_DECLINED,39,5,2,2,NETBANKING,18,Saturday,0
TXN_032035,CUST_06462,12434.58,UPI,FAILED,INSUFFICIENT_FUNDS,33,25,14,5,WALLET,5,Monday,0
TXN_032040,CUST_01713,20950.01,CARD,FAILED,OTP_FAILURE,47,14,7,6,WALLET,10,Tuesday,0
TXN_032049,CUST_07302,20652.34,NETBANKING,FAILED,OTP_FAILURE,28,6,4,4,UPI,7,Friday,0
TXN_032058,CUST_07208,10198.43,CARD,FAILED,BANK_TIMEOUT,32,15,22,0,WALLET,16,Friday,1
TXN_032065,CUST_02588,13552.66,NETBANKING,FAILED,BANK_SERVER_DOWN,27,3,2,0,CARD,0,Thursday,0
TXN_032090,CUST_08322,14878.98,UPI,FAILED,LIMIT_EXCEEDED,25,1,8,1,WALLET,1,Wednesday,0
TXN_032108,CUST_01473,19363.96,UPI,FAILED,BANK_TIMEOUT,36,5,14,5,NETBANKING,18,Monday,1
TXN_032109,CUST_04732,21911.48,WALLET,FAILED,LIMIT_EXCEEDED,31,13,15,2,CARD,16,Saturday,0
TXN_032111,CUST_07029,20096.24,WALLET,FAILED,BANK_SERVER_DOWN,42,13,23,0,NETBANKING,6,Tuesday,0
TXN_032112,CUST_07623,2097.03,WALLET,FAILED,BANK_TIMEOUT,38,24,17,3,NETBANKING,7,Tuesday,1
TXN_032115,CUST_02207,2855.54,UPI,FAILED,INSUFFICIENT_FUNDS,46,19,7,5,NETBANKING,0,Tuesday,0
TXN_032120,CUST_08122,300.99,CARD,FAILED,LIMIT_EXCEEDED,48,5,16,0,WALLET,6,Thursday,0
TXN_032129,CUST_04382,13387.5,CARD,FAILED,BANK_SERVER_DOWN,60,14,9,2,WALLET,16,Monday,0
TXN_032135,CUST_09239,23354.43,NETBANKING,FAILED,INSUFFICIENT_FUNDS,53,9,2,5,CARD,0,Sunday,0
TXN_032141,CUST_01979,7690.14,NETBANKING,FAILED,BANK_TIMEOUT,45,26,4,5,NETBANKING,19,Saturday,1
TXN_032143,CUST_08153,13588.22,UPI,FAILED,LIMIT_EXCEEDED,18,26,13,6,WALLET,12,Wednesday,0
TXN_032145,CUST_00072,24000.97,UPI,FAILED,BANK_SERVER_DOWN,49,26,15,6,CARD,17,Monday,0
TXN_032150,CUST_03763,800.63,UPI,FAILED,CARD_DECLINED,35,12,16,8,UPI,9,Monday,1
TXN_032155,CUST_03680,19671.62,NETBANKING,FAILED,BANK_TIMEOUT,45,10,1,8,CARD,18,Friday,1
TXN_032160,CUST_04152,16972.4,NETBANKING,FAILED,LIMIT_EXCEEDED,48,13,12,7,WALLET,18,Tuesday,0
TXN_032164,CUST_07787,20362.25,NETBANKING,FAILED,CARD_DECLINED,44,23,23,5,UPI,8,Monday,1
TXN_032172,CUST_06712,7616.43,UPI,FAILED,OTP_FAILURE,44,7,3,8,NETBANKING,9,Monday,0
TXN_032191,CUST_06594,3228.82,CARD,FAILED,LIMIT_EXCEEDED,37,9,15,2,NETBANKING,9,Thursday,0
TXN_032198,CUST_00834,4330.48,UPI,FAILED,CARD_DECLINED,25,17,2,10,NETBANKING,9,Saturday,0
TXN_032203,CUST_02016,16417.76,NETBANKING,FAILED,LIMIT_EXCEEDED,53,27,14,5,CARD,6,Thursday,0
TXN_032205,CUST_03191,11887.79,CARD,FAILED,BANK_SERVER_DOWN,18,29,1,3,CARD,3,Saturday,0
TXN_032212,CUST_01527,1571.65,CARD,FAILED,LIMIT_EXCEEDED,48,11,16,10,UPI,0,Wednesday,1
TXN_032213,CUST_07127,11645.64,CARD,FAILED,BANK_TIMEOUT,52,19,9,4,NETBANKING,17,Tuesday,0
TXN_032225,CUST_08971,16343.88,WALLET,FAILED,CARD_DECLINED,41,27,7,6,NETBANKING,15,Friday,0
TXN_032226,CUST_03414,19895.53,UPI,FAILED,LIMIT_EXCEEDED,36,11,3,3,WALLET,2,Friday,0
TXN_032228,CUST_03216,10785.77,UPI,FAILED,LIMIT_EXCEEDED,31,18,4,3,UPI,17,Saturday,0
TXN_032238,CUST_03870,23080.26,WALLET,FAILED,INSUFFICIENT_FUNDS,41,6,25,2,NETBANKING,6,Sunday,0
TXN_032242,CUST_09697,24270.4,WALLET,FAILED,INSUFFICIENT_FUNDS,30,17,21,7,NETBANKING,8,Thursday,0
TXN_032247,CUST_08953,15028.86,WALLET,FAILED,BANK_SERVER_DOWN,40,30,15,8,NETBANKING,22,Tuesday,0
TXN_032260,CUST_09942,15129.15,UPI,FAILED,LIMIT_EXCEEDED,18,29,16,8,UPI,21,Tuesday,0
TXN_032262,CUST_01653,22462.37,WALLET,FAILED,NETWORK_ERROR,21,20,7,1,CARD,3,Sunday,0
TXN_032263,CUST_07201,1270.95,UPI,FAILED,BANK_TIMEOUT,57,15,9,4,WALLET,15,Saturday,1
TXN_032265,CUST_05675,12793.44,UPI,FAILED,INSUFFICIENT_FUNDS,34,11,10,7,UPI,8,Saturday,1
TXN_032273,CUST_00355,16294.97,WALLET,FAILED,BANK_TIMEOUT,45,9,2,3,WALLET,7,Tuesday,0
TXN_032288,CUST_05213,8980.24,WALLET,FAILED,LIMIT_EXCEEDED,28,24,23,5,CARD,0,Thursday,0
TXN_032290,CUST_04516,10398.21,UPI,FAILED,OTP_FAILURE,34,20,14,3,UPI,15,Monday,1
TXN_032294,CUST_08611,16070.06,WALLET,FAILED,OTP_FAILURE,20,29,6,5,UPI,4,Tuesday,0
TXN_032301,CUST_08891,8645.24,CARD,FAILED,NETWORK_ERROR,60,14,10,6,UPI,6,Saturday,1
TXN_032314,CUST_04204,17287.71,CARD,FAILED,BANK_TIMEOUT,22,17,11,9,CARD,19,Thursday,1
TXN_032319,CUST_05305,16800.67,UPI,FAILED,INSUFFICIENT_FUNDS,40,24,24,0,UPI,8,Monday,0
TXN_032321,CUST_08009,20254.74,CARD,FAILED,CARD_DECLINED,58,30,9,8,WALLET,5,Sunday,0
TXN_032325,CUST_01120,21531.98,WALLET,FAILED,BANK_TIMEOUT,25,10,14,4,UPI,18,Monday,0
TXN_032340,CUST_06525,8701.66,CARD,FAILED,CARD_DECLINED,25,11,6,4,UPI,7,Sunday,0
TXN_032345,CUST_09786,10572.33,WALLET,FAILED,NETWORK_ERROR,47,11,7,9,NETBANKING,15,Friday,1
TXN_032349,CUST_07787,21588.45,UPI,FAILED,CARD_DECLINED,44,23,23,5,UPI,3,Monday,0
TXN_032353,CUST_00503,10145.35,NETBANKING,FAILED,BANK_SERVER_DOWN,51,15,16,5,WALLET,19,Tuesday,1
TXN_032354,CUST_02221,2309.82,WALLET,FAILED,OTP_FAILURE,59,25,4,10,NETBANKING,23,Thursday,0
TXN_032363,CUST_04446,20818.09,NETBANKING,FAILED,OTP_FAILURE,52,11,2,5,UPI,6,Friday,0
TXN_032369,CUST_08136,22842.73,WALLET,FAILED,INSUFFICIENT_FUNDS,30,9,20,3,NETBANKING,10,Friday,1
TXN_032374,CUST_03643,24832.97,NETBANKING,FAILED,INSUFFICIENT_FUNDS,28,20,25,7,UPI,0,Sunday,0
TXN_032377,CUST_05672,9584.62,CARD,FAILED,LIMIT_EXCEEDED,47,28,3,4,NETBANKING,11,Tuesday,0
TXN_032385,CUST_02161,20364.63,WALLET,FAILED,BANK_SERVER_DOWN,41,2,5,9,NETBANKING,5,Friday,0
TXN_032393,CUST_03287,2026.98,NETBANKING,FAILED,OTP_FAILURE,37,29,14,5,UPI,16,Thursday,1
TXN_032405,CUST_02764,12677.53,CARD,FAILED,INSUFFICIENT_FUNDS,38,27,9,5,UPI,6,Tuesday,0
TXN_032409,CUST_05665,14690.42,NETBANKING,FAILED,CARD_DECLINED,24,27,24,10,UPI,3,Monday,1
TXN_032417,CUST_06856,24395.75,NETBANKING,FAILED,CARD_DECLINED,24,18,8,3,CARD,8,Friday,0
TXN_032426,CUST_07560,19077.79,CARD,FAILED,INSUFFICIENT_FUNDS,41,12,9,6,WALLET,18,Tuesday,0
TXN_032439,CUST_03966,1132.64,CARD,FAILED,BANK_SERVER_DOWN,60,13,20,9,NETBANKING,22,Friday,1
TXN_032441,CUST_00080,23549.41,WALLET,FAILED,BANK_TIMEOUT,22,18,6,3,CARD,8,Thursday,1
TXN_032445,CUST_04842,14815.55,NETBANKING,FAILED,BANK_SERVER_DOWN,38,12,7,10,UPI,9,Monday,0
TXN_032465,CUST_01437,9075.83,WALLET,FAILED,BANK_TIMEOUT,39,29,5,0,UPI,18,Thursday,0
TXN_032471,CUST_02822,20376.09,WALLET,FAILED,CARD_DECLINED,52,25,7,8,CARD,15,Monday,0
TXN_032474,CUST_02456,6833.31,UPI,FAILED,NETWORK_ERROR,50,16,2,3,CARD,1,Saturday,0
TXN_032486,CUST_02394,21675.08,UPI,FAILED,NETWORK_ERROR,20,7,2,10,WALLET,1,Wednesday,0
TXN_032489,CUST_06431,21620.86,NETBANKING,FAILED,INSUFFICIENT_FUNDS,24,19,12,8,NETBANKING,23,Thursday,0
TXN_032492,CUST_04761,18873.24,NETBANKING,FAILED,INSUFFICIENT_FUNDS,34,13,23,8,NETBANKING,12,Friday,0
TXN_032495,CUST_09871,11046.15,NETBANKING,FAILED,OTP_FAILURE,60,19,9,5,WALLET,2,Saturday,0
TXN_032497,CUST_03739,14959.32,UPI,FAILED,OTP_FAILURE,47,1,4,9,NETBANKING,0,Thursday,0
TXN_032501,CUST_09895,17097.65,NETBANKING,FAILED,BANK_TIMEOUT,38,14,12,10,CARD,12,Friday,1
TXN_032503,CUST_07476,12105.64,UPI,FAILED,NETWORK_ERROR,60,22,20,5,CARD,0,Saturday,1
TXN_032508,CUST_05397,24235.56,NETBANKING,FAILED,BANK_TIMEOUT,58,25,5,7,WALLET,14,Thursday,0
TXN_032520,CUST_08984,24563.39,CARD,FAILED,OTP_FAILURE,24,1,11,2,UPI,8,Wednesday,0
TXN_032521,CUST_04183,12614.76,UPI,FAILED,OTP_FAILURE,57,13,13,3,NETBANKING,12,Saturday,0
TXN_032528,CUST_01864,11281.6,NETBANKING,FAILED,CARD_DECLINED,58,7,14,0,UPI,23,Wednesday,0
TXN_032546,CUST_03889,3762.09,NETBANKING,FAILED,CARD_DECLINED,45,19,1,3,WALLET,14,Monday,0
TXN_032547,CUST_03952,15078.16,CARD,FAILED,NETWORK_ERROR,45,16,5,8,NETBANKING,23,Tuesday,1
TXN_032557,CUST_00175,4402.76,CARD,FAILED,BANK_TIMEOUT,21,4,20,4,UPI,6,Monday,1
TXN_032563,CUST_08059,11201.68,NETBANKING,FAILED,LIMIT_EXCEEDED,58,16,9,9,CARD,2,Monday,0
TXN_032564,CUST_08495,6805.85,NETBANKING,FAILED,OTP_FAILURE,35,14,2,7,NETBANKING,12,Tuesday,0
TXN_032570,CUST_09109,12575.73,CARD,FAILED,NETWORK_ERROR,55,8,9,1,WALLET,21,Thursday,0
TXN_032571,CUST_06672,11892.53,CARD,FAILED,BANK_TIMEOUT,47,4,12,0,UPI,0,Sunday,1
TXN_032573,CUST_00606,1784.29,CARD,FAILED,BANK_SERVER_DOWN,54,12,25,8,WALLET,17,Monday,0
TXN_032578,CUST_06401,1293.76,UPI,FAILED,BANK_TIMEOUT,33,14,5,1,WALLET,19,Tuesday,0
TXN_032580,CUST_08951,23029.54,WALLET,FAILED,OTP_FAILURE,40,1,18,6,WALLET,0,Sunday,0
TXN_032584,CUST_00310,15036.98,NETBANKING,FAILED,INSUFFICIENT_FUNDS,19,13,8,4,CARD,3,Saturday,0
TXN_032595,CUST_02823,2498.26,NETBANKING,FAILED,LIMIT_EXCEEDED,32,10,10,9,UPI,12,Thursday,0
TXN_032596,CUST_05064,838.63,WALLET,FAILED,OTP_FAILURE,44,19,10,0,CARD,5,Wednesday,1
TXN_032597,CUST_02332,16410.82,UPI,FAILED,INSUFFICIENT_FUNDS,25,24,22,9,WALLET,20,Thursday,0
TXN_032607,CUST_02006,14346.37,CARD,FAILED,BANK_SERVER_DOWN,50,2,18,6,WALLET,8,Friday,0
TXN_032619,CUST_08752,10267.75,NETBANKING,FAILED,INSUFFICIENT_FUNDS,42,3,14,10,WALLET,20,Thursday,0
TXN_032627,CUST_02654,5283.87,NETBANKING,FAILED,BANK_TIMEOUT,25,14,17,10,NETBANKING,12,Sunday,1
TXN_032635,CUST_07167,22467.09,CARD,FAILED,LIMIT_EXCEEDED,46,17,9,4,UPI,8,Friday,0
TXN_032654,CUST_08301,15256.68,CARD,FAILED,INSUFFICIENT_FUNDS,51,21,16,8,UPI,10,Monday,0
TXN_032655,CUST_07037,21268.73,NETBANKING,FAILED,OTP_FAILURE,56,22,14,5,NETBANKING,20,Saturday,1
TXN_032656,CUST_03356,24754.59,WALLET,FAILED,OTP_FAILURE,31,28,8,7,CARD,23,Tuesday,0
TXN_032672,CUST_00684,10044.77,NETBANKING,FAILED,BANK_TIMEOUT,46,16,25,2,CARD,21,Monday,1
TXN_032676,CUST_03861,18578.2,UPI,FAILED,BANK_TIMEOUT,22,25,11,6,WALLET,4,Tuesday,1
TXN_032681,CUST_09244,4832.43,CARD,FAILED,LIMIT_EXCEEDED,39,2,23,6,WALLET,15,Saturday,0
TXN_032685,CUST_03993,4992.05,WALLET,FAILED,BANK_TIMEOUT,55,15,23,3,CARD,11,Sunday,1
TXN_032690,CUST_08903,23010.24,WALLET,FAILED,NETWORK_ERROR,28,7,4,0,UPI,3,Thursday,0
TXN_032693,CUST_08519,7394.55,UPI,FAILED,BANK_SERVER_DOWN,51,4,6,7,WALLET,6,Friday,0
TXN_032694,CUST_07798,7065.06,UPI,FAILED,NETWORK_ERROR,32,4,23,5,CARD,10,Thursday,0
TXN_032699,CUST_09631,5101.06,CARD,FAILED,BANK_SERVER_DOWN,42,9,5,5,WALLET,16,Saturday,0
TXN_032700,CUST_02875,13117.81,UPI,FAILED,CARD_DECLINED,58,1,5,0,WALLET,12,Tuesday,0
TXN_032701,CUST_08470,18958.88,NETBANKING,FAILED,OTP_FAILURE,56,18,4,5,UPI,3,Thursday,0
TXN_032709,CUST_00017,21736.42,NETBANKING,FAILED,OTP_FAILURE,47,7,18,1,UPI,20,Thursday,1
TXN_032723,CUST_01467,11507.18,WALLET,FAILED,LIMIT_EXCEEDED,49,18,4,9,CARD,21,Monday,0
TXN_032735,CUST_06389,20476.42,WALLET,FAILED,LIMIT_EXCEEDED,31,7,1,5,CARD,11,Monday,0
TXN_032737,CUST_08512,7352.33,NETBANKING,FAILED,BANK_SERVER_DOWN,24,13,25,6,CARD,17,Friday,0
TXN_032740,CUST_04164,6726.01,NETBANKING,FAILED,BANK_TIMEOUT,24,14,1,9,WALLET,2,Thursday,0
TXN_032746,CUST_07643,9276.6,NETBANKING,FAILED,LIMIT_EXCEEDED,28,24,15,7,WALLET,13,Friday,0
TXN_032749,CUST_07978,3793.55,WALLET,FAILED,INSUFFICIENT_FUNDS,40,1,20,10,CARD,22,Sunday,0
TXN_032750,CUST_06758,14449.69,WALLET,FAILED,NETWORK_ERROR,27,28,15,4,UPI,15,Wednesday,1
TXN_032755,CUST_05118,1550.58,UPI,FAILED,NETWORK_ERROR,46,29,21,9,UPI,14,Tuesday,0
TXN_032761,CUST_07322,237.52,CARD,FAILED,CARD_DECLINED,39,13,9,9,UPI,12,Wednesday,1
TXN_032770,CUST_06644,10386.63,CARD,FAILED,BANK_TIMEOUT,38,11,13,6,NETBANKING,9,Tuesday,0
TXN_032783,CUST_07261,12057.05,UPI,FAILED,OTP_FAILURE,40,9,18,2,NETBANKING,5,Wednesday,0
TXN_032785,CUST_01292,18543.09,CARD,FAILED,CARD_DECLINED,22,26,13,6,NETBANKING,19,Wednesday,1
TXN_032786,CUST_01684,11571.52,UPI,FAILED,NETWORK_ERROR,53,16,10,7,UPI,10,Wednesday,0
TXN_032788,CUST_06448,23943.68,NETBANKING,FAILED,LIMIT_EXCEEDED,33,28,23,0,CARD,11,Friday,0
TXN_032789,CUST_07490,816.74,NETBANKING,FAILED,CARD_DECLINED,53,17,10,4,WALLET,1,Thursday,0
TXN_032792,CUST_09967,13437.12,NETBANKING,FAILED,BANK_TIMEOUT,48,9,1,6,CARD,21,Tuesday,1
TXN_032798,CUST_07125,22911.22,NETBANKING,FAILED,NETWORK_ERROR,53,21,25,8,CARD,23,Wednesday,0
TXN_032800,CUST_07474,14829.8,CARD,FAILED,BANK_TIMEOUT,43,12,4,0,WALLET,12,Thursday,0
TXN_032801,CUST_05182,1397.18,WALLET,FAILED,INSUFFICIENT_FUNDS,50,27,22,0,WALLET,8,Wednesday,0
TXN_032808,CUST_07742,9738.38,WALLET,FAILED,NETWORK_ERROR,34,17,1,5,NETBANKING,9,Sunday,0
TXN_032811,CUST_04904,4249.13,CARD,FAILED,BANK_SERVER_DOWN,60,22,7,1,UPI,15,Saturday,0
TXN_032825,CUST_09649,13928.1,UPI,FAILED,BANK_SERVER_DOWN,43,15,23,1,NETBANKING,2,Sunday,0
TXN_032826,CUST_04541,6525.79,NETBANKING,FAILED,CARD_DECLINED,45,18,17,5,WALLET,5,Friday,0
TXN_032836,CUST_08550,24527.87,UPI,FAILED,BANK_TIMEOUT,53,16,19,2,WALLET,1,Thursday,0
TXN_032842,CUST_00759,23188.89,CARD,FAILED,NETWORK_ERROR,41,17,4,9,UPI,17,Monday,0
TXN_032844,CUST_02911,511.55,WALLET,FAILED,INSUFFICIENT_FUNDS,58,27,5,4,NETBANKING,13,Monday,1
TXN_032853,CUST_06406,7814.84,WALLET,FAILED,BANK_TIMEOUT,26,20,16,6,WALLET,23,Monday,1
TXN_032865,CUST_09929,9649.55,NETBANKING,FAILED,BANK_SERVER_DOWN,18,4,5,2,WALLET,9,Wednesday,0
TXN_032868,CUST_09909,24957.58,NETBANKING,FAILED,BANK_TIMEOUT,43,12,2,7,WALLET,20,Thursday,0
TXN_032877,CUST_07799,15066.73,NETBANKING,FAILED,BANK_SERVER_DOWN,31,5,7,3,UPI,6,Monday,0
TXN_032889,CUST_07549,5773.02,NETBANKING,FAILED,OTP_FAILURE,34,21,15,2,WALLET,18,Thursday,0
TXN_032892,CUST_00529,15004.76,CARD,FAILED,INSUFFICIENT_FUNDS,29,19,17,9,WALLET,10,Tuesday,1
TXN_032911,CUST_00170,10194.36,NETBANKING,FAILED,LIMIT_EXCEEDED,43,18,5,2,WALLET,17,Tuesday,0
TXN_032917,CUST_08469,1800.15,CARD,FAILED,LIMIT_EXCEEDED,48,6,1,9,WALLET,1,Sunday,0
TXN_032922,CUST_02986,1817.79,WALLET,FAILED,LIMIT_EXCEEDED,44,1,1,1,CARD,3,Friday,0
TXN_032928,CUST_08987,10998.49,UPI,FAILED,NETWORK_ERROR,19,11,9,3,NETBANKING,6,Friday,0
TXN_032934,CUST_08246,22151.13,NETBANKING,FAILED,BANK_TIMEOUT,36,1,4,10,UPI,15,Monday,0
TXN_032939,CUST_09104,22933.4,NETBANKING,FAILED,OTP_FAILURE,51,18,2,7,CARD,3,Thursday,0
TXN_032941,CUST_01098,9589.1,CARD,FAILED,CARD_DECLINED,38,14,19,7,WALLET,13,Wednesday,0
TXN_032950,CUST_07091,13319.02,WALLET,FAILED,CARD_DECLINED,21,21,20,10,NETBANKING,10,Sunday,0
TXN_032962,CUST_08428,3372.94,NETBANKING,FAILED,NETWORK_ERROR,24,29,11,8,CARD,0,Monday,1
TXN_032963,CUST_06865,23575.63,UPI,FAILED,NETWORK_ERROR,25,21,9,1,CARD,10,Wednesday,0
TXN_032984,CUST_00514,3951.28,WALLET,FAILED,LIMIT_EXCEEDED,56,15,5,8,WALLET,11,Wednesday,0
TXN_032985,CUST_01021,3676.99,NETBANKING,FAILED,OTP_FAILURE,51,5,24,5,UPI,18,Monday,1
TXN_032996,CUST_07302,21582.68,WALLET,FAILED,OTP_FAILURE,28,6,4,4,UPI,2,Saturday,0
TXN_033000,CUST_03589,7420.36,NETBANKING,FAILED,BANK_SERVER_DOWN,60,21,20,2,CARD,18,Monday,0
TXN_033005,CUST_07936,20508.11,NETBANKING,FAILED,LIMIT_EXCEEDED,24,2,17,7,UPI,19,Thursday,0
TXN_033012,CUST_04297,21328.22,WALLET,FAILED,BANK_TIMEOUT,24,19,3,10,WALLET,22,Monday,1
TXN_033022,CUST_03095,3705.42,NETBANKING,FAILED,BANK_SERVER_DOWN,48,25,17,3,CARD,14,Thursday,0
TXN_033024,CUST_07031,1726.5,NETBANKING,FAILED,INSUFFICIENT_FUNDS,58,26,1,9,WALLET,2,Sunday,1
TXN_033051,CUST_00635,23102.63,UPI,FAILED,CARD_DECLINED,30,11,6,9,WALLET,4,Saturday,0
TXN_033052,CUST_04771,317.66,WALLET,FAILED,NETWORK_ERROR,59,7,18,9,CARD,10,Tuesday,1
TXN_033053,CUST_03457,22872.08,WALLET,FAILED,BANK_SERVER_DOWN,50,10,19,6,NETBANKING,14,Thursday,0
TXN_033054,CUST_04592,23580.13,NETBANKING,FAILED,BANK_TIMEOUT,41,10,11,5,NETBANKING,23,Sunday,0
TXN_033056,CUST_02612,3421.85,WALLET,FAILED,BANK_SERVER_DOWN,38,21,23,0,UPI,5,Saturday,0
TXN_033059,CUST_04546,7016.87,NETBANKING,FAILED,INSUFFICIENT_FUNDS,23,20,8,0,WALLET,3,Friday,0
TXN_033061,CUST_03339,6181.79,UPI,FAILED,OTP_FAILURE,40,15,22,4,CARD,12,Thursday,0
TXN_033063,CUST_06888,9551.62,UPI,FAILED,BANK_TIMEOUT,35,24,2,7,WALLET,7,Thursday,0
TXN_033072,CUST_01320,4468.92,UPI,FAILED,LIMIT_EXCEEDED,29,14,15,9,NETBANKING,20,Sunday,0
TXN_033078,CUST_07442,8367.62,UPI,FAILED,CARD_DECLINED,20,20,3,10,CARD,12,Friday,0
TXN_033092,CUST_09422,9402.22,WALLET,FAILED,INSUFFICIENT_FUNDS,27,4,11,6,UPI,8,Monday,0
TXN_033097,CUST_06720,719.28,WALLET,FAILED,NETWORK_ERROR,57,14,2,7,CARD,19,Wednesday,0
TXN_033113,CUST_07297,13567.68,NETBANKING,FAILED,CARD_DECLINED,52,28,11,8,CARD,15,Wednesday,0
TXN_033117,CUST_07334,20394.0,UPI,FAILED,NETWORK_ERROR,26,11,11,3,WALLET,6,Thursday,0
TXN_033130,CUST_09737,23993.94,UPI,FAILED,OTP_FAILURE,27,27,14,6,NETBANKING,23,Friday,0
TXN_033134,CUST_05820,22255.62,WALLET,FAILED,BANK_SERVER_DOWN,58,7,15,1,WALLET,18,Sunday,1
TXN_033145,CUST_09903,9330.32,UPI,FAILED,OTP_FAILURE,28,18,3,8,CARD,5,Thursday,0
TXN_033150,CUST_09729,4602.53,CARD,FAILED,LIMIT_EXCEEDED,28,7,8,8,NETBANKING,16,Friday,0
TXN_033160,CUST_04026,3369.68,NETBANKING,FAILED,OTP_FAILURE,60,19,16,9,CARD,7,Friday,0
TXN_033161,CUST_04470,11645.56,WALLET,FAILED,OTP_FAILURE,32,30,2,3,CARD,0,Thursday,0
TXN_033162,CUST_08852,14794.62,UPI,FAILED,BANK_TIMEOUT,37,27,15,0,UPI,3,Monday,1
TXN_033164,CUST_02153,24435.48,UPI,FAILED,BANK_TIMEOUT,44,10,10,4,NETBANKING,18,Friday,1
TXN_033168,CUST_08218,24781.03,WALLET,FAILED,OTP_FAILURE,22,19,2,4,CARD,16,Wednesday,0
TXN_033173,CUST_00674,18032.71,NETBANKING,FAILED,INSUFFICIENT_FUNDS,24,27,6,3,UPI,15,Tuesday,0
TXN_033174,CUST_02716,20423.29,WALLET,FAILED,BANK_SERVER_DOWN,26,12,5,5,CARD,7,Wednesday,0
TXN_033176,CUST_05676,1817.86,CARD,FAILED,OTP_FAILURE,24,7,8,4,UPI,23,Sunday,0
TXN_033184,CUST_00900,21206.92,UPI,FAILED,NETWORK_ERROR,59,19,25,4,WALLET,6,Friday,0
TXN_033189,CUST_07168,7730.02,WALLET,FAILED,NETWORK_ERROR,48,17,20,6,UPI,17,Saturday,1
TXN_033191,CUST_06063,6566.66,CARD,FAILED,INSUFFICIENT_FUNDS,58,18,5,9,UPI,22,Sunday,0
TXN_033203,CUST_00128,21810.4,NETBANKING,FAILED,BANK_TIMEOUT,47,13,17,10,UPI,7,Thursday,1
TXN_033208,CUST_03419,19073.75,NETBANKING,FAILED,OTP_FAILURE,19,24,4,2,UPI,17,Tuesday,0
TXN_033210,CUST_03548,15744.13,WALLET,FAILED,BANK_TIMEOUT,60,22,6,3,UPI,10,Saturday,0
TXN_033213,CUST_08372,4819.45,WALLET,FAILED,BANK_TIMEOUT,26,29,4,4,UPI,12,Thursday,1
TXN_033222,CUST_08135,12305.0,NETBANKING,FAILED,LIMIT_EXCEEDED,24,18,5,1,UPI,6,Thursday,0
TXN_033226,CUST_05816,17492.16,WALLET,FAILED,CARD_DECLINED,44,9,20,1,UPI,3,Sunday,0
TXN_033229,CUST_08523,10053.56,UPI,FAILED,BANK_TIMEOUT,60,8,14,8,UPI,14,Saturday,1
TXN_033236,CUST_06018,8446.74,CARD,FAILED,BANK_SERVER_DOWN,48,15,17,4,UPI,14,Thursday,0
TXN_033241,CUST_00617,21058.83,NETBANKING,FAILED,LIMIT_EXCEEDED,25,20,7,2,WALLET,4,Tuesday,0
TXN_033248,CUST_05004,11258.64,NETBANKING,FAILED,LIMIT_EXCEEDED,27,7,23,6,UPI,23,Saturday,1
TXN_033255,CUST_01632,7403.55,NETBANKING,FAILED,OTP_FAILURE,55,23,2,10,NETBANKING,15,Tuesday,1
TXN_033257,CUST_09815,19638.1,NETBANKING,FAILED,CARD_DECLINED,48,12,11,9,UPI,12,Sunday,0
TXN_033259,CUST_00814,23515.06,WALLET,FAILED,INSUFFICIENT_FUNDS,40,28,6,3,UPI,7,Sunday,0
TXN_033263,CUST_02331,10327.42,UPI,FAILED,INSUFFICIENT_FUNDS,50,30,7,10,CARD,6,Tuesday,0
TXN_033276,CUST_02547,13359.22,UPI,FAILED,CARD_DECLINED,38,24,18,3,WALLET,4,Sunday,0
TXN_033278,CUST_09071,8118.22,NETBANKING,FAILED,BANK_TIMEOUT,20,25,5,1,WALLET,18,Saturday,0
TXN_033285,CUST_04406,4667.04,WALLET,FAILED,LIMIT_EXCEEDED,32,11,19,2,WALLET,16,Tuesday,1
TXN_033286,CUST_07637,24807.81,CARD,FAILED,CARD_DECLINED,21,7,20,7,UPI,11,Saturday,0
TXN_033295,CUST_09930,7072.44,UPI,FAILED,BANK_TIMEOUT,31,5,20,4,WALLET,0,Wednesday,1
TXN_033296,CUST_05261,11571.67,UPI,FAILED,OTP_FAILURE,29,25,7,6,CARD,21,Wednesday,0
TXN_033299,CUST_01864,21180.86,UPI,FAILED,OTP_FAILURE,58,7,14,0,UPI,9,Friday,1
TXN_033301,CUST_08144,23517.4,NETBANKING,FAILED,BANK_SERVER_DOWN,44,7,12,3,CARD,0,Monday,0
TXN_033306,CUST_08882,7531.32,WALLET,FAILED,NETWORK_ERROR,59,8,10,6,WALLET,12,Saturday,1
TXN_033313,CUST_01559,20297.56,UPI,FAILED,NETWORK_ERROR,53,23,11,5,CARD,13,Sunday,0
TXN_033326,CUST_03199,4471.73,UPI,FAILED,BANK_TIMEOUT,44,26,8,10,NETBANKING,3,Wednesday,1
TXN_033331,CUST_09050,23435.04,NETBANKING,FAILED,BANK_TIMEOUT,49,10,14,5,UPI,20,Monday,1
TXN_033346,CUST_05279,7539.64,UPI,FAILED,NETWORK_ERROR,58,27,23,4,NETBANKING,5,Tuesday,1
TXN_033348,CUST_09305,5215.03,CARD,FAILED,NETWORK_ERROR,21,22,19,4,UPI,8,Wednesday,0
TXN_033351,CUST_06633,9472.77,WALLET,FAILED,BANK_SERVER_DOWN,33,20,22,5,CARD,13,Friday,0
TXN_033352,CUST_07709,18162.78,WALLET,FAILED,NETWORK_ERROR,20,18,2,3,UPI,23,Wednesday,0
TXN_033361,CUST_05685,16194.95,NETBANKING,FAILED,INSUFFICIENT_FUNDS,24,26,18,2,UPI,19,Saturday,0
TXN_033379,CUST_09811,22450.98,CARD,FAILED,NETWORK_ERROR,32,14,24,2,NETBANKING,14,Wednesday,1
TXN_033383,CUST_09371,14929.53,NETBANKING,FAILED,NETWORK_ERROR,38,12,22,9,CARD,17,Saturday,0
TXN_033390,CUST_04015,6070.84,NETBANKING,FAILED,BANK_TIMEOUT,40,27,23,8,CARD,22,Wednesday,0
TXN_033415,CUST_07809,496.61,CARD,FAILED,NETWORK_ERROR,60,5,7,8,WALLET,0,Friday,1
TXN_033418,CUST_04997,9266.61,UPI,FAILED,INSUFFICIENT_FUNDS,47,19,19,6,CARD,20,Friday,0
TXN_033420,CUST_01122,15130.55,NETBANKING,FAILED,BANK_SERVER_DOWN,30,9,14,6,UPI,6,Sunday,0
TXN_033425,CUST_07777,21099.14,WALLET,FAILED,NETWORK_ERROR,38,3,15,9,NETBANKING,0,Sunday,1
TXN_033428,CUST_05787,13341.58,WALLET,FAILED,OTP_FAILURE,21,10,13,3,UPI,7,Wednesday,0
TXN_033437,CUST_00191,10347.03,UPI,FAILED,OTP_FAILURE,22,8,9,6,CARD,19,Saturday,0
TXN_033440,CUST_05345,7038.88,NETBANKING,FAILED,NETWORK_ERROR,58,6,15,0,NETBANKING,16,Wednesday,1
TXN_033460,CUST_02012,2743.42,WALLET,FAILED,LIMIT_EXCEEDED,39,5,25,9,NETBANKING,10,Wednesday,0
TXN_033473,CUST_08294,18241.15,CARD,FAILED,BANK_SERVER_DOWN,45,10,25,2,WALLET,3,Monday,0
TXN_033476,CUST_02638,12088.06,WALLET,FAILED,CARD_DECLINED,30,3,10,9,CARD,13,Saturday,0
TXN_033482,CUST_09461,5414.77,CARD,FAILED,INSUFFICIENT_FUNDS,29,29,11,7,UPI,11,Monday,0
TXN_033498,CUST_09499,22806.83,CARD,FAILED,LIMIT_EXCEEDED,24,26,16,6,WALLET,14,Sunday,0
TXN_033513,CUST_04852,12175.06,CARD,FAILED,CARD_DECLINED,28,26,4,2,NETBANKING,10,Saturday,0
TXN_033525,CUST_06413,8893.81,WALLET,FAILED,INSUFFICIENT_FUNDS,22,1,5,6,NETBANKING,12,Tuesday,0
TXN_033527,CUST_06529,22458.76,CARD,FAILED,NETWORK_ERROR,39,5,12,5,NETBANKING,20,Saturday,1
TXN_033533,CUST_00100,9435.89,UPI,FAILED,LIMIT_EXCEEDED,37,19,7,8,WALLET,1,Thursday,0
TXN_033538,CUST_02375,7652.99,NETBANKING,FAILED,CARD_DECLINED,45,7,15,10,CARD,12,Monday,1
TXN_033543,CUST_07441,13155.11,WALLET,FAILED,BANK_TIMEOUT,48,22,15,9,CARD,16,Tuesday,0
TXN_033548,CUST_09040,18481.58,CARD,FAILED,INSUFFICIENT_FUNDS,39,14,3,1,UPI,6,Sunday,0
TXN_033554,CUST_03137,1557.05,CARD,FAILED,OTP_FAILURE,32,21,9,3,UPI,21,Wednesday,0
TXN_033563,CUST_00091,18636.09,NETBANKING,FAILED,INSUFFICIENT_FUNDS,46,4,24,9,WALLET,23,Saturday,0
TXN_033566,CUST_04558,23276.12,UPI,FAILED,CARD_DECLINED,32,24,2,0,CARD,3,Saturday,0
TXN_033568,CUST_00833,12035.82,CARD,FAILED,LIMIT_EXCEEDED,37,30,22,7,WALLET,4,Saturday,0
TXN_033572,CUST_01114,10367.56,CARD,FAILED,INSUFFICIENT_FUNDS,56,19,10,7,UPI,20,Saturday,0
TXN_033574,CUST_08065,1400.37,UPI,FAILED,LIMIT_EXCEEDED,27,7,8,1,CARD,7,Friday,0
TXN_033575,CUST_08092,9743.92,UPI,FAILED,BANK_TIMEOUT,21,4,2,2,NETBANKING,9,Tuesday,1
TXN_033579,CUST_04660,12816.32,CARD,FAILED,INSUFFICIENT_FUNDS,41,11,12,4,NETBANKING,3,Friday,0
TXN_033582,CUST_05114,24082.56,UPI,FAILED,NETWORK_ERROR,19,20,23,3,CARD,12,Friday,0
TXN_033584,CUST_02297,15880.41,NETBANKING,FAILED,BANK_TIMEOUT,60,21,9,4,CARD,20,Wednesday,0
TXN_033596,CUST_08820,16212.38,WALLET,FAILED,BANK_SERVER_DOWN,50,10,5,7,NETBANKING,16,Wednesday,0
TXN_033599,CUST_00853,23719.4,CARD,FAILED,BANK_TIMEOUT,36,18,2,3,NETBANKING,8,Wednesday,0
TXN_033607,CUST_01432,24458.69,WALLET,FAILED,BANK_TIMEOUT,55,19,1,7,NETBANKING,5,Sunday,0
TXN_033624,CUST_04901,15171.65,CARD,FAILED,INSUFFICIENT_FUNDS,41,15,5,8,NETBANKING,11,Tuesday,0
TXN_033626,CUST_08091,6528.19,UPI,FAILED,BANK_SERVER_DOWN,48,19,24,6,UPI,11,Wednesday,0
TXN_033632,CUST_01862,7606.97,NETBANKING,FAILED,INSUFFICIENT_FUNDS,55,15,21,8,WALLET,19,Tuesday,0
TXN_033635,CUST_07403,13298.51,WALLET,FAILED,BANK_SERVER_DOWN,22,12,16,10,NETBANKING,13,Thursday,0
TXN_033644,CUST_01285,2682.77,NETBANKING,FAILED,BANK_SERVER_DOWN,59,12,20,7,CARD,18,Saturday,0
TXN_033648,CUST_09273,12580.26,NETBANKING,FAILED,NETWORK_ERROR,46,16,10,7,NETBANKING,22,Sunday,1
TXN_033653,CUST_03720,4572.12,NETBANKING,FAILED,BANK_SERVER_DOWN,18,13,22,3,WALLET,10,Thursday,0
TXN_033662,CUST_06316,18705.1,CARD,FAILED,LIMIT_EXCEEDED,39,21,6,9,NETBANKING,3,Thursday,0
TXN_033670,CUST_02717,9200.54,WALLET,FAILED,CARD_DECLINED,34,2,11,7,UPI,20,Sunday,0
TXN_033682,CUST_05372,1508.94,UPI,FAILED,BANK_SERVER_DOWN,53,5,21,3,UPI,1,Saturday,0
TXN_033687,CUST_08750,20462.64,WALLET,FAILED,BANK_SERVER_DOWN,39,16,15,1,CARD,15,Tuesday,0
TXN_033694,CUST_07639,17164.53,CARD,FAILED,BANK_SERVER_DOWN,42,21,18,0,WALLET,12,Friday,0
TXN_033702,CUST_06014,21660.49,CARD,FAILED,NETWORK_ERROR,38,28,8,0,UPI,7,Friday,1
TXN_033709,CUST_02709,14559.47,UPI,FAILED,OTP_FAILURE,53,5,24,3,WALLET,11,Thursday,0
TXN_033717,CUST_01731,22940.69,CARD,FAILED,LIMIT_EXCEEDED,32,18,22,0,UPI,22,Sunday,0
TXN_033725,CUST_06026,16526.34,WALLET,FAILED,CARD_DECLINED,28,17,23,9,UPI,19,Monday,0
TXN_033727,CUST_09321,2517.25,CARD,FAILED,INSUFFICIENT_FUNDS,38,14,18,4,UPI,14,Monday,1
TXN_033728,CUST_00907,18279.21,NETBANKING,FAILED,OTP_FAILURE,52,2,4,10,UPI,22,Monday,0
TXN_033732,CUST_01427,9608.14,CARD,FAILED,LIMIT_EXCEEDED,56,5,8,6,NETBANKING,11,Sunday,0
TXN_033733,CUST_05936,16209.91,UPI,FAILED,NETWORK_ERROR,20,27,5,2,NETBANKING,1,Sunday,1
TXN_033734,CUST_01548,24239.42,CARD,FAILED,OTP_FAILURE,46,28,21,5,CARD,1,Tuesday,0
TXN_033742,CUST_05007,1923.61,UPI,FAILED,CARD_DECLINED,52,21,2,3,NETBANKING,20,Wednesday,0
TXN_033745,CUST_09306,21487.58,NETBANKING,FAILED,LIMIT_EXCEEDED,49,13,20,4,WALLET,20,Thursday,0
TXN_033761,CUST_08211,2701.89,WALLET,FAILED,CARD_DECLINED,30,6,8,6,UPI,0,Thursday,0
TXN_033768,CUST_01423,10276.21,NETBANKING,FAILED,OTP_FAILURE,45,17,3,10,WALLET,2,Sunday,0
TXN_033785,CUST_00351,6864.83,CARD,FAILED,CARD_DECLINED,43,29,3,3,UPI,0,Thursday,0
TXN_033793,CUST_04749,4586.89,UPI,FAILED,BANK_SERVER_DOWN,23,20,15,4,WALLET,1,Friday,0
TXN_033797,CUST_07719,8517.35,WALLET,FAILED,BANK_SERVER_DOWN,23,25,4,0,CARD,9,Friday,0
TXN_033800,CUST_08597,6918.08,CARD,FAILED,INSUFFICIENT_FUNDS,46,4,3,4,WALLET,20,Thursday,0
TXN_033816,CUST_01341,4731.85,UPI,FAILED,BANK_SERVER_DOWN,51,22,24,4,NETBANKING,16,Monday,0
TXN_033818,CUST_07875,15750.63,UPI,FAILED,CARD_DECLINED,28,18,16,4,NETBANKING,9,Saturday,0
TXN_033827,CUST_01450,2602.64,CARD,FAILED,LIMIT_EXCEEDED,19,14,1,7,UPI,2,Monday,0
TXN_033831,CUST_01810,23031.34,NETBANKING,FAILED,INSUFFICIENT_FUNDS,47,14,22,3,CARD,5,Tuesday,0
TXN_033840,CUST_05760,405.97,NETBANKING,FAILED,BANK_TIMEOUT,22,2,12,10,CARD,22,Wednesday,1
TXN_033846,CUST_09276,14754.42,NETBANKING,FAILED,LIMIT_EXCEEDED,47,28,1,9,WALLET,20,Wednesday,0
TXN_033871,CUST_04960,13403.53,WALLET,FAILED,CARD_DECLINED,50,15,20,8,NETBANKING,17,Tuesday,0
TXN_033885,CUST_05591,11715.61,WALLET,FAILED,OTP_FAILURE,47,9,2,5,NETBANKING,5,Tuesday,0
TXN_033887,CUST_03094,22048.94,CARD,FAILED,INSUFFICIENT_FUNDS,50,30,9,6,UPI,10,Tuesday,0
TXN_033897,CUST_00187,10170.37,WALLET,FAILED,NETWORK_ERROR,39,16,1,10,WALLET,22,Friday,0
TXN_033901,CUST_07496,15422.74,WALLET,FAILED,BANK_TIMEOUT,50,15,15,10,NETBANKING,5,Thursday,1
TXN_033908,CUST_07037,15949.74,CARD,FAILED,LIMIT_EXCEEDED,56,22,14,5,NETBANKING,8,Saturday,0
TXN_033910,CUST_07985,3796.06,WALLET,FAILED,INSUFFICIENT_FUNDS,52,25,21,5,UPI,21,Sunday,0
TXN_033914,CUST_03179,1082.79,CARD,FAILED,NETWORK_ERROR,55,25,12,5,NETBANKING,4,Wednesday,1
TXN_033925,CUST_08150,12432.25,NETBANKING,FAILED,OTP_FAILURE,58,5,6,8,CARD,8,Saturday,0
TXN_033929,CUST_08056,19247.95,UPI,FAILED,OTP_FAILURE,53,4,18,4,CARD,22,Tuesday,0
TXN_033930,CUST_08305,20808.57,NETBANKING,FAILED,BANK_TIMEOUT,26,15,8,2,NETBANKING,12,Sunday,1
TXN_033935,CUST_01670,24397.56,NETBANKING,FAILED,LIMIT_EXCEEDED,22,3,25,2,NETBANKING,4,Sunday,1
TXN_033943,CUST_04909,4994.33,UPI,FAILED,LIMIT_EXCEEDED,53,17,20,0,WALLET,21,Sunday,0
TXN_033948,CUST_05138,978.6,NETBANKING,FAILED,NETWORK_ERROR,51,29,17,2,CARD,10,Thursday,1
TXN_033958,CUST_08658,5709.86,UPI,FAILED,INSUFFICIENT_FUNDS,34,20,4,2,UPI,21,Saturday,0
TXN_033969,CUST_08836,9296.47,WALLET,FAILED,BANK_TIMEOUT,50,4,25,7,NETBANKING,5,Thursday,0
TXN_033973,CUST_08634,631.48,CARD,FAILED,OTP_FAILURE,47,3,25,2,UPI,0,Thursday,0
TXN_033986,CUST_02911,1968.35,WALLET,FAILED,BANK_TIMEOUT,58,27,5,4,NETBANKING,14,Wednesday,1
TXN_033993,CUST_07636,2694.16,WALLET,FAILED,LIMIT_EXCEEDED,27,13,19,8,CARD,16,Sunday,1
TXN_033999,CUST_01231,11961.03,NETBANKING,FAILED,INSUFFICIENT_FUNDS,33,17,25,1,UPI,8,Wednesday,1
TXN_034002,CUST_05436,7804.77,CARD,FAILED,BANK_SERVER_DOWN,58,26,24,3,UPI,19,Friday,0
TXN_034011,CUST_00127,23967.6,NETBANKING,FAILED,INSUFFICIENT_FUNDS,52,12,5,1,UPI,18,Monday,0
TXN_034021,CUST_08171,20864.93,UPI,FAILED,CARD_DECLINED,29,4,4,9,NETBANKING,14,Monday,0
TXN_034023,CUST_02406,3615.48,WALLET,FAILED,BANK_TIMEOUT,43,22,1,7,UPI,19,Thursday,1
TXN_034030,CUST_08838,16271.9,WALLET,FAILED,BANK_SERVER_DOWN,41,1,23,0,NETBANKING,6,Sunday,0
TXN_034034,CUST_04649,21543.97,UPI,FAILED,OTP_FAILURE,59,17,6,9,NETBANKING,16,Tuesday,0
TXN_034037,CUST_06725,12195.67,NETBANKING,FAILED,BANK_TIMEOUT,46,19,8,10,WALLET,22,Monday,1
TXN_034039,CUST_03381,20390.34,UPI,FAILED,CARD_DECLINED,39,26,1,3,WALLET,19,Sunday,0
TXN_034040,CUST_03252,23743.63,CARD,FAILED,CARD_DECLINED,53,12,6,6,WALLET,11,Sunday,0
TXN_034043,CUST_08001,23032.6,UPI,FAILED,BANK_SERVER_DOWN,58,22,25,5,UPI,14,Monday,0
TXN_034050,CUST_06268,4150.24,WALLET,FAILED,BANK_TIMEOUT,36,3,18,1,CARD,14,Friday,1
TXN_034061,CUST_08814,11683.99,CARD,FAILED,INSUFFICIENT_FUNDS,20,19,15,5,UPI,11,Thursday,0
TXN_034063,CUST_02038,7044.81,NETBANKING,FAILED,LIMIT_EXCEEDED,20,2,1,4,NETBANKING,18,Monday,1
TXN_034064,CUST_08487,3428.72,UPI,FAILED,CARD_DECLINED,57,18,21,6,CARD,22,Tuesday,0
TXN_034068,CUST_08898,17936.05,CARD,FAILED,INSUFFICIENT_FUNDS,58,8,25,2,CARD,18,Friday,1
TXN_034077,CUST_03744,12597.34,WALLET,FAILED,BANK_TIMEOUT,55,29,16,5,NETBANKING,23,Sunday,1
TXN_034089,CUST_08892,24603.56,WALLET,FAILED,INSUFFICIENT_FUNDS,33,24,4,6,UPI,0,Thursday,0
TXN_034100,CUST_00493,13373.65,CARD,FAILED,OTP_FAILURE,32,15,25,8,WALLET,4,Monday,0
TXN_034118,CUST_04004,13787.26,NETBANKING,FAILED,BANK_TIMEOUT,48,14,7,6,CARD,1,Monday,0
TXN_034139,CUST_04085,13551.3,UPI,FAILED,LIMIT_EXCEEDED,29,8,13,10,UPI,13,Monday,1
TXN_034146,CUST_03612,18366.32,UPI,FAILED,NETWORK_ERROR,56,6,4,5,NETBANKING,12,Tuesday,0
TXN_034147,CUST_02109,22201.81,CARD,FAILED,CARD_DECLINED,34,2,11,9,WALLET,4,Friday,0
TXN_034156,CUST_09954,12911.38,NETBANKING,FAILED,LIMIT_EXCEEDED,43,25,15,7,NETBANKING,18,Monday,0
TXN_034165,CUST_04860,5056.74,NETBANKING,FAILED,BANK_SERVER_DOWN,40,9,4,7,CARD,8,Monday,0
TXN_034175,CUST_00627,24560.11,CARD,FAILED,CARD_DECLINED,25,5,4,2,UPI,3,Saturday,0
TXN_034182,CUST_08553,6493.78,WALLET,FAILED,NETWORK_ERROR,27,26,12,8,WALLET,7,Thursday,1
TXN_034184,CUST_09099,3472.38,CARD,FAILED,NETWORK_ERROR,22,21,18,7,CARD,7,Tuesday,0
TXN_034187,CUST_06185,19306.91,NETBANKING,FAILED,INSUFFICIENT_FUNDS,38,28,5,8,UPI,22,Monday,0
TXN_034189,CUST_05562,22685.66,NETBANKING,FAILED,BANK_SERVER_DOWN,26,18,19,2,WALLET,15,Wednesday,1
TXN_034194,CUST_06651,14284.16,NETBANKING,FAILED,BANK_SERVER_DOWN,26,25,11,1,WALLET,4,Wednesday,0
TXN_034195,CUST_09553,23553.64,NETBANKING,FAILED,OTP_FAILURE,35,15,19,5,NETBANKING,9,Thursday,0
TXN_034196,CUST_05215,5865.55,WALLET,FAILED,INSUFFICIENT_FUNDS,21,23,23,0,CARD,8,Sunday,0
TXN_034202,CUST_05136,10089.15,NETBANKING,FAILED,LIMIT_EXCEEDED,50,19,9,3,UPI,13,Wednesday,0
TXN_034204,CUST_09237,18372.84,WALLET,FAILED,INSUFFICIENT_FUNDS,52,27,4,2,CARD,12,Friday,0
TXN_034211,CUST_03210,19114.03,WALLET,FAILED,INSUFFICIENT_FUNDS,37,2,9,0,WALLET,3,Tuesday,0
TXN_034228,CUST_07520,9562.31,WALLET,FAILED,NETWORK_ERROR,23,20,15,8,UPI,17,Thursday,0
TXN_034240,CUST_01724,17282.84,WALLET,FAILED,BANK_TIMEOUT,29,6,24,9,WALLET,18,Wednesday,0
TXN_034243,CUST_06582,14429.12,UPI,FAILED,CARD_DECLINED,38,21,20,8,CARD,1,Saturday,0
TXN_034248,CUST_07903,1412.38,CARD,FAILED,LIMIT_EXCEEDED,60,27,8,2,UPI,15,Thursday,0
TXN_034254,CUST_00296,18858.75,UPI,FAILED,BANK_SERVER_DOWN,42,1,7,5,UPI,10,Thursday,0
TXN_034270,CUST_03469,20551.04,CARD,FAILED,BANK_SERVER_DOWN,56,1,6,6,NETBANKING,16,Wednesday,0
TXN_034271,CUST_05318,14258.28,CARD,FAILED,CARD_DECLINED,48,10,20,8,NETBANKING,9,Monday,1
TXN_034278,CUST_01618,20629.68,NETBANKING,FAILED,NETWORK_ERROR,27,7,13,5,CARD,21,Tuesday,0
TXN_034284,CUST_07799,21463.14,WALLET,FAILED,OTP_FAILURE,31,5,7,3,UPI,9,Monday,0
TXN_034291,CUST_05294,10666.94,CARD,FAILED,BANK_SERVER_DOWN,52,14,2,6,WALLET,13,Wednesday,0
TXN_034293,CUST_03408,1170.02,NETBANKING,FAILED,CARD_DECLINED,34,10,12,7,UPI,15,Tuesday,0
TXN_034296,CUST_00359,9725.27,WALLET,FAILED,OTP_FAILURE,37,19,14,1,CARD,11,Saturday,0
TXN_034301,CUST_05831,19854.95,NETBANKING,FAILED,BANK_TIMEOUT,45,6,9,2,WALLET,20,Saturday,1
TXN_034305,CUST_03893,1777.78,NETBANKING,FAILED,INSUFFICIENT_FUNDS,46,16,10,8,CARD,1,Saturday,0
TXN_034342,CUST_06893,20225.16,UPI,FAILED,CARD_DECLINED,32,20,15,2,NETBANKING,17,Saturday,0
TXN_034348,CUST_06823,1471.21,UPI,FAILED,CARD_DECLINED,50,6,11,4,NETBANKING,7,Thursday,0
TXN_034352,CUST_01221,18031.59,NETBANKING,FAILED,BANK_SERVER_DOWN,50,25,8,0,UPI,17,Sunday,0
TXN_034361,CUST_02849,2814.18,NETBANKING,FAILED,NETWORK_ERROR,24,28,20,1,CARD,22,Thursday,1
TXN_034362,CUST_07164,21434.08,CARD,FAILED,LIMIT_EXCEEDED,27,2,6,0,NETBANKING,13,Saturday,0
TXN_034367,CUST_00799,22116.82,CARD,FAILED,INSUFFICIENT_FUNDS,37,2,15,9,CARD,17,Wednesday,0
TXN_034386,CUST_02727,7820.89,NETBANKING,FAILED,BANK_SERVER_DOWN,34,15,16,8,UPI,19,Tuesday,0
TXN_034398,CUST_03842,3804.18,UPI,FAILED,CARD_DECLINED,36,26,19,4,NETBANKING,17,Sunday,0
TXN_034411,CUST_01479,23327.25,CARD,FAILED,CARD_DECLINED,58,10,12,9,WALLET,12,Monday,0
TXN_034414,CUST_09544,6198.31,UPI,FAILED,NETWORK_ERROR,33,16,10,9,CARD,22,Thursday,0
TXN_034422,CUST_07898,22096.85,NETBANKING,FAILED,CARD_DECLINED,46,7,2,6,UPI,6,Thursday,0
TXN_034431,CUST_04530,19398.85,UPI,FAILED,LIMIT_EXCEEDED,21,3,17,8,NETBANKING,23,Tuesday,0
TXN_034435,CUST_07314,13424.75,NETBANKING,FAILED,OTP_FAILURE,44,11,14,0,UPI,7,Friday,0
TXN_034442,CUST_02631,22622.09,UPI,FAILED,BANK_TIMEOUT,26,30,12,2,WALLET,15,Thursday,1
TXN_034451,CUST_08735,4823.82,CARD,FAILED,BANK_SERVER_DOWN,18,16,20,0,UPI,21,Monday,1
TXN_034469,CUST_01173,20501.66,UPI,FAILED,INSUFFICIENT_FUNDS,34,8,15,5,NETBANKING,21,Tuesday,0
TXN_034476,CUST_06766,22129.59,WALLET,FAILED,NETWORK_ERROR,36,6,23,2,WALLET,8,Saturday,0
TXN_034479,CUST_06958,3696.49,WALLET,FAILED,CARD_DECLINED,41,17,15,10,NETBANKING,23,Friday,1
TXN_034480,CUST_02704,14437.08,WALLET,FAILED,BANK_TIMEOUT,33,14,5,1,WALLET,8,Tuesday,0
TXN_034485,CUST_08382,16300.92,UPI,FAILED,INSUFFICIENT_FUNDS,53,12,3,6,WALLET,13,Friday,0
TXN_034491,CUST_00979,12870.55,CARD,FAILED,OTP_FAILURE,52,25,15,7,UPI,6,Wednesday,0
TXN_034501,CUST_03891,21069.39,WALLET,FAILED,BANK_TIMEOUT,56,15,14,7,NETBANKING,7,Monday,1
TXN_034502,CUST_08209,15564.45,WALLET,FAILED,BANK_TIMEOUT,18,9,2,6,UPI,11,Monday,0
TXN_034504,CUST_00136,17572.37,UPI,FAILED,OTP_FAILURE,43,20,6,6,NETBANKING,13,Tuesday,0
TXN_034505,CUST_06259,1784.91,CARD,FAILED,CARD_DECLINED,50,8,9,3,WALLET,20,Tuesday,0
TXN_034506,CUST_02882,1839.63,UPI,FAILED,OTP_FAILURE,25,19,2,7,NETBANKING,7,Monday,0
TXN_034507,CUST_03791,11458.05,CARD,FAILED,LIMIT_EXCEEDED,33,10,8,10,CARD,11,Friday,0
TXN_034508,CUST_06006,21091.99,CARD,FAILED,NETWORK_ERROR,33,21,9,0,NETBANKING,1,Friday,0
TXN_034511,CUST_04828,24457.06,WALLET,FAILED,BANK_TIMEOUT,33,14,13,8,CARD,15,Saturday,0
TXN_034513,CUST_00533,13185.68,UPI,FAILED,INSUFFICIENT_FUNDS,32,2,3,2,WALLET,23,Monday,0
TXN_034514,CUST_03711,9748.2,CARD,FAILED,CARD_DECLINED,54,10,1,6,UPI,14,Sunday,0
TXN_034518,CUST_01206,23562.04,WALLET,FAILED,BANK_TIMEOUT,55,20,7,1,WALLET,3,Saturday,1
TXN_034530,CUST_02151,11052.74,NETBANKING,FAILED,LIMIT_EXCEEDED,28,15,16,4,CARD,4,Monday,0
TXN_034531,CUST_04629,4027.72,NETBANKING,FAILED,BANK_TIMEOUT,23,4,24,0,WALLET,5,Wednesday,1
TXN_034539,CUST_00208,10310.16,CARD,FAILED,OTP_FAILURE,45,9,2,1,UPI,16,Wednesday,0
TXN_034557,CUST_03429,14354.11,NETBANKING,FAILED,INSUFFICIENT_FUNDS,55,12,20,1,UPI,19,Saturday,1
TXN_034558,CUST_00254,18246.37,CARD,FAILED,BANK_SERVER_DOWN,56,24,7,7,UPI,8,Tuesday,0
TXN_034563,CUST_06732,8099.99,CARD,FAILED,NETWORK_ERROR,34,30,23,9,CARD,14,Tuesday,1
TXN_034580,CUST_04630,13165.96,WALLET,FAILED,BANK_SERVER_DOWN,45,1,3,4,UPI,6,Monday,0
TXN_034587,CUST_02004,2036.29,WALLET,FAILED,BANK_SERVER_DOWN,35,26,24,1,UPI,19,Saturday,0
TXN_034591,CUST_06278,7208.6,WALLET,FAILED,NETWORK_ERROR,45,24,5,2,UPI,10,Thursday,0
TXN_034601,CUST_07472,4212.35,UPI,FAILED,LIMIT_EXCEEDED,58,18,6,5,WALLET,8,Tuesday,0
TXN_034603,CUST_05082,24304.73,CARD,FAILED,CARD_DECLINED,44,13,18,10,NETBANKING,5,Thursday,0
TXN_034605,CUST_05626,24543.79,NETBANKING,FAILED,NETWORK_ERROR,47,2,17,0,CARD,15,Saturday,0
TXN_034608,CUST_05037,21444.36,WALLET,FAILED,NETWORK_ERROR,48,16,8,7,NETBANKING,22,Thursday,1
TXN_034614,CUST_09784,19406.68,UPI,FAILED,CARD_DECLINED,33,19,7,0,NETBANKING,22,Thursday,0
TXN_034620,CUST_04951,20313.92,UPI,FAILED,CARD_DECLINED,42,3,7,5,CARD,19,Saturday,0
TXN_034622,CUST_00667,10663.3,WALLET,FAILED,NETWORK_ERROR,56,1,3,10,CARD,9,Saturday,1
TXN_034623,CUST_03885,11437.03,WALLET,FAILED,BANK_SERVER_DOWN,53,4,9,8,CARD,2,Monday,0
TXN_034624,CUST_07708,14018.78,NETBANKING,FAILED,CARD_DECLINED,48,16,4,0,NETBANKING,16,Monday,0
TXN_034625,CUST_00871,16226.36,CARD,FAILED,BANK_SERVER_DOWN,47,16,21,5,UPI,0,Sunday,0
TXN_034627,CUST_07307,2227.03,WALLET,FAILED,BANK_SERVER_DOWN,48,17,20,2,CARD,9,Monday,0
TXN_034633,CUST_03172,7024.42,WALLET,FAILED,LIMIT_EXCEEDED,38,16,1,3,UPI,17,Friday,0
TXN_034644,CUST_08016,18687.21,WALLET,FAILED,BANK_SERVER_DOWN,25,3,12,1,CARD,14,Wednesday,0
TXN_034651,CUST_08032,15083.14,NETBANKING,FAILED,CARD_DECLINED,20,25,1,0,WALLET,23,Monday,0
TXN_034652,CUST_07838,16263.12,CARD,FAILED,NETWORK_ERROR,32,6,20,1,NETBANKING,5,Wednesday,1
TXN_034667,CUST_09218,14673.15,UPI,FAILED,INSUFFICIENT_FUNDS,25,20,5,5,WALLET,11,Saturday,0
TXN_034670,CUST_02118,15755.79,NETBANKING,FAILED,OTP_FAILURE,33,18,23,8,CARD,22,Tuesday,0
TXN_034674,CUST_01227,16331.66,WALLET,FAILED,LIMIT_EXCEEDED,27,5,25,3,NETBANKING,0,Monday,1
TXN_034675,CUST_08139,16319.76,WALLET,FAILED,LIMIT_EXCEEDED,22,10,1,6,NETBANKING,11,Saturday,0
TXN_034684,CUST_01702,6828.25,NETBANKING,FAILED,OTP_FAILURE,60,20,12,6,CARD,10,Saturday,0
TXN_034685,CUST_07991,11164.55,NETBANKING,FAILED,LIMIT_EXCEEDED,36,17,23,6,CARD,2,Sunday,0
TXN_034695,CUST_04451,21055.48,WALLET,FAILED,LIMIT_EXCEEDED,36,17,8,6,NETBANKING,0,Sunday,0
TXN_034703,CUST_04610,9203.89,WALLET,FAILED,NETWORK_ERROR,55,30,16,7,CARD,21,Wednesday,0
TXN_034705,CUST_03796,17526.65,CARD,FAILED,NETWORK_ERROR,52,18,12,7,CARD,10,Friday,1
TXN_034711,CUST_02744,21442.72,CARD,FAILED,BANK_SERVER_DOWN,24,30,21,4,CARD,23,Friday,0
TXN_034712,CUST_06207,17531.43,WALLET,FAILED,CARD_DECLINED,46,21,17,7,WALLET,1,Wednesday,0
TXN_034719,CUST_00626,6073.28,CARD,FAILED,BANK_SERVER_DOWN,37,10,4,5,UPI,11,Wednesday,0
TXN_034720,CUST_07350,10517.46,NETBANKING,FAILED,LIMIT_EXCEEDED,18,28,23,7,CARD,12,Sunday,1
TXN_034722,CUST_05399,2111.02,UPI,FAILED,INSUFFICIENT_FUNDS,43,5,11,2,UPI,15,Saturday,1
TXN_034726,CUST_04924,19332.39,WALLET,FAILED,BANK_SERVER_DOWN,52,9,25,2,UPI,17,Sunday,0
TXN_034730,CUST_01109,6426.98,WALLET,FAILED,INSUFFICIENT_FUNDS,19,29,19,9,CARD,7,Monday,0
TXN_034735,CUST_07175,10395.88,UPI,FAILED,BANK_SERVER_DOWN,24,10,2,1,NETBANKING,18,Monday,0
TXN_034737,CUST_03131,21647.3,WALLET,FAILED,CARD_DECLINED,46,16,24,1,UPI,1,Monday,0
TXN_034746,CUST_08814,16879.48,WALLET,FAILED,LIMIT_EXCEEDED,20,19,15,5,UPI,3,Wednesday,0
TXN_034751,CUST_08183,2428.61,WALLET,FAILED,LIMIT_EXCEEDED,50,15,25,5,WALLET,16,Thursday,0
TXN_034752,CUST_08850,10291.46,NETBANKING,FAILED,CARD_DECLINED,43,9,22,7,WALLET,11,Sunday,0
TXN_034758,CUST_01619,14956.11,UPI,FAILED,BANK_SERVER_DOWN,53,4,1,9,WALLET,11,Thursday,0
TXN_034760,CUST_02350,18419.48,WALLET,FAILED,BANK_TIMEOUT,37,1,25,8,NETBANKING,5,Saturday,1
TXN_034765,CUST_08123,462.39,CARD,FAILED,CARD_DECLINED,39,20,5,5,NETBANKING,22,Friday,1
TXN_034770,CUST_08874,6938.71,NETBANKING,FAILED,CARD_DECLINED,52,13,7,2,WALLET,21,Tuesday,0
TXN_034783,CUST_06123,20531.14,NETBANKING,FAILED,INSUFFICIENT_FUNDS,24,8,24,1,WALLET,7,Monday,0
TXN_034796,CUST_00489,5302.8,WALLET,FAILED,CARD_DECLINED,23,5,1,10,WALLET,7,Saturday,1
TXN_034808,CUST_05308,17795.43,CARD,FAILED,INSUFFICIENT_FUNDS,37,22,7,8,UPI,3,Tuesday,0
TXN_034812,CUST_00221,18004.38,CARD,FAILED,BANK_SERVER_DOWN,34,8,12,9,UPI,14,Sunday,0
TXN_034816,CUST_01540,21790.51,UPI,FAILED,OTP_FAILURE,28,1,15,7,UPI,10,Monday,0
TXN_034822,CUST_05457,2934.53,WALLET,FAILED,CARD_DECLINED,37,10,20,5,NETBANKING,21,Saturday,0
TXN_034834,CUST_03990,9450.34,CARD,FAILED,OTP_FAILURE,23,25,11,1,NETBANKING,9,Wednesday,0
TXN_034841,CUST_01411,16933.79,CARD,FAILED,NETWORK_ERROR,39,23,16,3,CARD,17,Wednesday,1
TXN_034842,CUST_05889,10125.93,NETBANKING,FAILED,BANK_SERVER_DOWN,49,3,6,8,NETBANKING,5,Thursday,1
TXN_034851,CUST_03389,18209.22,NETBANKING,FAILED,BANK_SERVER_DOWN,47,4,25,9,CARD,23,Wednesday,0
TXN_034854,CUST_09945,15344.44,NETBANKING,FAILED,INSUFFICIENT_FUNDS,43,3,8,2,UPI,8,Wednesday,0
TXN_034858,CUST_02034,1740.97,WALLET,FAILED,CARD_DECLINED,43,11,10,2,UPI,19,Tuesday,0
TXN_034859,CUST_02000,10050.48,CARD,FAILED,CARD_DECLINED,19,25,16,4,CARD,9,Thursday,1
TXN_034861,CUST_07051,3498.74,UPI,FAILED,BANK_TIMEOUT,28,18,7,6,UPI,8,Sunday,1
TXN_034865,CUST_00175,1702.44,CARD,FAILED,OTP_FAILURE,21,4,20,4,UPI,10,Thursday,0
TXN_034883,CUST_02246,9464.75,NETBANKING,FAILED,BANK_SERVER_DOWN,35,11,13,1,WALLET,7,Monday,1
TXN_034886,CUST_01367,14459.19,CARD,FAILED,BANK_SERVER_DOWN,28,5,19,4,WALLET,6,Sunday,0
TXN_034889,CUST_09901,16829.8,WALLET,FAILED,LIMIT_EXCEEDED,22,11,9,3,CARD,5,Saturday,0
TXN_034902,CUST_00570,24170.07,WALLET,FAILED,NETWORK_ERROR,35,25,9,5,UPI,10,Sunday,0
TXN_034905,CUST_01060,21342.57,WALLET,FAILED,CARD_DECLINED,37,24,24,1,UPI,9,Wednesday,0
TXN_034908,CUST_03930,8936.79,WALLET,FAILED,NETWORK_ERROR,37,24,10,3,UPI,22,Thursday,1
TXN_034918,CUST_05234,23287.73,NETBANKING,FAILED,OTP_FAILURE,28,20,15,0,UPI,5,Tuesday,0
TXN_034920,CUST_02407,20576.22,WALLET,FAILED,OTP_FAILURE,41,4,25,2,WALLET,23,Monday,0
TXN_034924,CUST_05889,6660.43,CARD,FAILED,NETWORK_ERROR,49,3,6,8,NETBANKING,21,Sunday,1
TXN_034927,CUST_01856,6291.53,WALLET,FAILED,LIMIT_EXCEEDED,50,13,22,6,CARD,4,Sunday,0
TXN_034933,CUST_01335,19882.41,CARD,FAILED,LIMIT_EXCEEDED,41,24,6,6,NETBANKING,7,Tuesday,0
TXN_034936,CUST_03737,20855.74,UPI,FAILED,LIMIT_EXCEEDED,31,20,3,5,WALLET,5,Friday,0
TXN_034942,CUST_06938,6692.92,CARD,FAILED,BANK_TIMEOUT,38,3,12,3,NETBANKING,11,Monday,1
TXN_034947,CUST_07789,2981.67,WALLET,FAILED,LIMIT_EXCEEDED,27,3,16,7,CARD,9,Wednesday,0
TXN_034960,CUST_01860,20667.16,CARD,FAILED,BANK_SERVER_DOWN,51,22,10,4,NETBANKING,8,Saturday,1
TXN_034962,CUST_02099,22549.12,CARD,FAILED,CARD_DECLINED,29,18,1,8,WALLET,6,Sunday,0
TXN_034963,CUST_05653,4475.54,NETBANKING,FAILED,NETWORK_ERROR,42,17,7,4,NETBANKING,22,Monday,0
TXN_034970,CUST_05075,4992.97,CARD,FAILED,CARD_DECLINED,50,20,20,1,WALLET,16,Sunday,1
TXN_034990,CUST_00110,14289.93,NETBANKING,FAILED,BANK_SERVER_DOWN,53,8,13,10,CARD,15,Wednesday,0
TXN_034995,CUST_06324,19327.93,NETBANKING,FAILED,BANK_TIMEOUT,28,29,13,6,UPI,5,Tuesday,0
TXN_034996,CUST_09750,17882.66,UPI,FAILED,INSUFFICIENT_FUNDS,47,18,10,2,CARD,1,Friday,0
TXN_034999,CUST_03826,6378.11,UPI,FAILED,CARD_DECLINED,29,19,1,1,WALLET,18,Sunday,0
TXN_035005,CUST_08817,2917.12,NETBANKING,FAILED,INSUFFICIENT_FUNDS,36,26,1,9,NETBANKING,15,Saturday,1
TXN_035008,CUST_04968,12369.31,NETBANKING,FAILED,CARD_DECLINED,49,5,13,2,UPI,3,Wednesday,0
TXN_035009,CUST_02247,18266.32,UPI,FAILED,OTP_FAILURE,30,19,16,9,CARD,22,Tuesday,0
TXN_035012,CUST_04251,14351.22,UPI,FAILED,LIMIT_EXCEEDED,40,24,13,9,UPI,19,Tuesday,0
TXN_035015,CUST_00970,12831.22,NETBANKING,FAILED,BANK_SERVER_DOWN,19,28,1,5,UPI,7,Tuesday,0
TXN_035016,CUST_07387,9800.14,CARD,FAILED,LIMIT_EXCEEDED,52,18,15,4,NETBANKING,18,Friday,0
TXN_035019,CUST_08415,3486.73,NETBANKING,FAILED,LIMIT_EXCEEDED,18,21,15,6,CARD,17,Thursday,1
TXN_035020,CUST_05271,22387.63,NETBANKING,FAILED,LIMIT_EXCEEDED,35,22,10,3,CARD,15,Wednesday,1
TXN_035024,CUST_00933,23668.77,CARD,FAILED,OTP_FAILURE,38,24,1,3,WALLET,10,Saturday,0
TXN_035028,CUST_06447,14728.29,WALLET,FAILED,LIMIT_EXCEEDED,44,28,8,3,WALLET,8,Friday,1
TXN_035035,CUST_01314,22126.84,NETBANKING,FAILED,NETWORK_ERROR,44,9,10,5,CARD,4,Saturday,1
TXN_035052,CUST_02668,1020.69,NETBANKING,FAILED,INSUFFICIENT_FUNDS,27,10,12,0,WALLET,6,Wednesday,0
TXN_035055,CUST_09130,929.94,UPI,FAILED,INSUFFICIENT_FUNDS,19,4,10,2,CARD,17,Thursday,0
TXN_035058,CUST_06453,8715.72,NETBANKING,FAILED,LIMIT_EXCEEDED,28,16,6,9,NETBANKING,13,Saturday,0
TXN_035059,CUST_07886,18152.47,CARD,FAILED,NETWORK_ERROR,50,8,25,2,UPI,11,Wednesday,0
TXN_035074,CUST_08437,12234.84,CARD,FAILED,LIMIT_EXCEEDED,50,1,4,10,NETBANKING,11,Tuesday,0
TXN_035079,CUST_09091,12026.17,WALLET,FAILED,NETWORK_ERROR,59,9,4,1,UPI,1,Monday,0
TXN_035091,CUST_05826,10744.45,CARD,FAILED,LIMIT_EXCEEDED,59,19,12,8,CARD,12,Monday,0
TXN_035093,CUST_05515,9443.75,CARD,FAILED,BANK_TIMEOUT,19,27,25,10,NETBANKING,16,Friday,1
TXN_035094,CUST_05529,18250.82,CARD,FAILED,LIMIT_EXCEEDED,55,12,24,1,WALLET,23,Wednesday,1
TXN_035097,CUST_04368,3519.9,WALLET,FAILED,CARD_DECLINED,29,3,3,10,UPI,22,Thursday,0
TXN_035109,CUST_07859,5512.26,NETBANKING,FAILED,LIMIT_EXCEEDED,54,15,7,10,WALLET,8,Monday,0
TXN_035110,CUST_07417,20324.79,NETBANKING,FAILED,LIMIT_EXCEEDED,51,2,18,5,CARD,11,Tuesday,0
TXN_035111,CUST_08492,22975.52,WALLET,FAILED,NETWORK_ERROR,48,21,20,0,NETBANKING,1,Friday,1
TXN_035134,CUST_00616,19639.29,CARD,FAILED,INSUFFICIENT_FUNDS,51,6,5,0,CARD,14,Saturday,0
TXN_035145,CUST_00925,3572.01,NETBANKING,FAILED,LIMIT_EXCEEDED,48,25,19,0,NETBANKING,7,Monday,1
TXN_035159,CUST_03004,18201.64,NETBANKING,FAILED,INSUFFICIENT_FUNDS,37,29,21,9,CARD,15,Wednesday,0
TXN_035163,CUST_00410,21870.48,WALLET,FAILED,OTP_FAILURE,32,1,1,10,NETBANKING,15,Thursday,0
TXN_035203,CUST_06667,18122.64,WALLET,FAILED,OTP_FAILURE,47,25,19,3,UPI,11,Sunday,0
TXN_035207,CUST_03610,13202.24,CARD,FAILED,OTP_FAILURE,53,20,11,2,NETBANKING,16,Saturday,0
TXN_035209,CUST_01872,23522.33,NETBANKING,FAILED,INSUFFICIENT_FUNDS,57,19,10,4,CARD,0,Monday,1
TXN_035220,CUST_01427,21349.05,UPI,FAILED,BANK_SERVER_DOWN,56,5,8,6,NETBANKING,23,Saturday,0
TXN_035226,CUST_06832,7705.43,WALLET,FAILED,NETWORK_ERROR,44,23,4,6,UPI,22,Thursday,0
TXN_035229,CUST_00861,21543.59,NETBANKING,FAILED,INSUFFICIENT_FUNDS,45,16,22,10,NETBANKING,7,Sunday,1
TXN_035232,CUST_07159,6237.37,CARD,FAILED,BANK_TIMEOUT,42,21,18,5,NETBANKING,0,Tuesday,0
TXN_035242,CUST_01208,18542.04,NETBANKING,FAILED,CARD_DECLINED,49,28,5,5,UPI,14,Sunday,0
TXN_035250,CUST_00449,7469.55,WALLET,FAILED,BANK_TIMEOUT,59,1,2,1,NETBANKING,15,Friday,0
TXN_035257,CUST_06438,14189.84,UPI,FAILED,BANK_TIMEOUT,25,24,15,9,NETBANKING,23,Sunday,1
TXN_035259,CUST_02297,24321.86,NETBANKING,FAILED,CARD_DECLINED,60,21,9,4,CARD,19,Tuesday,0
TXN_035262,CUST_01494,10474.0,WALLET,FAILED,LIMIT_EXCEEDED,39,8,10,8,CARD,0,Monday,0
TXN_035266,CUST_03793,17117.96,NETBANKING,FAILED,NETWORK_ERROR,38,6,18,8,UPI,21,Saturday,1
TXN_035269,CUST_03549,21259.2,NETBANKING,FAILED,BANK_SERVER_DOWN,39,29,1,3,UPI,16,Wednesday,0
TXN_035271,CUST_07787,4816.91,NETBANKING,FAILED,CARD_DECLINED,44,23,23,5,UPI,23,Monday,0
TXN_035276,CUST_08658,9012.08,UPI,FAILED,NETWORK_ERROR,34,20,4,2,UPI,23,Tuesday,0
TXN_035281,CUST_05255,20840.54,WALLET,FAILED,OTP_FAILURE,40,3,20,8,NETBANKING,1,Wednesday,0
TXN_035285,CUST_00402,9291.97,UPI,FAILED,NETWORK_ERROR,38,10,6,2,CARD,14,Sunday,0
TXN_035287,CUST_02788,15027.52,CARD,FAILED,NETWORK_ERROR,56,4,25,7,WALLET,13,Monday,1
TXN_035289,CUST_07484,3064.81,CARD,FAILED,CARD_DECLINED,48,5,17,7,NETBANKING,22,Saturday,0
TXN_035291,CUST_01478,17359.05,NETBANKING,FAILED,INSUFFICIENT_FUNDS,21,21,5,8,CARD,16,Saturday,0
TXN_035295,CUST_00340,20106.99,NETBANKING,FAILED,BANK_TIMEOUT,47,4,4,6,CARD,22,Sunday,0
TXN_035306,CUST_01529,8501.06,WALLET,FAILED,NETWORK_ERROR,46,23,19,0,UPI,9,Saturday,0
TXN_035315,CUST_07692,10807.13,WALLET,FAILED,CARD_DECLINED,34,4,10,1,NETBANKING,12,Friday,0
TXN_035322,CUST_03601,13824.33,NETBANKING,FAILED,NETWORK_ERROR,38,5,16,5,CARD,14,Tuesday,0
TXN_035327,CUST_00237,14875.78,CARD,FAILED,OTP_FAILURE,23,18,18,3,WALLET,14,Monday,0
TXN_035332,CUST_01825,9352.88,UPI,FAILED,INSUFFICIENT_FUNDS,28,6,12,5,CARD,2,Monday,0
TXN_035360,CUST_03113,18888.1,WALLET,FAILED,BANK_SERVER_DOWN,26,21,24,7,UPI,5,Sunday,0
TXN_035367,CUST_09675,17836.68,WALLET,FAILED,CARD_DECLINED,19,15,6,0,UPI,14,Sunday,0
TXN_035378,CUST_03045,7256.04,UPI,FAILED,LIMIT_EXCEEDED,40,28,20,2,UPI,14,Wednesday,1
TXN_035379,CUST_01192,22431.05,UPI,FAILED,INSUFFICIENT_FUNDS,38,16,7,0,NETBANKING,21,Monday,0
TXN_035385,CUST_06839,23168.01,CARD,FAILED,NETWORK_ERROR,18,22,18,6,NETBANKING,23,Saturday,0
TXN_035390,CUST_03854,14556.1,CARD,FAILED,INSUFFICIENT_FUNDS,60,17,4,1,NETBANKING,23,Sunday,0
TXN_035396,CUST_02793,13917.31,NETBANKING,FAILED,BANK_SERVER_DOWN,45,4,1,2,WALLET,16,Saturday,0
TXN_035402,CUST_03475,22827.61,NETBANKING,FAILED,OTP_FAILURE,59,12,10,8,UPI,15,Tuesday,1
TXN_035404,CUST_03498,12092.93,CARD,FAILED,NETWORK_ERROR,27,11,11,7,UPI,23,Saturday,0
TXN_035407,CUST_04803,18556.95,CARD,FAILED,BANK_TIMEOUT,37,14,24,9,NETBANKING,20,Tuesday,1
TXN_035408,CUST_08132,2756.36,WALLET,FAILED,NETWORK_ERROR,44,13,1,5,CARD,0,Friday,0
TXN_035409,CUST_07577,14769.23,NETBANKING,FAILED,BANK_SERVER_DOWN,18,29,15,6,WALLET,22,Sunday,0
TXN_035416,CUST_01652,23899.67,CARD,FAILED,OTP_FAILURE,39,25,23,6,WALLET,11,Saturday,1
TXN_035431,CUST_00789,6073.03,CARD,FAILED,NETWORK_ERROR,30,23,16,1,NETBANKING,6,Monday,1
TXN_035447,CUST_01996,10333.09,CARD,FAILED,INSUFFICIENT_FUNDS,59,23,14,3,CARD,2,Wednesday,1
TXN_035452,CUST_01715,22687.49,NETBANKING,FAILED,BANK_SERVER_DOWN,32,19,20,8,WALLET,12,Sunday,0
TXN_035466,CUST_07658,17480.94,WALLET,FAILED,BANK_TIMEOUT,35,16,17,8,CARD,3,Monday,1
TXN_035480,CUST_05967,6909.78,WALLET,FAILED,NETWORK_ERROR,25,15,21,2,CARD,12,Tuesday,0
TXN_035481,CUST_08449,1901.54,CARD,FAILED,CARD_DECLINED,22,10,15,8,NETBANKING,10,Monday,0
TXN_035487,CUST_06105,10324.5,CARD,FAILED,OTP_FAILURE,24,23,24,1,WALLET,13,Friday,0
TXN_035499,CUST_03840,318.58,WALLET,FAILED,CARD_DECLINED,30,16,15,9,NETBANKING,19,Wednesday,0
TXN_035529,CUST_09052,10543.55,UPI,FAILED,BANK_TIMEOUT,26,21,11,2,NETBANKING,4,Friday,1
TXN_035533,CUST_07032,16381.91,WALLET,FAILED,CARD_DECLINED,28,9,2,2,NETBANKING,15,Saturday,0
TXN_035539,CUST_05989,16918.13,UPI,FAILED,OTP_FAILURE,36,8,4,6,NETBANKING,4,Thursday,0
TXN_035541,CUST_03139,16485.21,NETBANKING,FAILED,BANK_TIMEOUT,19,28,9,8,UPI,17,Monday,0
TXN_035542,CUST_09687,21820.35,UPI,FAILED,OTP_FAILURE,37,7,19,1,CARD,0,Sunday,0
TXN_035547,CUST_01720,12859.05,WALLET,FAILED,NETWORK_ERROR,38,11,14,4,CARD,20,Thursday,0
TXN_035554,CUST_08050,13055.75,NETBANKING,FAILED,NETWORK_ERROR,40,8,7,0,WALLET,10,Thursday,0
TXN_035556,CUST_05316,10863.19,WALLET,FAILED,INSUFFICIENT_FUNDS,23,30,11,10,UPI,19,Friday,0
TXN_035559,CUST_09080,16043.3,CARD,FAILED,CARD_DECLINED,42,11,3,4,NETBANKING,18,Sunday,0
TXN_035569,CUST_00483,8599.67,UPI,FAILED,BANK_TIMEOUT,18,17,9,0,WALLET,7,Saturday,0
TXN_035585,CUST_02255,10170.66,WALLET,FAILED,LIMIT_EXCEEDED,30,16,9,0,WALLET,13,Thursday,0
TXN_035588,CUST_05518,19876.22,WALLET,FAILED,OTP_FAILURE,39,19,21,7,NETBANKING,10,Friday,1
TXN_035591,CUST_00641,5715.42,WALLET,FAILED,BANK_SERVER_DOWN,47,13,10,8,CARD,14,Tuesday,1
TXN_035599,CUST_06571,6518.54,CARD,FAILED,OTP_FAILURE,40,4,25,3,WALLET,19,Wednesday,0
TXN_035607,CUST_06843,109.57,UPI,FAILED,BANK_SERVER_DOWN,42,23,16,0,NETBANKING,9,Sunday,1
TXN_035613,CUST_09589,17962.5,NETBANKING,FAILED,CARD_DECLINED,51,2,11,0,CARD,12,Friday,1
TXN_035619,CUST_01101,8848.94,WALLET,FAILED,NETWORK_ERROR,58,1,23,10,WALLET,5,Friday,0
TXN_035622,CUST_00651,5932.8,UPI,FAILED,NETWORK_ERROR,49,24,15,3,NETBANKING,0,Monday,0
TXN_035632,CUST_03129,14127.31,NETBANKING,FAILED,LIMIT_EXCEEDED,54,11,24,7,NETBANKING,12,Friday,1
TXN_035643,CUST_09243,12810.91,UPI,FAILED,OTP_FAILURE,39,17,1,5,NETBANKING,16,Tuesday,0
TXN_035668,CUST_05107,9005.84,CARD,FAILED,LIMIT_EXCEEDED,54,14,11,0,WALLET,3,Wednesday,1
TXN_035670,CUST_00943,9528.03,WALLET,FAILED,NETWORK_ERROR,49,11,7,8,CARD,19,Tuesday,0
TXN_035681,CUST_01401,7474.49,WALLET,FAILED,NETWORK_ERROR,28,10,6,5,CARD,1,Tuesday,1
TXN_035688,CUST_02394,5781.4,UPI,FAILED,LIMIT_EXCEEDED,20,7,2,10,WALLET,17,Tuesday,0
TXN_035699,CUST_05019,6839.12,CARD,FAILED,BANK_TIMEOUT,21,19,9,0,CARD,2,Wednesday,1
TXN_035701,CUST_02977,852.33,WALLET,FAILED,LIMIT_EXCEEDED,40,26,22,4,UPI,7,Tuesday,0
TXN_035712,CUST_05109,9797.74,NETBANKING,FAILED,CARD_DECLINED,44,9,19,7,UPI,20,Friday,0
TXN_035721,CUST_03624,21833.15,NETBANKING,FAILED,OTP_FAILURE,53,3,2,2,WALLET,6,Saturday,0
TXN_035722,CUST_02650,15003.31,UPI,FAILED,CARD_DECLINED,45,20,20,10,WALLET,22,Sunday,0
TXN_035730,CUST_03721,23233.37,WALLET,FAILED,INSUFFICIENT_FUNDS,37,20,18,0,UPI,8,Sunday,0
TXN_035735,CUST_08245,8147.78,NETBANKING,FAILED,CARD_DECLINED,27,20,15,9,CARD,9,Sunday,0
TXN_035737,CUST_02398,5996.47,NETBANKING,FAILED,NETWORK_ERROR,54,4,23,0,CARD,20,Sunday,0
TXN_035740,CUST_05827,14792.72,NETBANKING,FAILED,CARD_DECLINED,40,17,10,1,WALLET,0,Thursday,1
TXN_035744,CUST_04635,20896.41,WALLET,FAILED,NETWORK_ERROR,37,5,17,5,NETBANKING,15,Saturday,1
TXN_035746,CUST_08154,22944.73,WALLET,FAILED,OTP_FAILURE,29,7,17,2,CARD,22,Thursday,0
TXN_035753,CUST_02347,23310.05,CARD,FAILED,BANK_SERVER_DOWN,60,23,22,4,UPI,20,Friday,0
TXN_035755,CUST_08229,10794.42,NETBANKING,FAILED,LIMIT_EXCEEDED,18,18,3,5,CARD,20,Wednesday,0
TXN_035759,CUST_06063,24995.53,CARD,FAILED,LIMIT_EXCEEDED,58,18,5,9,UPI,8,Thursday,0
TXN_035762,CUST_01016,1469.39,NETBANKING,FAILED,LIMIT_EXCEEDED,30,9,19,10,CARD,7,Thursday,1
TXN_035766,CUST_06843,1936.64,UPI,FAILED,BANK_SERVER_DOWN,42,23,16,0,NETBANKING,1,Friday,0
TXN_035772,CUST_01554,5332.06,NETBANKING,FAILED,BANK_TIMEOUT,21,17,12,2,UPI,18,Saturday,0
TXN_035773,CUST_07239,5637.05,NETBANKING,FAILED,CARD_DECLINED,44,10,18,3,WALLET,10,Sunday,0
TXN_035774,CUST_02834,18255.25,WALLET,FAILED,NETWORK_ERROR,42,12,20,10,WALLET,11,Tuesday,1
TXN_035783,CUST_09658,5442.68,CARD,FAILED,INSUFFICIENT_FUNDS,51,7,11,2,UPI,18,Friday,0
TXN_035785,CUST_03108,20363.66,WALLET,FAILED,OTP_FAILURE,49,11,14,0,UPI,4,Saturday,0
TXN_035789,CUST_07601,15392.13,NETBANKING,FAILED,LIMIT_EXCEEDED,56,18,16,8,NETBANKING,1,Tuesday,0
TXN_035790,CUST_02515,23694.49,WALLET,FAILED,NETWORK_ERROR,40,1,25,9,UPI,10,Wednesday,0
TXN_035791,CUST_02245,14032.33,NETBANKING,FAILED,OTP_FAILURE,26,17,10,3,NETBANKING,11,Thursday,1
TXN_035795,CUST_01847,8214.55,CARD,FAILED,BANK_TIMEOUT,60,26,25,5,NETBANKING,18,Tuesday,1
TXN_035799,CUST_04252,7789.31,CARD,FAILED,NETWORK_ERROR,52,29,24,4,WALLET,0,Sunday,0
TXN_035805,CUST_06492,18801.29,CARD,FAILED,BANK_TIMEOUT,22,26,19,6,NETBANKING,5,Thursday,0
TXN_035811,CUST_08193,16687.99,NETBANKING,FAILED,NETWORK_ERROR,40,30,10,2,NETBANKING,4,Sunday,1
TXN_035815,CUST_03401,4071.2,UPI,FAILED,OTP_FAILURE,44,19,4,5,UPI,17,Thursday,0
TXN_035820,CUST_05949,12805.38,CARD,FAILED,BANK_TIMEOUT,60,20,9,7,UPI,9,Wednesday,1
TXN_035823,CUST_00483,8943.58,UPI,FAILED,NETWORK_ERROR,18,17,9,0,WALLET,19,Wednesday,0
TXN_035825,CUST_09409,6143.92,CARD,FAILED,OTP_FAILURE,33,28,1,7,CARD,10,Friday,0
TXN_035830,CUST_01240,5946.56,WALLET,FAILED,INSUFFICIENT_FUNDS,38,23,19,1,CARD,14,Thursday,0
TXN_035851,CUST_06770,5557.88,WALLET,FAILED,INSUFFICIENT_FUNDS,59,6,10,4,CARD,1,Monday,0
TXN_035854,CUST_02272,18538.42,NETBANKING,FAILED,CARD_DECLINED,32,26,13,1,WALLET,12,Wednesday,0
TXN_035892,CUST_00258,7036.33,CARD,FAILED,NETWORK_ERROR,45,7,13,9,WALLET,5,Monday,0
TXN_035896,CUST_06586,16920.49,UPI,FAILED,BANK_SERVER_DOWN,45,29,6,6,WALLET,20,Saturday,0
TXN_035897,CUST_02332,13923.78,NETBANKING,FAILED,NETWORK_ERROR,25,24,22,9,WALLET,18,Friday,1
TXN_035898,CUST_03638,2342.38,UPI,FAILED,INSUFFICIENT_FUNDS,47,9,5,2,UPI,2,Thursday,1
TXN_035914,CUST_08250,7287.7,WALLET,FAILED,BANK_SERVER_DOWN,50,19,7,6,WALLET,13,Wednesday,0
TXN_035916,CUST_00452,19565.06,WALLET,FAILED,INSUFFICIENT_FUNDS,33,5,2,3,NETBANKING,9,Friday,0
TXN_035928,CUST_02641,7502.7,NETBANKING,FAILED,OTP_FAILURE,52,6,2,5,CARD,22,Sunday,0
TXN_035934,CUST_02978,11787.38,CARD,FAILED,INSUFFICIENT_FUNDS,35,15,19,3,WALLET,10,Tuesday,0
TXN_035940,CUST_03752,4624.55,CARD,FAILED,INSUFFICIENT_FUNDS,57,12,13,1,CARD,5,Saturday,0
TXN_035949,CUST_08785,22613.79,NETBANKING,FAILED,BANK_TIMEOUT,54,11,5,4,CARD,16,Wednesday,1
TXN_035950,CUST_09049,9704.39,NETBANKING,FAILED,OTP_FAILURE,54,22,6,7,WALLET,22,Monday,0
TXN_035955,CUST_04741,4122.93,CARD,FAILED,BANK_TIMEOUT,59,18,4,1,WALLET,13,Friday,0
TXN_035962,CUST_02653,5125.83,NETBANKING,FAILED,BANK_SERVER_DOWN,60,9,21,10,UPI,1,Wednesday,1
TXN_035966,CUST_03380,24871.21,CARD,FAILED,BANK_SERVER_DOWN,51,19,15,2,UPI,16,Sunday,0
TXN_035971,CUST_04045,2425.81,WALLET,FAILED,OTP_FAILURE,25,5,7,10,UPI,18,Friday,0
TXN_035975,CUST_09194,8929.28,WALLET,FAILED,LIMIT_EXCEEDED,36,8,5,9,NETBANKING,2,Sunday,0
TXN_035978,CUST_05551,4366.05,NETBANKING,FAILED,INSUFFICIENT_FUNDS,31,8,23,10,CARD,23,Tuesday,0
TXN_035984,CUST_02715,23688.56,CARD,FAILED,BANK_TIMEOUT,60,8,10,4,WALLET,16,Friday,1
TXN_035987,CUST_06231,6828.78,NETBANKING,FAILED,INSUFFICIENT_FUNDS,36,15,3,7,CARD,13,Monday,0
TXN_035991,CUST_02996,9221.44,UPI,FAILED,BANK_SERVER_DOWN,19,26,22,5,CARD,6,Friday,0
TXN_035992,CUST_09411,7811.38,WALLET,FAILED,BANK_SERVER_DOWN,19,7,6,10,WALLET,16,Wednesday,0
TXN_035998,CUST_09112,16337.17,UPI,FAILED,OTP_FAILURE,22,9,2,3,UPI,10,Wednesday,0
TXN_036005,CUST_04508,20261.83,WALLET,FAILED,BANK_SERVER_DOWN,35,8,1,2,CARD,21,Thursday,0
TXN_036008,CUST_05956,7921.14,CARD,FAILED,OTP_FAILURE,58,13,10,6,WALLET,13,Thursday,0
TXN_036023,CUST_03410,16515.16,WALLET,FAILED,OTP_FAILURE,52,20,24,7,CARD,15,Thursday,0
TXN_036033,CUST_03647,19655.96,NETBANKING,FAILED,NETWORK_ERROR,27,8,10,7,CARD,7,Saturday,0
TXN_036035,CUST_06763,23183.92,CARD,FAILED,INSUFFICIENT_FUNDS,31,15,7,3,UPI,0,Saturday,0
TXN_036041,CUST_07581,1611.35,WALLET,FAILED,INSUFFICIENT_FUNDS,33,30,7,5,UPI,0,Friday,0
TXN_036048,CUST_06325,17987.48,UPI,FAILED,BANK_TIMEOUT,20,28,7,2,WALLET,14,Sunday,0
TXN_036052,CUST_02219,12945.64,CARD,FAILED,NETWORK_ERROR,19,7,1,4,WALLET,2,Monday,1
TXN_036059,CUST_06576,6647.25,CARD,FAILED,BANK_SERVER_DOWN,20,15,23,7,UPI,8,Thursday,0
TXN_036075,CUST_04542,15715.23,WALLET,FAILED,INSUFFICIENT_FUNDS,34,30,11,5,UPI,20,Friday,1
TXN_036077,CUST_00571,18643.11,NETBANKING,FAILED,INSUFFICIENT_FUNDS,49,10,9,4,UPI,22,Saturday,0
TXN_036085,CUST_03589,5436.22,WALLET,FAILED,OTP_FAILURE,60,21,20,2,CARD,18,Thursday,0
TXN_036086,CUST_01595,23528.34,UPI,FAILED,BANK_TIMEOUT,54,5,1,3,WALLET,16,Monday,0
TXN_036088,CUST_02637,10547.67,WALLET,FAILED,INSUFFICIENT_FUNDS,32,14,6,9,CARD,6,Sunday,0
TXN_036094,CUST_02600,13144.7,WALLET,FAILED,CARD_DECLINED,27,4,18,8,NETBANKING,11,Sunday,0
TXN_036105,CUST_03865,17034.85,UPI,FAILED,LIMIT_EXCEEDED,32,30,18,10,NETBANKING,21,Sunday,0
TXN_036108,CUST_08453,10245.03,NETBANKING,FAILED,BANK_SERVER_DOWN,21,2,13,4,CARD,2,Friday,1
TXN_036136,CUST_05813,11009.99,UPI,FAILED,BANK_SERVER_DOWN,58,7,11,2,NETBANKING,16,Thursday,1
TXN_036149,CUST_08515,922.73,UPI,FAILED,CARD_DECLINED,40,10,3,4,NETBANKING,4,Sunday,0
TXN_036163,CUST_06006,20165.89,CARD,FAILED,LIMIT_EXCEEDED,33,21,9,0,NETBANKING,4,Monday,0
TXN_036168,CUST_02550,22224.51,CARD,FAILED,NETWORK_ERROR,41,21,14,7,WALLET,21,Friday,1
TXN_036170,CUST_09898,7166.31,WALLET,FAILED,LIMIT_EXCEEDED,27,15,16,4,UPI,13,Saturday,0
TXN_036175,CUST_07029,18738.94,WALLET,FAILED,INSUFFICIENT_FUNDS,42,13,23,0,NETBANKING,13,Wednesday,1
TXN_036180,CUST_06735,11946.26,UPI,FAILED,CARD_DECLINED,34,28,10,0,NETBANKING,17,Tuesday,0
TXN_036199,CUST_09054,304.99,CARD,FAILED,CARD_DECLINED,45,26,9,2,UPI,13,Friday,1
TXN_036202,CUST_02660,5903.7,WALLET,FAILED,LIMIT_EXCEEDED,27,21,19,7,UPI,12,Thursday,0
TXN_036203,CUST_05171,8268.99,WALLET,FAILED,CARD_DECLINED,25,23,8,6,CARD,18,Friday,0
TXN_036226,CUST_05076,21620.79,UPI,FAILED,INSUFFICIENT_FUNDS,56,9,2,1,WALLET,20,Wednesday,0
TXN_036235,CUST_02019,11841.58,WALLET,FAILED,BANK_TIMEOUT,23,23,16,8,UPI,22,Saturday,0
TXN_036239,CUST_09137,22482.39,CARD,FAILED,BANK_TIMEOUT,18,20,17,4,NETBANKING,19,Monday,1
TXN_036250,CUST_09330,6289.36,WALLET,FAILED,NETWORK_ERROR,43,22,4,1,UPI,15,Wednesday,1
TXN_036257,CUST_08713,3915.01,UPI,FAILED,INSUFFICIENT_FUNDS,54,9,3,9,UPI,15,Sunday,1
TXN_036258,CUST_04677,17791.86,WALLET,FAILED,CARD_DECLINED,53,18,24,1,UPI,1,Saturday,0
TXN_036264,CUST_06532,1738.38,NETBANKING,FAILED,LIMIT_EXCEEDED,22,2,24,6,WALLET,6,Friday,0
TXN_036275,CUST_05989,13755.18,UPI,FAILED,BANK_SERVER_DOWN,36,8,4,6,NETBANKING,17,Monday,0
TXN_036276,CUST_09917,21089.73,CARD,FAILED,NETWORK_ERROR,41,20,4,10,UPI,5,Friday,0
TXN_036285,CUST_08101,19316.86,WALLET,FAILED,OTP_FAILURE,46,1,24,3,WALLET,17,Tuesday,1
TXN_036286,CUST_04196,15050.88,UPI,FAILED,NETWORK_ERROR,26,5,7,1,UPI,18,Tuesday,1
TXN_036287,CUST_00784,17511.5,WALLET,FAILED,CARD_DECLINED,54,15,17,9,CARD,4,Tuesday,0
TXN_036289,CUST_09324,18013.96,UPI,FAILED,OTP_FAILURE,59,24,1,3,CARD,4,Tuesday,0
TXN_036293,CUST_02814,23669.38,CARD,FAILED,INSUFFICIENT_FUNDS,27,15,1,6,CARD,6,Sunday,1
TXN_036294,CUST_06939,12590.59,CARD,FAILED,LIMIT_EXCEEDED,51,3,5,9,UPI,21,Monday,0
TXN_036297,CUST_05671,24043.3,WALLET,FAILED,BANK_SERVER_DOWN,59,12,14,9,WALLET,8,Wednesday,0
TXN_036301,CUST_06703,8417.75,CARD,FAILED,BANK_TIMEOUT,44,22,25,7,CARD,17,Friday,1
TXN_036302,CUST_05436,16642.1,CARD,FAILED,NETWORK_ERROR,58,26,24,3,UPI,0,Sunday,0
TXN_036306,CUST_05946,15612.58,CARD,FAILED,CARD_DECLINED,58,21,19,2,UPI,7,Saturday,0
TXN_036311,CUST_04692,20658.69,NETBANKING,FAILED,LIMIT_EXCEEDED,36,7,10,2,NETBANKING,19,Tuesday,1
TXN_036314,CUST_00792,5738.67,CARD,FAILED,BANK_TIMEOUT,28,6,12,9,WALLET,20,Monday,1
TXN_036325,CUST_04126,19442.86,UPI,FAILED,BANK_SERVER_DOWN,46,2,2,4,CARD,7,Sunday,0
TXN_036326,CUST_07497,21784.5,UPI,FAILED,BANK_TIMEOUT,27,20,16,1,NETBANKING,16,Monday,0
TXN_036330,CUST_03772,24364.16,CARD,FAILED,CARD_DECLINED,22,25,3,6,NETBANKING,18,Saturday,0
TXN_036334,CUST_03779,6358.6,UPI,FAILED,INSUFFICIENT_FUNDS,23,16,18,8,WALLET,22,Wednesday,0
TXN_036348,CUST_03290,18137.55,CARD,FAILED,OTP_FAILURE,44,5,19,3,NETBANKING,0,Monday,0
TXN_036374,CUST_08912,24664.07,WALLET,FAILED,BANK_SERVER_DOWN,29,28,13,3,CARD,19,Monday,0
TXN_036383,CUST_04706,464.35,CARD,FAILED,OTP_FAILURE,30,12,24,7,NETBANKING,4,Monday,0
TXN_036384,CUST_04493,11823.77,UPI,FAILED,LIMIT_EXCEEDED,21,4,6,9,WALLET,13,Friday,0
TXN_036389,CUST_02183,12514.58,WALLET,FAILED,CARD_DECLINED,37,15,1,10,CARD,18,Monday,0
TXN_036395,CUST_08228,6860.26,WALLET,FAILED,NETWORK_ERROR,32,2,11,9,NETBANKING,23,Saturday,1
TXN_036402,CUST_03702,4817.79,UPI,FAILED,CARD_DECLINED,49,13,18,5,WALLET,10,Saturday,0
TXN_036406,CUST_03041,21873.02,CARD,FAILED,BANK_SERVER_DOWN,59,7,21,0,NETBANKING,9,Tuesday,0
TXN_036407,CUST_05497,4602.31,UPI,FAILED,OTP_FAILURE,53,7,18,1,CARD,16,Thursday,1
TXN_036415,CUST_00355,21644.85,WALLET,FAILED,INSUFFICIENT_FUNDS,45,9,2,3,WALLET,21,Monday,0
TXN_036417,CUST_09785,6586.11,WALLET,FAILED,INSUFFICIENT_FUNDS,23,4,11,7,CARD,11,Friday,0
TXN_036419,CUST_02959,13234.06,CARD,FAILED,OTP_FAILURE,56,14,10,10,CARD,14,Monday,0
TXN_036429,CUST_02304,13192.48,UPI,FAILED,NETWORK_ERROR,43,11,19,5,NETBANKING,13,Thursday,1
TXN_036437,CUST_03559,7531.62,UPI,FAILED,CARD_DECLINED,43,27,17,8,WALLET,5,Wednesday,0
TXN_036438,CUST_01210,10338.95,NETBANKING,FAILED,NETWORK_ERROR,18,1,9,3,NETBANKING,8,Wednesday,0
TXN_036451,CUST_04585,22526.48,UPI,FAILED,LIMIT_EXCEEDED,33,14,12,4,WALLET,0,Sunday,0
TXN_036454,CUST_03968,14328.14,WALLET,FAILED,NETWORK_ERROR,28,25,4,2,UPI,14,Thursday,0
TXN_036465,CUST_03547,3964.43,WALLET,FAILED,CARD_DECLINED,47,2,21,9,CARD,18,Tuesday,0
TXN_036474,CUST_05323,24253.56,UPI,FAILED,BANK_SERVER_DOWN,38,20,10,6,NETBANKING,21,Friday,1
TXN_036489,CUST_08591,10172.04,NETBANKING,FAILED,CARD_DECLINED,48,3,17,1,NETBANKING,23,Sunday,0
TXN_036493,CUST_09663,6212.35,UPI,FAILED,LIMIT_EXCEEDED,59,23,25,8,NETBANKING,4,Tuesday,0
TXN_036497,CUST_07137,21149.13,WALLET,FAILED,BANK_TIMEOUT,37,6,4,4,NETBANKING,22,Tuesday,1
TXN_036500,CUST_00034,14914.88,UPI,FAILED,INSUFFICIENT_FUNDS,45,9,9,3,WALLET,1,Friday,0
TXN_036513,CUST_05263,19433.1,NETBANKING,FAILED,CARD_DECLINED,20,10,11,9,WALLET,9,Sunday,0
TXN_036515,CUST_08162,17448.02,WALLET,FAILED,BANK_TIMEOUT,46,6,23,1,UPI,11,Thursday,1
TXN_036528,CUST_04938,17003.57,WALLET,FAILED,LIMIT_EXCEEDED,55,1,25,5,WALLET,10,Wednesday,0
TXN_036534,CUST_01288,22342.36,WALLET,FAILED,CARD_DECLINED,39,17,20,5,UPI,20,Sunday,0
TXN_036536,CUST_03829,2366.18,CARD,FAILED,LIMIT_EXCEEDED,42,10,17,7,NETBANKING,20,Wednesday,0
TXN_036539,CUST_05337,21803.75,NETBANKING,FAILED,INSUFFICIENT_FUNDS,25,19,18,3,UPI,3,Sunday,0
TXN_036541,CUST_01027,16469.81,CARD,FAILED,BANK_TIMEOUT,29,1,25,4,UPI,17,Thursday,1
TXN_036547,CUST_08249,14397.6,WALLET,FAILED,BANK_SERVER_DOWN,59,1,17,7,CARD,17,Monday,1
TXN_036548,CUST_00287,7840.24,UPI,FAILED,NETWORK_ERROR,41,3,25,1,UPI,12,Friday,1
TXN_036554,CUST_02622,615.5,UPI,FAILED,INSUFFICIENT_FUNDS,43,5,24,10,NETBANKING,13,Tuesday,0
TXN_036577,CUST_01307,851.57,UPI,FAILED,BANK_TIMEOUT,28,3,12,1,WALLET,8,Sunday,0
TXN_036584,CUST_06812,521.14,NETBANKING,FAILED,BANK_TIMEOUT,21,28,15,1,UPI,3,Thursday,0
TXN_036585,CUST_03050,1170.77,WALLET,FAILED,LIMIT_EXCEEDED,34,9,20,9,UPI,10,Thursday,0
TXN_036588,CUST_05513,2840.56,CARD,FAILED,INSUFFICIENT_FUNDS,32,24,12,0,CARD,5,Thursday,1
TXN_036592,CUST_03715,20645.27,CARD,FAILED,LIMIT_EXCEEDED,60,8,24,6,NETBANKING,10,Saturday,1
TXN_036609,CUST_00683,14730.98,CARD,FAILED,NETWORK_ERROR,21,6,3,5,UPI,18,Monday,1
TXN_036626,CUST_09391,11803.84,WALLET,FAILED,NETWORK_ERROR,29,3,2,10,NETBANKING,20,Monday,0
TXN_036633,CUST_01960,16121.73,CARD,FAILED,INSUFFICIENT_FUNDS,42,22,20,3,WALLET,22,Sunday,0
TXN_036640,CUST_03907,2902.53,CARD,FAILED,INSUFFICIENT_FUNDS,42,14,6,8,WALLET,5,Tuesday,0
TXN_036642,CUST_04854,10891.54,UPI,FAILED,INSUFFICIENT_FUNDS,58,27,3,4,NETBANKING,11,Thursday,0
TXN_036643,CUST_03432,19700.19,NETBANKING,FAILED,BANK_TIMEOUT,57,21,16,0,CARD,15,Wednesday,0
TXN_036653,CUST_07334,3570.2,CARD,FAILED,NETWORK_ERROR,26,11,11,3,WALLET,15,Tuesday,1
TXN_036655,CUST_06923,18928.72,WALLET,FAILED,INSUFFICIENT_FUNDS,60,9,6,8,UPI,21,Tuesday,0
TXN_036658,CUST_09553,21670.52,WALLET,FAILED,NETWORK_ERROR,35,15,19,5,NETBANKING,7,Monday,1
TXN_036675,CUST_02146,8909.8,UPI,FAILED,CARD_DECLINED,24,7,15,1,CARD,16,Friday,1
TXN_036677,CUST_02855,3477.37,UPI,FAILED,NETWORK_ERROR,33,13,14,9,CARD,20,Sunday,1
TXN_036682,CUST_04748,17965.29,CARD,FAILED,INSUFFICIENT_FUNDS,50,23,23,10,UPI,21,Wednesday,1
TXN_036686,CUST_04044,23035.72,NETBANKING,FAILED,OTP_FAILURE,28,10,8,3,CARD,23,Monday,0
TXN_036690,CUST_04364,23915.88,CARD,FAILED,NETWORK_ERROR,25,17,15,10,CARD,22,Saturday,1
TXN_036695,CUST_07604,5782.13,CARD,FAILED,OTP_FAILURE,53,19,3,10,UPI,14,Friday,0
TXN_036712,CUST_07432,20100.07,UPI,FAILED,BANK_TIMEOUT,49,17,9,2,NETBANKING,6,Tuesday,1
TXN_036713,CUST_05153,20836.01,UPI,FAILED,BANK_SERVER_DOWN,20,30,15,3,CARD,17,Saturday,0
TXN_036714,CUST_08060,21420.9,CARD,FAILED,CARD_DECLINED,39,18,8,7,WALLET,7,Wednesday,0
TXN_036722,CUST_07654,5592.55,UPI,FAILED,BANK_TIMEOUT,41,27,2,4,CARD,14,Tuesday,1
TXN_036723,CUST_07070,21363.71,WALLET,FAILED,BANK_TIMEOUT,36,2,12,1,WALLET,23,Friday,1
TXN_036724,CUST_09079,2765.49,WALLET,FAILED,INSUFFICIENT_FUNDS,45,2,8,3,NETBANKING,11,Monday,0
TXN_036725,CUST_04773,23718.52,UPI,FAILED,LIMIT_EXCEEDED,47,30,18,1,CARD,20,Wednesday,0
TXN_036731,CUST_06336,24407.67,UPI,FAILED,BANK_TIMEOUT,55,3,16,9,CARD,6,Friday,1
TXN_036733,CUST_08882,4409.17,NETBANKING,FAILED,CARD_DECLINED,59,8,10,6,WALLET,23,Tuesday,0
TXN_036740,CUST_03908,8046.78,NETBANKING,FAILED,BANK_TIMEOUT,34,3,6,9,NETBANKING,1,Thursday,1
TXN_036742,CUST_07641,20757.94,NETBANKING,FAILED,BANK_SERVER_DOWN,28,18,14,9,WALLET,23,Wednesday,0
TXN_036745,CUST_02298,8072.1,NETBANKING,FAILED,BANK_SERVER_DOWN,37,14,21,10,CARD,22,Saturday,0
TXN_036755,CUST_01862,13372.92,UPI,FAILED,BANK_TIMEOUT,55,15,21,8,WALLET,8,Wednesday,1
TXN_036759,CUST_01312,18035.01,NETBANKING,FAILED,CARD_DECLINED,18,11,12,9,UPI,13,Monday,0
TXN_036766,CUST_09895,10059.62,CARD,FAILED,CARD_DECLINED,38,14,12,10,CARD,21,Saturday,0
TXN_036775,CUST_07593,4052.92,UPI,FAILED,OTP_FAILURE,40,26,19,0,UPI,11,Thursday,0
TXN_036776,CUST_06698,15143.55,NETBANKING,FAILED,NETWORK_ERROR,36,18,12,3,WALLET,0,Friday,1
TXN_036780,CUST_02939,7884.66,UPI,FAILED,OTP_FAILURE,45,12,9,1,WALLET,13,Wednesday,0
TXN_036787,CUST_01261,4071.0,NETBANKING,FAILED,INSUFFICIENT_FUNDS,50,29,16,9,WALLET,8,Sunday,0
TXN_036793,CUST_07421,4153.47,UPI,FAILED,OTP_FAILURE,41,23,11,3,NETBANKING,7,Monday,1
TXN_036795,CUST_07656,4671.71,NETBANKING,FAILED,BANK_SERVER_DOWN,58,9,6,0,UPI,22,Friday,0
TXN_036807,CUST_07402,14090.36,UPI,FAILED,CARD_DECLINED,35,28,13,1,NETBANKING,8,Thursday,0
TXN_036810,CUST_06278,22448.18,CARD,FAILED,BANK_TIMEOUT,45,24,5,2,UPI,18,Thursday,0
TXN_036811,CUST_01239,14710.89,CARD,FAILED,LIMIT_EXCEEDED,27,19,4,8,WALLET,4,Monday,0
TXN_036812,CUST_02188,2769.72,NETBANKING,FAILED,BANK_SERVER_DOWN,59,24,15,0,WALLET,20,Monday,1
TXN_036827,CUST_05442,21850.51,UPI,FAILED,BANK_SERVER_DOWN,48,25,16,0,WALLET,14,Monday,1
TXN_036834,CUST_08855,3809.84,UPI,FAILED,INSUFFICIENT_FUNDS,49,6,1,4,UPI,11,Tuesday,0
TXN_036838,CUST_05544,7753.9,NETBANKING,FAILED,BANK_SERVER_DOWN,26,15,9,6,CARD,20,Wednesday,0
TXN_036840,CUST_06454,5282.18,NETBANKING,FAILED,LIMIT_EXCEEDED,26,16,25,2,CARD,10,Sunday,0
TXN_036842,CUST_02591,20096.19,CARD,FAILED,BANK_TIMEOUT,42,14,17,0,NETBANKING,5,Sunday,1
TXN_036848,CUST_01595,918.77,WALLET,FAILED,NETWORK_ERROR,54,5,1,3,WALLET,0,Sunday,1
TXN_036850,CUST_01800,18438.25,UPI,FAILED,BANK_TIMEOUT,48,22,22,0,WALLET,20,Tuesday,1
TXN_036857,CUST_08524,17056.05,CARD,FAILED,INSUFFICIENT_FUNDS,28,10,24,3,NETBANKING,8,Saturday,0
TXN_036858,CUST_03821,3570.31,CARD,FAILED,LIMIT_EXCEEDED,50,16,9,4,NETBANKING,20,Sunday,0
TXN_036862,CUST_06466,19534.39,UPI,FAILED,LIMIT_EXCEEDED,55,4,11,8,WALLET,1,Wednesday,0
TXN_036869,CUST_08143,8475.64,WALLET,FAILED,INSUFFICIENT_FUNDS,56,9,3,9,UPI,19,Monday,0
TXN_036881,CUST_04663,12214.63,CARD,FAILED,CARD_DECLINED,39,21,4,6,NETBANKING,17,Friday,0
TXN_036890,CUST_03260,19389.61,UPI,FAILED,OTP_FAILURE,23,12,19,1,NETBANKING,20,Thursday,0
TXN_036906,CUST_02539,23547.43,CARD,FAILED,CARD_DECLINED,60,5,12,6,NETBANKING,6,Wednesday,0
TXN_036913,CUST_08643,3358.8,CARD,FAILED,LIMIT_EXCEEDED,21,14,7,1,UPI,4,Monday,0
TXN_036915,CUST_06893,1629.83,NETBANKING,FAILED,LIMIT_EXCEEDED,32,20,15,2,NETBANKING,2,Monday,1
TXN_036917,CUST_03596,22983.72,WALLET,FAILED,LIMIT_EXCEEDED,32,7,14,9,NETBANKING,5,Friday,1
TXN_036938,CUST_00247,10924.32,UPI,FAILED,OTP_FAILURE,29,9,16,0,UPI,23,Tuesday,0
TXN_036967,CUST_07270,3743.04,WALLET,FAILED,LIMIT_EXCEEDED,40,18,14,6,NETBANKING,13,Monday,0
TXN_036974,CUST_07211,17997.23,CARD,FAILED,BANK_TIMEOUT,35,6,22,9,WALLET,21,Sunday,0
TXN_036978,CUST_09861,6195.94,WALLET,FAILED,INSUFFICIENT_FUNDS,22,3,18,6,NETBANKING,5,Friday,0
TXN_036982,CUST_00382,4171.88,UPI,FAILED,CARD_DECLINED,18,3,7,4,CARD,16,Wednesday,1
TXN_036988,CUST_00628,4406.71,NETBANKING,FAILED,OTP_FAILURE,58,11,24,8,CARD,0,Thursday,0
TXN_036989,CUST_06395,7903.65,UPI,FAILED,NETWORK_ERROR,21,15,7,4,WALLET,2,Thursday,1
TXN_036993,CUST_07681,14673.3,NETBANKING,FAILED,NETWORK_ERROR,56,9,25,0,WALLET,14,Thursday,1
TXN_036996,CUST_02063,18770.46,UPI,FAILED,LIMIT_EXCEEDED,56,4,25,7,CARD,19,Thursday,0
TXN_037002,CUST_04572,10043.12,CARD,FAILED,LIMIT_EXCEEDED,27,14,23,4,WALLET,19,Sunday,0
TXN_037003,CUST_04766,15330.19,UPI,FAILED,INSUFFICIENT_FUNDS,25,27,23,5,NETBANKING,22,Wednesday,1
TXN_037006,CUST_01742,8204.75,CARD,FAILED,LIMIT_EXCEEDED,18,23,20,4,UPI,9,Sunday,0
TXN_037014,CUST_02750,3689.33,UPI,FAILED,BANK_TIMEOUT,38,6,17,7,CARD,22,Sunday,1
TXN_037021,CUST_02593,5474.39,UPI,FAILED,CARD_DECLINED,28,25,5,0,WALLET,23,Tuesday,0
TXN_037033,CUST_00873,9534.03,UPI,FAILED,INSUFFICIENT_FUNDS,49,15,12,10,CARD,22,Sunday,0
TXN_037035,CUST_07038,16197.71,NETBANKING,FAILED,LIMIT_EXCEEDED,55,18,21,1,NETBANKING,16,Tuesday,0
TXN_037036,CUST_03051,4741.92,UPI,FAILED,BANK_TIMEOUT,46,9,10,9,CARD,2,Saturday,1
TXN_037053,CUST_08737,3124.02,UPI,FAILED,BANK_TIMEOUT,49,22,22,3,NETBANKING,8,Friday,1
TXN_037059,CUST_03803,16377.91,WALLET,FAILED,BANK_TIMEOUT,34,21,24,4,NETBANKING,19,Sunday,0
TXN_037060,CUST_03158,12779.93,CARD,FAILED,BANK_SERVER_DOWN,30,21,2,7,NETBANKING,6,Friday,0
TXN_037062,CUST_00783,2303.16,NETBANKING,FAILED,BANK_TIMEOUT,37,20,12,3,WALLET,22,Wednesday,1
TXN_037073,CUST_02942,8921.55,NETBANKING,FAILED,OTP_FAILURE,33,5,4,0,NETBANKING,10,Sunday,0
TXN_037075,CUST_05924,18239.81,NETBANKING,FAILED,CARD_DECLINED,25,27,20,1,UPI,7,Sunday,1
TXN_037079,CUST_03560,22289.84,NETBANKING,FAILED,BANK_SERVER_DOWN,54,4,4,0,WALLET,4,Sunday,0
TXN_037084,CUST_06259,14766.32,CARD,FAILED,BANK_SERVER_DOWN,50,8,9,3,WALLET,18,Sunday,0
TXN_037087,CUST_05334,7921.07,NETBANKING,FAILED,BANK_TIMEOUT,49,12,22,1,WALLET,1,Friday,1
TXN_037088,CUST_07968,540.15,CARD,FAILED,LIMIT_EXCEEDED,47,27,21,4,WALLET,13,Monday,0
TXN_037090,CUST_08715,17611.22,UPI,FAILED,LIMIT_EXCEEDED,37,7,11,4,NETBANKING,19,Monday,0
TXN_037099,CUST_07344,18968.15,WALLET,FAILED,INSUFFICIENT_FUNDS,34,30,19,1,UPI,14,Wednesday,1
TXN_037114,CUST_07133,23168.93,WALLET,FAILED,BANK_SERVER_DOWN,55,6,20,2,WALLET,9,Thursday,0
TXN_037116,CUST_06549,7789.93,CARD,FAILED,LIMIT_EXCEEDED,44,30,20,1,NETBANKING,16,Friday,0
TXN_037130,CUST_05519,21612.8,UPI,FAILED,INSUFFICIENT_FUNDS,35,27,9,5,NETBANKING,20,Thursday,0
TXN_037131,CUST_07968,3434.89,CARD,FAILED,OTP_FAILURE,47,27,21,4,WALLET,3,Tuesday,1
TXN_037137,CUST_07475,3624.35,WALLET,FAILED,INSUFFICIENT_FUNDS,18,5,9,10,CARD,23,Tuesday,0
TXN_037138,CUST_05902,19937.3,UPI,FAILED,BANK_TIMEOUT,32,11,17,2,CARD,5,Sunday,1
TXN_037142,CUST_00976,4769.0,UPI,FAILED,BANK_TIMEOUT,28,8,23,9,WALLET,17,Monday,1
TXN_037152,CUST_01860,9006.54,WALLET,FAILED,INSUFFICIENT_FUNDS,51,22,10,4,NETBANKING,6,Wednesday,0
TXN_037162,CUST_02231,24225.49,CARD,FAILED,NETWORK_ERROR,54,16,10,5,NETBANKING,13,Friday,0
TXN_037181,CUST_05302,10341.02,UPI,FAILED,LIMIT_EXCEEDED,38,8,6,1,CARD,3,Sunday,0
TXN_037182,CUST_07742,11466.27,UPI,FAILED,NETWORK_ERROR,34,17,1,5,NETBANKING,6,Sunday,0
TXN_037188,CUST_09500,24583.67,UPI,FAILED,BANK_TIMEOUT,58,30,10,5,CARD,2,Saturday,0
TXN_037192,CUST_05089,20260.91,WALLET,FAILED,INSUFFICIENT_FUNDS,33,13,22,3,CARD,8,Friday,1
TXN_037199,CUST_09866,23838.17,NETBANKING,FAILED,BANK_SERVER_DOWN,30,30,25,7,UPI,2,Saturday,0
TXN_037201,CUST_06859,1865.66,CARD,FAILED,BANK_SERVER_DOWN,56,22,4,6,NETBANKING,0,Saturday,1
TXN_037204,CUST_04736,17108.87,WALLET,FAILED,NETWORK_ERROR,60,8,13,5,NETBANKING,12,Saturday,0
TXN_037213,CUST_03167,10480.8,CARD,FAILED,CARD_DECLINED,51,1,25,8,WALLET,22,Sunday,0
TXN_037218,CUST_02779,20693.29,UPI,FAILED,LIMIT_EXCEEDED,19,25,19,10,CARD,12,Thursday,0
TXN_037232,CUST_04203,16396.18,CARD,FAILED,CARD_DECLINED,53,21,18,1,UPI,9,Wednesday,1
TXN_037233,CUST_09871,23430.2,NETBANKING,FAILED,CARD_DECLINED,60,19,9,5,WALLET,7,Wednesday,0
TXN_037270,CUST_00068,18772.6,WALLET,FAILED,CARD_DECLINED,60,14,25,1,UPI,7,Tuesday,1
TXN_037276,CUST_01364,15594.33,NETBANKING,FAILED,BANK_TIMEOUT,54,1,18,9,CARD,1,Friday,0
TXN_037280,CUST_07644,17886.04,NETBANKING,FAILED,BANK_SERVER_DOWN,42,14,16,1,WALLET,23,Friday,0
TXN_037283,CUST_00636,17049.43,CARD,FAILED,BANK_TIMEOUT,27,4,3,3,NETBANKING,18,Saturday,1
TXN_037289,CUST_08654,23814.9,WALLET,FAILED,CARD_DECLINED,22,18,8,9,CARD,8,Wednesday,0
TXN_037291,CUST_04118,720.75,UPI,FAILED,INSUFFICIENT_FUNDS,34,23,16,10,NETBANKING,19,Tuesday,0
TXN_037310,CUST_07181,18782.89,NETBANKING,FAILED,NETWORK_ERROR,36,13,16,10,UPI,21,Wednesday,1
TXN_037312,CUST_01703,7150.53,UPI,FAILED,CARD_DECLINED,39,29,5,8,CARD,1,Tuesday,0
TXN_037316,CUST_05616,18070.17,UPI,FAILED,LIMIT_EXCEEDED,55,30,1,3,UPI,10,Friday,0
TXN_037319,CUST_08291,6756.39,WALLET,FAILED,LIMIT_EXCEEDED,34,10,3,5,CARD,4,Sunday,0
TXN_037320,CUST_04381,11041.22,UPI,FAILED,CARD_DECLINED,59,4,25,7,UPI,23,Wednesday,1
TXN_037328,CUST_09954,6441.87,WALLET,FAILED,BANK_TIMEOUT,43,25,15,7,NETBANKING,15,Wednesday,0
TXN_037329,CUST_09810,10096.09,WALLET,FAILED,BANK_SERVER_DOWN,41,23,2,1,NETBANKING,6,Thursday,0
TXN_037336,CUST_01540,1503.33,WALLET,FAILED,BANK_SERVER_DOWN,28,1,15,7,UPI,13,Wednesday,0
TXN_037340,CUST_08834,7924.8,NETBANKING,FAILED,BANK_SERVER_DOWN,41,11,21,0,UPI,9,Sunday,0
TXN_037346,CUST_08106,15666.13,UPI,FAILED,NETWORK_ERROR,39,7,1,8,CARD,0,Thursday,1
TXN_037352,CUST_08631,14436.51,WALLET,FAILED,NETWORK_ERROR,53,5,3,1,NETBANKING,7,Friday,0
TXN_037354,CUST_02610,17553.71,UPI,FAILED,BANK_TIMEOUT,35,5,11,7,UPI,23,Saturday,1
TXN_037366,CUST_09712,24963.6,NETBANKING,FAILED,BANK_SERVER_DOWN,53,30,15,1,WALLET,15,Friday,0
TXN_037370,CUST_01817,21664.67,CARD,FAILED,OTP_FAILURE,19,11,14,2,NETBANKING,12,Thursday,0
TXN_037371,CUST_02199,22128.73,NETBANKING,FAILED,NETWORK_ERROR,30,11,18,4,CARD,8,Tuesday,0
TXN_037376,CUST_08199,12451.61,NETBANKING,FAILED,OTP_FAILURE,28,8,6,0,CARD,13,Friday,0
TXN_037379,CUST_01312,20331.78,UPI,FAILED,LIMIT_EXCEEDED,18,11,12,9,UPI,0,Saturday,1
TXN_037385,CUST_09751,3217.15,WALLET,FAILED,BANK_TIMEOUT,28,22,18,5,NETBANKING,22,Friday,1
TXN_037391,CUST_00084,23244.73,NETBANKING,FAILED,NETWORK_ERROR,21,5,18,0,WALLET,1,Friday,0
TXN_037397,CUST_03548,18516.51,UPI,FAILED,LIMIT_EXCEEDED,60,22,6,3,UPI,2,Wednesday,0
TXN_037405,CUST_03681,21535.99,NETBANKING,FAILED,CARD_DECLINED,26,27,7,3,WALLET,13,Wednesday,0
TXN_037414,CUST_00554,18157.37,WALLET,FAILED,BANK_TIMEOUT,36,20,2,5,UPI,1,Wednesday,0
TXN_037415,CUST_08220,1435.98,UPI,FAILED,LIMIT_EXCEEDED,59,13,24,6,WALLET,13,Saturday,0
TXN_037420,CUST_03369,2660.17,WALLET,FAILED,BANK_TIMEOUT,52,10,5,3,CARD,10,Saturday,1
TXN_037426,CUST_01833,24552.86,UPI,FAILED,NETWORK_ERROR,42,16,8,2,WALLET,12,Wednesday,0
TXN_037428,CUST_09494,5815.01,NETBANKING,FAILED,OTP_FAILURE,57,15,22,0,WALLET,18,Thursday,0
TXN_037432,CUST_09405,19070.9,WALLET,FAILED,NETWORK_ERROR,31,13,25,7,CARD,3,Wednesday,1
TXN_037436,CUST_02256,6502.24,WALLET,FAILED,CARD_DECLINED,23,27,19,1,NETBANKING,19,Friday,0
TXN_037438,CUST_02450,21190.35,NETBANKING,FAILED,NETWORK_ERROR,50,25,25,10,NETBANKING,7,Friday,1
TXN_037441,CUST_09753,3302.38,WALLET,FAILED,OTP_FAILURE,35,6,19,7,UPI,9,Thursday,0
TXN_037446,CUST_06259,15677.23,CARD,FAILED,NETWORK_ERROR,50,8,9,3,WALLET,8,Saturday,1
TXN_037449,CUST_03282,21597.18,UPI,FAILED,CARD_DECLINED,38,25,13,6,NETBANKING,14,Thursday,0
TXN_037450,CUST_06662,19901.41,CARD,FAILED,BANK_SERVER_DOWN,46,15,14,8,NETBANKING,3,Tuesday,1
TXN_037451,CUST_09307,17203.23,CARD,FAILED,NETWORK_ERROR,29,2,25,10,CARD,15,Sunday,1
TXN_037454,CUST_03957,14981.58,NETBANKING,FAILED,INSUFFICIENT_FUNDS,25,23,14,2,NETBANKING,7,Monday,0
TXN_037462,CUST_04912,19335.7,UPI,FAILED,BANK_SERVER_DOWN,32,11,9,3,WALLET,2,Monday,0
TXN_037463,CUST_00194,455.12,UPI,FAILED,INSUFFICIENT_FUNDS,28,6,21,1,UPI,9,Sunday,1
TXN_037464,CUST_03825,21606.39,UPI,FAILED,BANK_TIMEOUT,60,27,24,9,NETBANKING,7,Saturday,0
TXN_037470,CUST_06062,17467.43,NETBANKING,FAILED,BANK_SERVER_DOWN,58,12,7,5,UPI,10,Tuesday,0
TXN_037476,CUST_02438,2990.67,NETBANKING,FAILED,INSUFFICIENT_FUNDS,33,7,6,8,WALLET,19,Thursday,0
TXN_037478,CUST_08227,21357.92,NETBANKING,FAILED,NETWORK_ERROR,34,10,19,3,CARD,22,Monday,0
TXN_037489,CUST_01006,9287.02,NETBANKING,FAILED,BANK_TIMEOUT,34,21,18,6,NETBANKING,8,Wednesday,0
TXN_037493,CUST_06074,21311.28,NETBANKING,FAILED,BANK_SERVER_DOWN,51,5,23,1,UPI,22,Tuesday,0
TXN_037494,CUST_04560,20719.95,UPI,FAILED,BANK_TIMEOUT,27,7,20,0,WALLET,21,Monday,0
TXN_037503,CUST_03534,15326.42,UPI,FAILED,BANK_TIMEOUT,31,13,25,5,NETBANKING,1,Sunday,0
TXN_037509,CUST_01817,14584.52,UPI,FAILED,OTP_FAILURE,19,11,14,2,NETBANKING,4,Monday,0
TXN_037521,CUST_04440,21031.22,NETBANKING,FAILED,OTP_FAILURE,32,9,21,5,CARD,8,Wednesday,0
TXN_037525,CUST_03362,6290.23,UPI,FAILED,OTP_FAILURE,54,30,22,8,NETBANKING,16,Tuesday,1
TXN_037526,CUST_07680,9954.11,UPI,FAILED,LIMIT_EXCEEDED,52,11,25,8,WALLET,17,Friday,0
TXN_037530,CUST_00689,2501.8,WALLET,FAILED,LIMIT_EXCEEDED,20,1,22,10,UPI,19,Sunday,0
TXN_037536,CUST_01531,14999.15,CARD,FAILED,LIMIT_EXCEEDED,33,15,14,2,UPI,17,Thursday,0
TXN_037542,CUST_06827,3417.96,WALLET,FAILED,BANK_TIMEOUT,20,8,5,3,UPI,0,Monday,1
TXN_037562,CUST_04559,4613.07,UPI,FAILED,LIMIT_EXCEEDED,26,16,23,0,NETBANKING,3,Sunday,0
TXN_037569,CUST_09430,3594.33,CARD,FAILED,OTP_FAILURE,53,16,21,2,UPI,20,Tuesday,0
TXN_037574,CUST_08938,5906.67,UPI,FAILED,INSUFFICIENT_FUNDS,45,5,15,10,CARD,23,Tuesday,0
TXN_037580,CUST_07730,5969.5,UPI,FAILED,NETWORK_ERROR,57,25,11,9,NETBANKING,22,Tuesday,1
TXN_037590,CUST_08899,11355.8,WALLET,FAILED,CARD_DECLINED,29,8,7,8,WALLET,9,Saturday,0
TXN_037609,CUST_06056,6423.34,NETBANKING,FAILED,CARD_DECLINED,22,19,5,5,CARD,13,Saturday,0
TXN_037614,CUST_06770,23719.16,UPI,FAILED,BANK_SERVER_DOWN,59,6,10,4,CARD,17,Tuesday,1
TXN_037615,CUST_05635,6478.61,NETBANKING,FAILED,OTP_FAILURE,35,22,15,1,WALLET,4,Wednesday,1
TXN_037616,CUST_06828,13165.08,UPI,FAILED,BANK_TIMEOUT,30,24,10,6,NETBANKING,6,Tuesday,0
TXN_037619,CUST_01038,13140.03,CARD,FAILED,LIMIT_EXCEEDED,33,19,14,4,WALLET,3,Friday,0
TXN_037620,CUST_09393,20801.11,NETBANKING,FAILED,OTP_FAILURE,46,16,10,5,UPI,13,Friday,0
TXN_037624,CUST_06609,15468.54,WALLET,FAILED,INSUFFICIENT_FUNDS,33,27,14,0,CARD,21,Monday,0
TXN_037631,CUST_09562,15080.68,UPI,FAILED,CARD_DECLINED,32,23,18,4,NETBANKING,6,Friday,0
TXN_037635,CUST_05472,879.32,CARD,FAILED,LIMIT_EXCEEDED,19,20,17,7,UPI,12,Friday,0
TXN_037643,CUST_09103,9826.4,WALLET,FAILED,BANK_SERVER_DOWN,43,4,16,6,NETBANKING,15,Friday,0
TXN_037656,CUST_07796,11942.08,UPI,FAILED,BANK_SERVER_DOWN,35,6,6,7,NETBANKING,5,Sunday,0
TXN_037672,CUST_03734,14392.43,UPI,FAILED,OTP_FAILURE,52,16,25,0,CARD,8,Wednesday,1
TXN_037684,CUST_06441,4612.93,UPI,FAILED,NETWORK_ERROR,35,8,2,0,WALLET,2,Thursday,1
TXN_037686,CUST_08885,6246.13,WALLET,FAILED,BANK_SERVER_DOWN,39,10,9,4,CARD,22,Wednesday,0
TXN_037687,CUST_03663,18584.4,UPI,FAILED,BANK_TIMEOUT,30,26,13,6,CARD,3,Wednesday,1
TXN_037688,CUST_03301,6715.44,NETBANKING,FAILED,OTP_FAILURE,41,15,2,6,WALLET,19,Sunday,0
TXN_037697,CUST_07259,8276.73,NETBANKING,FAILED,NETWORK_ERROR,30,13,9,4,CARD,1,Friday,0
TXN_037699,CUST_07628,21022.72,NETBANKING,FAILED,NETWORK_ERROR,20,3,14,1,UPI,5,Wednesday,1
TXN_037704,CUST_09105,23723.26,UPI,FAILED,LIMIT_EXCEEDED,32,12,9,10,UPI,19,Tuesday,0
TXN_037713,CUST_01721,11434.45,CARD,FAILED,LIMIT_EXCEEDED,34,26,8,10,NETBANKING,14,Saturday,0
TXN_037720,CUST_08191,14934.25,WALLET,FAILED,NETWORK_ERROR,18,15,22,4,WALLET,2,Thursday,1
TXN_037738,CUST_03923,13200.55,UPI,FAILED,BANK_TIMEOUT,59,15,3,3,NETBANKING,0,Wednesday,1
TXN_037740,CUST_04738,23774.87,UPI,FAILED,INSUFFICIENT_FUNDS,19,14,10,4,UPI,9,Friday,1
TXN_037741,CUST_08204,9607.58,CARD,FAILED,NETWORK_ERROR,34,27,1,5,CARD,2,Friday,1
TXN_037746,CUST_07967,21721.25,UPI,FAILED,LIMIT_EXCEEDED,53,1,15,6,CARD,14,Monday,0
TXN_037747,CUST_04207,7219.43,CARD,FAILED,CARD_DECLINED,18,21,3,1,UPI,1,Sunday,0
TXN_037748,CUST_01261,8643.84,UPI,FAILED,INSUFFICIENT_FUNDS,50,29,16,9,WALLET,23,Thursday,0
TXN_037754,CUST_08418,20594.67,UPI,FAILED,OTP_FAILURE,21,5,16,10,UPI,22,Saturday,1
TXN_037757,CUST_04094,1382.81,WALLET,FAILED,OTP_FAILURE,46,16,23,1,NETBANKING,3,Wednesday,0
TXN_037759,CUST_03209,3732.32,CARD,FAILED,BANK_TIMEOUT,24,9,19,6,NETBANKING,10,Sunday,1
TXN_037767,CUST_09378,24861.09,CARD,FAILED,CARD_DECLINED,20,20,7,6,WALLET,1,Sunday,0
TXN_037775,CUST_04495,15032.9,UPI,FAILED,INSUFFICIENT_FUNDS,20,25,19,10,WALLET,3,Tuesday,0
TXN_037778,CUST_03604,19384.23,NETBANKING,FAILED,CARD_DECLINED,18,4,17,8,CARD,4,Thursday,0
TXN_037788,CUST_04608,569.37,UPI,FAILED,BANK_TIMEOUT,29,27,13,9,NETBANKING,14,Sunday,1
TXN_037796,CUST_03764,7472.59,WALLET,FAILED,BANK_TIMEOUT,38,20,16,6,UPI,16,Thursday,1
TXN_037804,CUST_08729,23823.78,NETBANKING,FAILED,OTP_FAILURE,22,28,22,8,UPI,13,Thursday,1
TXN_037805,CUST_09677,4920.49,UPI,FAILED,OTP_FAILURE,44,23,18,2,CARD,18,Thursday,0
TXN_037809,CUST_08563,18009.46,WALLET,FAILED,INSUFFICIENT_FUNDS,29,10,1,0,WALLET,1,Sunday,0
TXN_037810,CUST_03011,22245.08,CARD,FAILED,OTP_FAILURE,42,25,5,1,UPI,2,Monday,0
TXN_037812,CUST_00248,8325.88,NETBANKING,FAILED,OTP_FAILURE,51,6,19,6,CARD,14,Monday,1
TXN_037813,CUST_05761,12592.48,UPI,FAILED,LIMIT_EXCEEDED,41,28,9,7,NETBANKING,14,Sunday,0
TXN_037816,CUST_09546,17014.55,WALLET,FAILED,CARD_DECLINED,57,17,3,4,WALLET,0,Friday,0
TXN_037823,CUST_00494,10145.23,CARD,FAILED,NETWORK_ERROR,31,18,24,10,CARD,17,Saturday,1
TXN_037828,CUST_00904,6493.1,UPI,FAILED,CARD_DECLINED,43,28,24,8,CARD,7,Monday,0
TXN_037830,CUST_02994,6246.82,WALLET,FAILED,INSUFFICIENT_FUNDS,49,9,6,2,NETBANKING,20,Saturday,0
TXN_037832,CUST_00927,571.49,WALLET,FAILED,BANK_TIMEOUT,18,27,5,2,UPI,20,Friday,0
TXN_037837,CUST_05063,290.7,WALLET,FAILED,OTP_FAILURE,38,14,21,10,UPI,16,Thursday,1
TXN_037850,CUST_06463,17375.31,UPI,FAILED,LIMIT_EXCEEDED,20,21,1,2,UPI,8,Thursday,0
TXN_037852,CUST_07661,13984.39,UPI,FAILED,CARD_DECLINED,42,3,18,4,UPI,16,Friday,1
TXN_037862,CUST_01663,10492.91,CARD,FAILED,NETWORK_ERROR,46,13,1,7,NETBANKING,4,Wednesday,1
TXN_037864,CUST_03672,24599.72,CARD,FAILED,NETWORK_ERROR,59,19,22,9,UPI,0,Thursday,1
TXN_037866,CUST_09190,10047.47,CARD,FAILED,BANK_SERVER_DOWN,45,15,20,0,UPI,16,Sunday,1
TXN_037871,CUST_09409,1675.53,NETBANKING,FAILED,OTP_FAILURE,33,28,1,7,CARD,2,Monday,0
TXN_037890,CUST_02333,21032.87,WALLET,FAILED,BANK_SERVER_DOWN,57,13,9,0,WALLET,13,Wednesday,0
TXN_037891,CUST_03015,10025.21,UPI,FAILED,NETWORK_ERROR,31,10,5,6,UPI,22,Sunday,1
TXN_037896,CUST_08054,5881.01,WALLET,FAILED,OTP_FAILURE,23,17,1,10,CARD,10,Thursday,0
TXN_037902,CUST_01012,8352.78,CARD,FAILED,BANK_SERVER_DOWN,50,3,7,2,CARD,9,Thursday,1
TXN_037914,CUST_05687,19631.18,CARD,FAILED,NETWORK_ERROR,47,2,11,10,NETBANKING,10,Friday,0
TXN_037917,CUST_08382,5462.5,UPI,FAILED,LIMIT_EXCEEDED,53,12,3,6,WALLET,20,Saturday,0
TXN_037919,CUST_08591,17426.99,UPI,FAILED,OTP_FAILURE,48,3,17,1,NETBANKING,5,Saturday,0
TXN_037931,CUST_01299,20691.73,CARD,FAILED,BANK_TIMEOUT,38,25,5,1,WALLET,9,Tuesday,0
TXN_037934,CUST_01700,11188.19,WALLET,FAILED,BANK_TIMEOUT,36,7,22,2,UPI,13,Thursday,0
TXN_037944,CUST_05363,18117.83,CARD,FAILED,OTP_FAILURE,21,23,12,7,UPI,1,Tuesday,0
TXN_037969,CUST_09129,2804.85,CARD,FAILED,LIMIT_EXCEEDED,54,1,22,4,CARD,11,Wednesday,0
TXN_037980,CUST_06404,11223.26,CARD,FAILED,INSUFFICIENT_FUNDS,27,16,1,6,WALLET,7,Tuesday,0
TXN_037982,CUST_05231,11395.73,UPI,FAILED,OTP_FAILURE,49,17,19,6,WALLET,6,Friday,0
TXN_038005,CUST_01790,19341.73,UPI,FAILED,CARD_DECLINED,36,27,17,8,CARD,18,Monday,0
TXN_038006,CUST_04049,3842.63,UPI,FAILED,OTP_FAILURE,18,8,10,9,UPI,10,Wednesday,1
TXN_038015,CUST_00542,23185.9,UPI,FAILED,LIMIT_EXCEEDED,51,10,16,9,WALLET,14,Monday,1
TXN_038016,CUST_01251,1120.48,NETBANKING,FAILED,CARD_DECLINED,59,2,15,7,WALLET,0,Tuesday,0
TXN_038023,CUST_01180,15461.78,UPI,FAILED,NETWORK_ERROR,42,20,21,1,CARD,17,Saturday,1
TXN_038024,CUST_05170,12983.39,UPI,FAILED,INSUFFICIENT_FUNDS,49,2,12,6,CARD,3,Sunday,0
TXN_038025,CUST_00243,9528.59,UPI,FAILED,OTP_FAILURE,47,19,19,2,UPI,15,Thursday,0
TXN_038027,CUST_05409,12027.86,WALLET,FAILED,NETWORK_ERROR,54,1,12,5,WALLET,16,Monday,1
TXN_038029,CUST_03990,18147.48,UPI,FAILED,LIMIT_EXCEEDED,23,25,11,1,NETBANKING,9,Thursday,1
TXN_038030,CUST_06810,12199.7,NETBANKING,FAILED,LIMIT_EXCEEDED,34,26,22,3,CARD,11,Monday,0
TXN_038033,CUST_09795,21783.91,UPI,FAILED,OTP_FAILURE,51,14,6,8,WALLET,15,Monday,0
TXN_038034,CUST_00768,4350.73,NETBANKING,FAILED,OTP_FAILURE,56,20,17,8,CARD,3,Tuesday,1
TXN_038038,CUST_07884,5283.19,UPI,FAILED,BANK_TIMEOUT,43,8,23,0,CARD,10,Wednesday,0
TXN_038041,CUST_06621,2567.09,CARD,FAILED,OTP_FAILURE,39,19,13,4,UPI,5,Monday,0
TXN_038042,CUST_03512,21842.37,NETBANKING,FAILED,CARD_DECLINED,28,26,25,5,UPI,4,Wednesday,0
TXN_038045,CUST_02620,6600.46,NETBANKING,FAILED,LIMIT_EXCEEDED,55,14,3,6,CARD,3,Thursday,0
TXN_038050,CUST_03448,666.07,NETBANKING,FAILED,LIMIT_EXCEEDED,49,28,12,4,UPI,20,Friday,1
TXN_038053,CUST_04744,24451.44,NETBANKING,FAILED,LIMIT_EXCEEDED,59,16,19,2,CARD,22,Monday,1
TXN_038064,CUST_08868,18097.65,CARD,FAILED,BANK_TIMEOUT,48,4,25,1,NETBANKING,5,Saturday,1
TXN_038070,CUST_02724,17453.66,CARD,FAILED,NETWORK_ERROR,31,7,18,5,WALLET,7,Friday,1
TXN_038072,CUST_09916,3422.3,NETBANKING,FAILED,LIMIT_EXCEEDED,48,16,14,4,WALLET,10,Sunday,0
TXN_038073,CUST_08677,10429.33,WALLET,FAILED,NETWORK_ERROR,18,11,21,2,UPI,0,Thursday,1
TXN_038080,CUST_05848,21394.51,CARD,FAILED,BANK_SERVER_DOWN,38,14,8,1,UPI,5,Thursday,0
TXN_038086,CUST_04323,5601.92,WALLET,FAILED,BANK_TIMEOUT,19,23,2,5,NETBANKING,17,Tuesday,1
TXN_038090,CUST_00649,8917.81,WALLET,FAILED,LIMIT_EXCEEDED,43,28,11,10,UPI,16,Thursday,1
TXN_038094,CUST_02660,22924.96,WALLET,FAILED,OTP_FAILURE,27,21,19,7,UPI,23,Wednesday,1
TXN_038097,CUST_06650,17001.96,WALLET,FAILED,NETWORK_ERROR,33,22,21,6,CARD,12,Tuesday,0
TXN_038100,CUST_07851,8187.08,NETBANKING,FAILED,NETWORK_ERROR,53,11,9,9,UPI,1,Thursday,0
TXN_038106,CUST_04679,20290.58,UPI,FAILED,LIMIT_EXCEEDED,58,18,12,7,UPI,7,Wednesday,0
TXN_038107,CUST_04685,18094.47,UPI,FAILED,CARD_DECLINED,46,9,25,4,CARD,0,Monday,1
TXN_038114,CUST_06262,124.23,NETBANKING,FAILED,LIMIT_EXCEEDED,41,27,24,9,UPI,23,Thursday,1
TXN_038118,CUST_04086,16750.06,CARD,FAILED,NETWORK_ERROR,36,23,15,3,WALLET,23,Wednesday,1
TXN_038132,CUST_04701,12524.39,NETBANKING,FAILED,LIMIT_EXCEEDED,53,27,6,5,NETBANKING,18,Wednesday,0
TXN_038158,CUST_03311,12739.09,NETBANKING,FAILED,INSUFFICIENT_FUNDS,53,25,2,7,CARD,11,Monday,0
TXN_038160,CUST_09434,16488.58,UPI,FAILED,INSUFFICIENT_FUNDS,37,29,21,1,UPI,14,Saturday,1
TXN_038162,CUST_07485,7799.96,CARD,FAILED,BANK_TIMEOUT,30,12,12,5,NETBANKING,18,Sunday,1
TXN_038169,CUST_06712,6912.78,UPI,FAILED,LIMIT_EXCEEDED,44,7,3,8,NETBANKING,17,Friday,0
TXN_038170,CUST_06442,21360.23,NETBANKING,FAILED,OTP_FAILURE,54,21,17,6,WALLET,18,Saturday,0
TXN_038180,CUST_09449,22726.4,UPI,FAILED,CARD_DECLINED,34,27,15,4,WALLET,23,Sunday,0
TXN_038184,CUST_01555,17532.43,UPI,FAILED,LIMIT_EXCEEDED,19,4,7,0,NETBANKING,16,Thursday,0
TXN_038185,CUST_08205,4404.73,NETBANKING,FAILED,BANK_SERVER_DOWN,18,24,24,5,UPI,17,Thursday,0
TXN_038193,CUST_08072,7767.56,CARD,FAILED,LIMIT_EXCEEDED,53,10,22,10,CARD,23,Wednesday,0
TXN_038204,CUST_01168,21991.93,UPI,FAILED,CARD_DECLINED,29,11,23,10,UPI,7,Thursday,1
TXN_038206,CUST_03652,4078.58,CARD,FAILED,CARD_DECLINED,41,30,17,6,NETBANKING,3,Monday,0
TXN_038207,CUST_05526,2305.13,WALLET,FAILED,OTP_FAILURE,56,6,9,8,CARD,16,Thursday,0
TXN_038210,CUST_07504,23763.66,UPI,FAILED,BANK_SERVER_DOWN,31,27,15,3,UPI,8,Friday,1
TXN_038213,CUST_02054,5935.34,WALLET,FAILED,BANK_SERVER_DOWN,37,10,11,5,CARD,0,Thursday,0
TXN_038216,CUST_05358,14067.99,WALLET,FAILED,LIMIT_EXCEEDED,41,19,15,0,CARD,19,Wednesday,1
TXN_038218,CUST_04122,12278.58,WALLET,FAILED,OTP_FAILURE,36,19,15,2,NETBANKING,2,Monday,0
TXN_038223,CUST_08286,21187.39,UPI,FAILED,OTP_FAILURE,49,11,5,6,NETBANKING,4,Thursday,0
TXN_038226,CUST_01568,3954.04,CARD,FAILED,BANK_TIMEOUT,23,15,4,3,WALLET,5,Wednesday,1
TXN_038234,CUST_01837,24767.24,WALLET,FAILED,INSUFFICIENT_FUNDS,34,7,23,6,NETBANKING,21,Sunday,0
TXN_038236,CUST_02019,637.25,NETBANKING,FAILED,LIMIT_EXCEEDED,23,23,16,8,UPI,19,Monday,0
TXN_038245,CUST_05878,22296.46,UPI,FAILED,BANK_SERVER_DOWN,40,1,16,9,CARD,15,Sunday,0
TXN_038246,CUST_08586,4654.9,CARD,FAILED,OTP_FAILURE,43,10,25,10,WALLET,4,Saturday,0
TXN_038270,CUST_01398,6134.57,WALLET,FAILED,LIMIT_EXCEEDED,50,5,18,3,CARD,2,Friday,0
TXN_038275,CUST_02931,23798.41,CARD,FAILED,BANK_SERVER_DOWN,37,18,15,4,WALLET,1,Thursday,0
TXN_038281,CUST_07512,19234.73,WALLET,FAILED,OTP_FAILURE,23,26,12,8,UPI,1,Tuesday,0
TXN_038291,CUST_05634,6672.28,NETBANKING,FAILED,INSUFFICIENT_FUNDS,25,17,11,1,WALLET,15,Friday,1
TXN_038292,CUST_06739,7036.21,CARD,FAILED,INSUFFICIENT_FUNDS,38,27,8,2,UPI,11,Wednesday,0
TXN_038301,CUST_07248,11448.13,NETBANKING,FAILED,BANK_TIMEOUT,28,18,21,8,CARD,21,Saturday,1
TXN_038307,CUST_08872,1844.1,NETBANKING,FAILED,INSUFFICIENT_FUNDS,48,1,4,3,UPI,19,Saturday,0
TXN_038310,CUST_00057,7979.84,NETBANKING,FAILED,BANK_SERVER_DOWN,40,16,19,0,WALLET,1,Saturday,0
TXN_038312,CUST_00844,999.53,UPI,FAILED,OTP_FAILURE,27,10,6,8,CARD,9,Saturday,0
TXN_038318,CUST_04991,4217.86,NETBANKING,FAILED,BANK_TIMEOUT,18,13,17,1,WALLET,19,Tuesday,1
TXN_038322,CUST_06340,7577.99,NETBANKING,FAILED,CARD_DECLINED,28,5,9,1,CARD,5,Tuesday,0
TXN_038324,CUST_09399,2805.94,NETBANKING,FAILED,LIMIT_EXCEEDED,23,30,25,9,WALLET,3,Sunday,0
TXN_038333,CUST_02264,7623.16,NETBANKING,FAILED,INSUFFICIENT_FUNDS,53,13,12,8,CARD,23,Thursday,0
TXN_038337,CUST_09382,18042.19,UPI,FAILED,LIMIT_EXCEEDED,56,29,9,1,NETBANKING,6,Sunday,0
TXN_038342,CUST_03876,10720.54,WALLET,FAILED,BANK_SERVER_DOWN,47,17,5,3,UPI,16,Tuesday,0
TXN_038361,CUST_03755,18556.09,CARD,FAILED,CARD_DECLINED,27,10,17,7,UPI,10,Friday,1
TXN_038377,CUST_04405,17429.12,WALLET,FAILED,LIMIT_EXCEEDED,27,19,22,4,CARD,5,Friday,0
TXN_038380,CUST_06424,1632.05,UPI,FAILED,OTP_FAILURE,32,27,2,9,CARD,6,Thursday,0
TXN_038386,CUST_05804,5801.3,NETBANKING,FAILED,LIMIT_EXCEEDED,24,27,5,7,UPI,19,Monday,0
TXN_038392,CUST_07327,1676.34,WALLET,FAILED,NETWORK_ERROR,21,21,16,10,CARD,22,Thursday,1
TXN_038394,CUST_09439,21249.11,NETBANKING,FAILED,LIMIT_EXCEEDED,57,25,21,7,CARD,3,Wednesday,0
TXN_038447,CUST_01650,6447.28,WALLET,FAILED,NETWORK_ERROR,22,2,19,3,UPI,0,Thursday,1
TXN_038448,CUST_05136,12297.4,NETBANKING,FAILED,OTP_FAILURE,50,19,9,3,UPI,18,Thursday,0
TXN_038460,CUST_01097,22261.48,CARD,FAILED,BANK_TIMEOUT,42,21,15,5,UPI,3,Saturday,1
TXN_038467,CUST_04067,5435.94,NETBANKING,FAILED,CARD_DECLINED,37,20,11,3,UPI,11,Friday,0
TXN_038468,CUST_04981,11682.02,WALLET,FAILED,BANK_TIMEOUT,60,24,22,6,WALLET,21,Tuesday,1
TXN_038469,CUST_07243,3044.02,CARD,FAILED,INSUFFICIENT_FUNDS,19,7,13,6,NETBANKING,4,Wednesday,0
TXN_038478,CUST_07130,14450.73,UPI,FAILED,BANK_TIMEOUT,54,26,23,6,CARD,22,Saturday,1
TXN_038490,CUST_09652,19695.43,WALLET,FAILED,CARD_DECLINED,49,12,25,3,NETBANKING,7,Friday,0
TXN_038492,CUST_05769,24182.54,NETBANKING,FAILED,BANK_TIMEOUT,54,13,11,1,CARD,15,Saturday,1
TXN_038503,CUST_09131,3676.43,NETBANKING,FAILED,CARD_DECLINED,27,27,18,1,CARD,14,Saturday,0
TXN_038504,CUST_06794,19333.81,CARD,FAILED,BANK_SERVER_DOWN,19,9,20,4,UPI,22,Wednesday,0
TXN_038505,CUST_05924,14552.22,CARD,FAILED,LIMIT_EXCEEDED,25,27,20,1,UPI,1,Thursday,1
TXN_038510,CUST_09529,20207.28,CARD,FAILED,BANK_SERVER_DOWN,28,5,22,8,NETBANKING,20,Saturday,0
TXN_038527,CUST_07025,4794.89,NETBANKING,FAILED,BANK_TIMEOUT,40,19,11,7,NETBANKING,7,Tuesday,1
TXN_038545,CUST_03124,16844.73,CARD,FAILED,LIMIT_EXCEEDED,25,5,13,4,UPI,21,Friday,1
TXN_038548,CUST_05345,6020.78,WALLET,FAILED,LIMIT_EXCEEDED,58,6,15,0,NETBANKING,3,Sunday,0
TXN_038549,CUST_04374,3220.03,WALLET,FAILED,CARD_DECLINED,20,9,24,1,NETBANKING,3,Thursday,0
TXN_038552,CUST_02336,1105.92,NETBANKING,FAILED,BANK_TIMEOUT,53,23,17,6,WALLET,8,Thursday,1
TXN_038553,CUST_04736,20309.88,UPI,FAILED,CARD_DECLINED,60,8,13,5,NETBANKING,16,Wednesday,0
TXN_038558,CUST_08395,24474.52,UPI,FAILED,LIMIT_EXCEEDED,50,27,7,2,NETBANKING,11,Monday,0
TXN_038559,CUST_06152,16335.14,WALLET,FAILED,BANK_SERVER_DOWN,45,27,13,8,CARD,3,Friday,1
TXN_038564,CUST_08652,23477.25,WALLET,FAILED,INSUFFICIENT_FUNDS,49,9,2,5,CARD,11,Saturday,0
TXN_038567,CUST_05147,13157.91,CARD,FAILED,BANK_SERVER_DOWN,55,5,24,0,NETBANKING,21,Monday,0
TXN_038568,CUST_07401,14329.64,WALLET,FAILED,NETWORK_ERROR,22,8,25,5,UPI,10,Monday,0
TXN_038571,CUST_02510,11705.21,UPI,FAILED,CARD_DECLINED,49,22,7,3,UPI,12,Thursday,0
TXN_038581,CUST_00506,21766.18,CARD,FAILED,INSUFFICIENT_FUNDS,49,8,4,5,CARD,2,Tuesday,0
TXN_038604,CUST_04701,14900.72,NETBANKING,FAILED,BANK_TIMEOUT,53,27,6,5,NETBANKING,7,Thursday,1
TXN_038605,CUST_00039,8840.0,WALLET,FAILED,LIMIT_EXCEEDED,22,23,9,0,WALLET,3,Tuesday,0
TXN_038612,CUST_07746,13007.31,WALLET,FAILED,NETWORK_ERROR,55,2,14,7,NETBANKING,3,Saturday,1
TXN_038617,CUST_06139,21824.08,NETBANKING,FAILED,LIMIT_EXCEEDED,24,3,2,3,CARD,21,Friday,0
TXN_038622,CUST_03581,9869.5,WALLET,FAILED,CARD_DECLINED,51,12,22,7,UPI,23,Tuesday,0
TXN_038641,CUST_09062,5312.1,WALLET,FAILED,BANK_SERVER_DOWN,26,14,3,1,NETBANKING,19,Thursday,0
TXN_038648,CUST_06151,4899.25,NETBANKING,FAILED,LIMIT_EXCEEDED,45,7,9,9,WALLET,7,Friday,0
TXN_038651,CUST_07415,7128.43,CARD,FAILED,BANK_TIMEOUT,19,12,1,0,UPI,15,Sunday,0
TXN_038652,CUST_02288,15753.81,CARD,FAILED,LIMIT_EXCEEDED,41,4,2,10,UPI,1,Friday,0
TXN_038654,CUST_05710,3712.34,UPI,FAILED,NETWORK_ERROR,49,15,21,2,WALLET,23,Tuesday,1
TXN_038659,CUST_01633,16145.42,CARD,FAILED,NETWORK_ERROR,29,28,12,2,NETBANKING,10,Thursday,0
TXN_038662,CUST_00029,18223.09,NETBANKING,FAILED,OTP_FAILURE,40,8,17,0,NETBANKING,9,Tuesday,0
TXN_038673,CUST_04352,4656.83,NETBANKING,FAILED,BANK_TIMEOUT,47,21,16,7,NETBANKING,13,Tuesday,1
TXN_038676,CUST_08851,17108.62,WALLET,FAILED,LIMIT_EXCEEDED,50,4,3,7,NETBANKING,23,Thursday,0
TXN_038685,CUST_08454,19273.33,NETBANKING,FAILED,OTP_FAILURE,28,22,19,1,NETBANKING,23,Thursday,0
TXN_038691,CUST_00336,7831.22,NETBANKING,FAILED,CARD_DECLINED,33,14,17,0,NETBANKING,16,Sunday,0
TXN_038693,CUST_07803,4176.91,NETBANKING,FAILED,INSUFFICIENT_FUNDS,18,29,10,8,NETBANKING,1,Saturday,1
TXN_038694,CUST_00799,15682.37,WALLET,FAILED,BANK_SERVER_DOWN,37,2,15,9,CARD,21,Tuesday,0
TXN_038709,CUST_07319,10062.45,UPI,FAILED,NETWORK_ERROR,30,13,15,10,WALLET,22,Friday,0
TXN_038711,CUST_04814,19875.55,UPI,FAILED,CARD_DECLINED,28,13,24,10,CARD,1,Monday,1
TXN_038714,CUST_09988,18481.08,NETBANKING,FAILED,OTP_FAILURE,36,20,3,10,NETBANKING,22,Wednesday,0
TXN_038715,CUST_02859,22937.19,WALLET,FAILED,OTP_FAILURE,26,20,7,5,UPI,23,Sunday,0
TXN_038716,CUST_08888,9798.05,WALLET,FAILED,LIMIT_EXCEEDED,60,23,20,3,CARD,5,Saturday,0
TXN_038722,CUST_03538,11255.11,WALLET,FAILED,BANK_TIMEOUT,55,23,17,5,UPI,6,Sunday,1
TXN_038724,CUST_01602,3836.23,NETBANKING,FAILED,LIMIT_EXCEEDED,47,4,3,10,CARD,18,Saturday,0
TXN_038727,CUST_06822,18759.03,NETBANKING,FAILED,INSUFFICIENT_FUNDS,24,19,15,8,UPI,8,Thursday,0
TXN_038732,CUST_08170,13453.14,NETBANKING,FAILED,INSUFFICIENT_FUNDS,19,6,18,10,UPI,5,Friday,0
TXN_038740,CUST_06985,18855.42,UPI,FAILED,CARD_DECLINED,21,29,4,8,WALLET,23,Tuesday,0
TXN_038750,CUST_06439,513.23,WALLET,FAILED,OTP_FAILURE,32,23,17,4,UPI,12,Monday,0
TXN_038756,CUST_08829,16894.58,NETBANKING,FAILED,LIMIT_EXCEEDED,25,21,17,8,WALLET,5,Thursday,0
TXN_038766,CUST_03865,15733.89,UPI,FAILED,BANK_TIMEOUT,32,30,18,10,NETBANKING,16,Friday,0
TXN_038767,CUST_02325,11327.54,UPI,FAILED,BANK_TIMEOUT,19,29,14,5,CARD,2,Wednesday,1
TXN_038771,CUST_09673,13936.63,NETBANKING,FAILED,OTP_FAILURE,54,10,5,2,NETBANKING,14,Thursday,0
TXN_038788,CUST_04942,353.21,UPI,FAILED,BANK_SERVER_DOWN,42,17,23,1,CARD,10,Thursday,0
TXN_038802,CUST_00885,5334.39,WALLET,FAILED,BANK_SERVER_DOWN,59,5,19,6,WALLET,7,Wednesday,1
TXN_038827,CUST_09502,22829.19,WALLET,FAILED,INSUFFICIENT_FUNDS,50,15,6,1,WALLET,4,Thursday,0
TXN_038837,CUST_06259,23602.36,UPI,FAILED,BANK_TIMEOUT,50,8,9,3,WALLET,12,Sunday,1
TXN_038838,CUST_04042,17609.7,UPI,FAILED,CARD_DECLINED,25,12,9,3,CARD,19,Sunday,0
TXN_038840,CUST_06741,23625.34,UPI,FAILED,NETWORK_ERROR,59,18,15,5,NETBANKING,11,Sunday,0
TXN_038845,CUST_03560,9843.64,NETBANKING,FAILED,BANK_TIMEOUT,54,4,4,0,WALLET,11,Monday,0
TXN_038849,CUST_01076,10991.66,CARD,FAILED,INSUFFICIENT_FUNDS,45,24,18,7,WALLET,0,Thursday,0
TXN_038850,CUST_07866,9600.12,NETBANKING,FAILED,INSUFFICIENT_FUNDS,19,28,3,10,CARD,16,Friday,0
TXN_038853,CUST_01626,20250.98,NETBANKING,FAILED,CARD_DECLINED,55,2,25,4,NETBANKING,4,Friday,1
TXN_038854,CUST_04336,7167.27,CARD,FAILED,BANK_SERVER_DOWN,42,15,24,2,WALLET,0,Monday,0
TXN_038857,CUST_00844,4446.04,WALLET,FAILED,OTP_FAILURE,27,10,6,8,CARD,9,Sunday,0
TXN_038861,CUST_05918,16682.89,WALLET,FAILED,BANK_TIMEOUT,55,23,22,10,WALLET,18,Thursday,1
TXN_038863,CUST_06925,12277.0,NETBANKING,FAILED,BANK_TIMEOUT,40,25,5,1,UPI,18,Tuesday,0
TXN_038879,CUST_03413,8560.83,CARD,FAILED,BANK_SERVER_DOWN,53,2,15,5,UPI,10,Monday,0
TXN_038902,CUST_06677,12069.12,NETBANKING,FAILED,BANK_TIMEOUT,35,8,6,5,WALLET,9,Thursday,1
TXN_038909,CUST_06698,12574.8,NETBANKING,FAILED,BANK_TIMEOUT,36,18,12,3,WALLET,1,Friday,1
TXN_038911,CUST_04099,8407.97,WALLET,FAILED,INSUFFICIENT_FUNDS,29,15,19,0,WALLET,11,Tuesday,0
TXN_038912,CUST_06765,1539.58,NETBANKING,FAILED,LIMIT_EXCEEDED,19,15,24,7,UPI,13,Sunday,0
TXN_038913,CUST_06620,19073.09,UPI,FAILED,CARD_DECLINED,21,6,3,8,UPI,0,Sunday,0
TXN_038918,CUST_09728,13318.94,UPI,FAILED,BANK_TIMEOUT,55,29,9,8,WALLET,2,Tuesday,0
TXN_038920,CUST_09846,16796.03,CARD,FAILED,INSUFFICIENT_FUNDS,30,23,19,8,CARD,19,Thursday,0
TXN_038921,CUST_07823,21134.95,CARD,FAILED,NETWORK_ERROR,48,22,11,7,WALLET,13,Tuesday,0
TXN_038922,CUST_07883,2686.61,WALLET,FAILED,CARD_DECLINED,34,2,10,2,CARD,2,Tuesday,0
TXN_038924,CUST_04300,20887.21,NETBANKING,FAILED,NETWORK_ERROR,22,11,17,8,UPI,3,Monday,1
TXN_038927,CUST_01611,3690.55,NETBANKING,FAILED,NETWORK_ERROR,41,7,3,3,CARD,1,Monday,1
TXN_038931,CUST_09063,3178.23,NETBANKING,FAILED,LIMIT_EXCEEDED,60,13,12,8,CARD,9,Friday,1
TXN_038932,CUST_05943,6808.2,CARD,FAILED,BANK_TIMEOUT,35,9,20,10,UPI,17,Wednesday,1
TXN_038936,CUST_04518,4273.67,WALLET,FAILED,CARD_DECLINED,26,19,21,9,CARD,22,Thursday,0
TXN_038965,CUST_06681,23058.45,NETBANKING,FAILED,BANK_SERVER_DOWN,51,6,7,5,UPI,16,Tuesday,0
TXN_038968,CUST_02865,23943.29,WALLET,FAILED,INSUFFICIENT_FUNDS,31,18,14,3,NETBANKING,5,Friday,0
TXN_038991,CUST_06417,19896.39,NETBANKING,FAILED,CARD_DECLINED,31,21,3,2,WALLET,5,Tuesday,0
TXN_038996,CUST_02998,12884.04,UPI,FAILED,BANK_SERVER_DOWN,42,28,13,9,WALLET,5,Wednesday,0
TXN_038998,CUST_08697,13615.77,WALLET,FAILED,OTP_FAILURE,18,22,25,3,NETBANKING,17,Tuesday,0
TXN_039001,CUST_01204,16644.98,UPI,FAILED,BANK_SERVER_DOWN,45,22,19,3,NETBANKING,17,Monday,0
TXN_039002,CUST_08559,945.63,CARD,FAILED,BANK_TIMEOUT,59,1,8,8,UPI,11,Wednesday,0
TXN_039004,CUST_07616,20323.83,UPI,FAILED,LIMIT_EXCEEDED,39,3,5,9,CARD,5,Monday,0
TXN_039016,CUST_08916,22188.75,NETBANKING,FAILED,OTP_FAILURE,22,6,22,1,WALLET,3,Tuesday,0
TXN_039020,CUST_00435,24708.18,CARD,FAILED,LIMIT_EXCEEDED,26,8,6,4,NETBANKING,10,Tuesday,0
TXN_039021,CUST_01263,3366.3,WALLET,FAILED,OTP_FAILURE,32,5,4,4,WALLET,14,Friday,0
TXN_039025,CUST_07554,7791.05,NETBANKING,FAILED,BANK_SERVER_DOWN,20,2,23,0,CARD,17,Monday,0
TXN_039028,CUST_01069,3348.24,NETBANKING,FAILED,BANK_TIMEOUT,59,28,19,7,CARD,1,Tuesday,1
TXN_039035,CUST_00485,8215.34,WALLET,FAILED,INSUFFICIENT_FUNDS,19,17,20,5,UPI,23,Friday,0
TXN_039043,CUST_06878,23808.44,WALLET,FAILED,BANK_TIMEOUT,32,13,1,8,NETBANKING,18,Sunday,1
TXN_039044,CUST_08257,16765.57,UPI,FAILED,INSUFFICIENT_FUNDS,51,7,21,6,NETBANKING,1,Monday,0
TXN_039045,CUST_04068,7523.54,NETBANKING,FAILED,LIMIT_EXCEEDED,45,12,24,4,CARD,22,Wednesday,0
TXN_039047,CUST_08312,18517.9,UPI,FAILED,CARD_DECLINED,52,17,3,5,NETBANKING,7,Thursday,0
TXN_039075,CUST_03600,9791.16,UPI,FAILED,OTP_FAILURE,49,11,4,8,WALLET,2,Friday,0
TXN_039076,CUST_05092,21233.36,NETBANKING,FAILED,LIMIT_EXCEEDED,49,16,2,5,UPI,1,Wednesday,0
TXN_039086,CUST_07916,16093.54,NETBANKING,FAILED,CARD_DECLINED,50,22,22,8,CARD,2,Friday,0
TXN_039087,CUST_01787,24435.34,NETBANKING,FAILED,INSUFFICIENT_FUNDS,25,30,23,3,WALLET,0,Tuesday,1
TXN_039095,CUST_00623,7262.81,UPI,FAILED,OTP_FAILURE,44,2,20,8,WALLET,19,Friday,0
TXN_039100,CUST_03171,19739.55,CARD,FAILED,BANK_TIMEOUT,54,25,9,8,WALLET,8,Friday,0
TXN_039105,CUST_05472,6021.37,WALLET,FAILED,BANK_TIMEOUT,19,20,17,7,UPI,22,Thursday,1
TXN_039111,CUST_04510,22797.93,NETBANKING,FAILED,OTP_FAILURE,26,15,17,5,WALLET,13,Sunday,0
TXN_039114,CUST_08707,6482.88,WALLET,FAILED,NETWORK_ERROR,30,20,13,7,NETBANKING,18,Tuesday,1
TXN_039117,CUST_07477,5182.72,NETBANKING,FAILED,CARD_DECLINED,48,7,25,1,UPI,8,Thursday,0
TXN_039121,CUST_05201,20733.56,CARD,FAILED,CARD_DECLINED,41,30,4,0,WALLET,6,Friday,0
TXN_039143,CUST_01599,8971.55,CARD,FAILED,LIMIT_EXCEEDED,20,4,13,8,NETBANKING,6,Tuesday,0
TXN_039149,CUST_05014,1540.99,NETBANKING,FAILED,OTP_FAILURE,38,21,16,5,WALLET,12,Friday,0
TXN_039151,CUST_07928,317.87,CARD,FAILED,CARD_DECLINED,50,16,4,8,CARD,10,Tuesday,0
TXN_039159,CUST_07920,21392.2,UPI,FAILED,BANK_SERVER_DOWN,31,21,23,9,NETBANKING,22,Friday,0
TXN_039173,CUST_03782,7554.71,NETBANKING,FAILED,BANK_SERVER_DOWN,22,25,14,2,NETBANKING,20,Wednesday,0
TXN_039176,CUST_04116,2884.99,NETBANKING,FAILED,BANK_SERVER_DOWN,30,23,3,6,WALLET,3,Thursday,0
TXN_039179,CUST_00116,21215.01,UPI,FAILED,NETWORK_ERROR,43,29,16,8,UPI,2,Monday,0
TXN_039180,CUST_01289,22146.32,UPI,FAILED,NETWORK_ERROR,21,23,21,9,NETBANKING,3,Monday,1
TXN_039185,CUST_00651,15954.36,CARD,FAILED,BANK_TIMEOUT,49,24,15,3,NETBANKING,7,Tuesday,1
TXN_039199,CUST_05471,21076.13,CARD,FAILED,BANK_TIMEOUT,28,10,6,5,WALLET,9,Tuesday,0
TXN_039201,CUST_07354,19381.54,UPI,FAILED,INSUFFICIENT_FUNDS,51,4,19,1,CARD,17,Wednesday,0
TXN_039218,CUST_07471,24534.26,CARD,FAILED,BANK_TIMEOUT,44,28,18,7,UPI,17,Tuesday,1
TXN_039228,CUST_04120,21260.83,NETBANKING,FAILED,NETWORK_ERROR,28,8,12,9,WALLET,0,Sunday,1
TXN_039230,CUST_02345,16958.41,CARD,FAILED,LIMIT_EXCEEDED,40,21,5,6,WALLET,17,Saturday,0
TXN_039238,CUST_05258,24034.78,NETBANKING,FAILED,NETWORK_ERROR,49,15,12,0,WALLET,11,Sunday,0
TXN_039239,CUST_08546,21511.85,NETBANKING,FAILED,NETWORK_ERROR,48,4,24,2,NETBANKING,17,Saturday,1
TXN_039244,CUST_00404,19712.43,CARD,FAILED,INSUFFICIENT_FUNDS,59,14,12,7,NETBANKING,5,Friday,0
TXN_039250,CUST_00595,21988.74,UPI,FAILED,INSUFFICIENT_FUNDS,28,20,17,7,NETBANKING,6,Monday,0
TXN_039265,CUST_07872,6499.0,WALLET,FAILED,BANK_TIMEOUT,51,29,18,4,CARD,15,Friday,1
TXN_039266,CUST_05337,14608.22,WALLET,FAILED,INSUFFICIENT_FUNDS,25,19,18,3,UPI,11,Wednesday,0
TXN_039279,CUST_01049,14550.34,NETBANKING,FAILED,BANK_SERVER_DOWN,28,10,7,9,CARD,14,Friday,0
TXN_039287,CUST_09973,9754.67,CARD,FAILED,CARD_DECLINED,31,9,8,0,NETBANKING,22,Friday,0
TXN_039299,CUST_08631,13581.82,CARD,FAILED,OTP_FAILURE,53,5,3,1,NETBANKING,18,Wednesday,0
TXN_039301,CUST_04053,19464.97,CARD,FAILED,NETWORK_ERROR,58,5,5,5,UPI,10,Friday,0
TXN_039302,CUST_05846,7507.74,WALLET,FAILED,BANK_SERVER_DOWN,22,13,14,2,CARD,7,Sunday,0
TXN_039325,CUST_07158,12098.8,NETBANKING,FAILED,INSUFFICIENT_FUNDS,57,6,13,5,NETBANKING,22,Thursday,0
TXN_039327,CUST_06612,23413.57,NETBANKING,FAILED,NETWORK_ERROR,43,15,7,1,CARD,21,Monday,1
TXN_039339,CUST_00325,15363.25,WALLET,FAILED,LIMIT_EXCEEDED,38,14,21,3,UPI,18,Monday,0
TXN_039345,CUST_01420,1298.04,NETBANKING,FAILED,OTP_FAILURE,29,10,6,2,CARD,15,Monday,0
TXN_039349,CUST_05122,7762.69,WALLET,FAILED,NETWORK_ERROR,48,6,21,8,CARD,23,Thursday,1
TXN_039353,CUST_03800,5947.29,UPI,FAILED,LIMIT_EXCEEDED,48,16,5,3,WALLET,1,Thursday,0
TXN_039355,CUST_05680,5033.8,UPI,FAILED,BANK_SERVER_DOWN,42,3,13,5,NETBANKING,0,Monday,0
TXN_039373,CUST_06773,20397.57,CARD,FAILED,LIMIT_EXCEEDED,40,5,7,5,CARD,20,Saturday,0
TXN_039382,CUST_03183,14431.89,CARD,FAILED,LIMIT_EXCEEDED,24,29,22,9,WALLET,10,Wednesday,0
TXN_039396,CUST_04620,5772.54,CARD,FAILED,NETWORK_ERROR,40,8,25,8,WALLET,1,Monday,0
TXN_039399,CUST_07246,9617.31,NETBANKING,FAILED,LIMIT_EXCEEDED,29,27,24,8,CARD,4,Tuesday,0
TXN_039417,CUST_00071,7205.94,UPI,FAILED,LIMIT_EXCEEDED,28,11,4,5,UPI,10,Wednesday,0
TXN_039422,CUST_02423,12661.31,WALLET,FAILED,NETWORK_ERROR,54,3,9,1,UPI,2,Sunday,1
TXN_039423,CUST_08153,7402.97,UPI,FAILED,BANK_TIMEOUT,18,26,13,6,WALLET,17,Monday,1
TXN_039430,CUST_05397,21619.6,CARD,FAILED,BANK_TIMEOUT,58,25,5,7,WALLET,12,Thursday,0
TXN_039437,CUST_07328,24257.66,UPI,FAILED,CARD_DECLINED,48,4,5,1,UPI,21,Saturday,0
TXN_039448,CUST_00441,5214.68,UPI,FAILED,BANK_SERVER_DOWN,38,3,18,7,WALLET,20,Saturday,0
TXN_039455,CUST_01896,536.57,CARD,FAILED,NETWORK_ERROR,20,12,20,2,NETBANKING,9,Monday,1
TXN_039471,CUST_08543,9959.89,NETBANKING,FAILED,LIMIT_EXCEEDED,20,13,10,6,CARD,22,Thursday,0
TXN_039473,CUST_08255,20721.3,WALLET,FAILED,LIMIT_EXCEEDED,57,7,18,10,CARD,1,Thursday,0
TXN_039478,CUST_08105,12654.18,UPI,FAILED,INSUFFICIENT_FUNDS,33,19,2,4,NETBANKING,2,Monday,0
TXN_039480,CUST_01821,8595.1,CARD,FAILED,LIMIT_EXCEEDED,53,8,7,9,UPI,13,Saturday,0
TXN_039494,CUST_08172,7068.66,CARD,FAILED,BANK_SERVER_DOWN,46,29,7,9,UPI,5,Monday,0
TXN_039509,CUST_05547,12354.2,WALLET,FAILED,BANK_TIMEOUT,43,24,25,7,CARD,13,Wednesday,0
TXN_039511,CUST_07397,21504.24,UPI,FAILED,CARD_DECLINED,57,30,6,5,NETBANKING,17,Friday,0
TXN_039513,CUST_02307,12144.2,NETBANKING,FAILED,NETWORK_ERROR,22,14,19,6,CARD,20,Friday,0
TXN_039518,CUST_05237,4393.93,UPI,FAILED,NETWORK_ERROR,57,23,10,0,NETBANKING,0,Saturday,1
TXN_039526,CUST_01874,7236.25,UPI,FAILED,BANK_SERVER_DOWN,21,21,19,4,UPI,20,Monday,0
TXN_039531,CUST_08355,11017.16,NETBANKING,FAILED,OTP_FAILURE,58,22,10,10,UPI,16,Monday,0
TXN_039533,CUST_09597,1975.97,WALLET,FAILED,BANK_TIMEOUT,30,16,20,3,WALLET,6,Saturday,1
TXN_039535,CUST_01561,8841.37,UPI,FAILED,INSUFFICIENT_FUNDS,18,25,7,10,UPI,6,Tuesday,0
TXN_039536,CUST_06576,10588.24,CARD,FAILED,BANK_SERVER_DOWN,20,15,23,7,UPI,18,Friday,0
TXN_039540,CUST_09637,10489.89,WALLET,FAILED,BANK_TIMEOUT,34,10,20,5,UPI,10,Friday,1
TXN_039544,CUST_07645,22017.82,WALLET,FAILED,NETWORK_ERROR,40,5,10,8,UPI,23,Friday,1
TXN_039569,CUST_07037,18281.77,UPI,FAILED,NETWORK_ERROR,56,22,14,5,NETBANKING,16,Saturday,0
TXN_039577,CUST_08027,2476.92,NETBANKING,FAILED,NETWORK_ERROR,60,23,7,1,UPI,9,Friday,0
TXN_039581,CUST_07914,11889.02,WALLET,FAILED,LIMIT_EXCEEDED,58,9,3,7,UPI,1,Sunday,0
TXN_039595,CUST_04984,5722.2,CARD,FAILED,OTP_FAILURE,20,21,21,9,UPI,20,Wednesday,0
TXN_039600,CUST_01087,24463.7,CARD,FAILED,NETWORK_ERROR,54,15,18,2,WALLET,12,Monday,1
TXN_039605,CUST_09405,10267.86,WALLET,FAILED,LIMIT_EXCEEDED,31,13,25,7,CARD,16,Tuesday,1
TXN_039607,CUST_06983,8661.46,WALLET,FAILED,LIMIT_EXCEEDED,39,20,6,9,NETBANKING,9,Sunday,0
TXN_039616,CUST_06184,1701.48,NETBANKING,FAILED,CARD_DECLINED,32,14,20,2,UPI,21,Sunday,1
TXN_039619,CUST_04792,8857.28,CARD,FAILED,INSUFFICIENT_FUNDS,27,8,8,0,WALLET,21,Wednesday,0
TXN_039622,CUST_07938,5025.42,WALLET,FAILED,BANK_TIMEOUT,24,25,11,10,WALLET,8,Monday,0
TXN_039629,CUST_01156,6233.46,UPI,FAILED,BANK_SERVER_DOWN,41,6,20,0,CARD,18,Wednesday,1
TXN_039630,CUST_00713,14392.17,UPI,FAILED,CARD_DECLINED,23,3,4,1,NETBANKING,1,Monday,0
TXN_039631,CUST_08826,19683.68,UPI,FAILED,BANK_SERVER_DOWN,37,28,20,7,NETBANKING,1,Friday,0
TXN_039643,CUST_05353,2844.34,WALLET,FAILED,CARD_DECLINED,30,16,2,3,NETBANKING,1,Sunday,0
TXN_039650,CUST_04596,23723.76,NETBANKING,FAILED,INSUFFICIENT_FUNDS,45,6,22,2,UPI,10,Wednesday,0
TXN_039652,CUST_00642,13562.2,CARD,FAILED,BANK_TIMEOUT,58,7,15,2,WALLET,9,Friday,1
TXN_039654,CUST_02370,10584.47,UPI,FAILED,NETWORK_ERROR,40,28,12,6,NETBANKING,0,Thursday,1
TXN_039658,CUST_09753,21224.02,CARD,FAILED,OTP_FAILURE,35,6,19,7,UPI,10,Saturday,0
TXN_039673,CUST_02959,1657.97,WALLET,FAILED,BANK_SERVER_DOWN,56,14,10,10,CARD,3,Friday,0
TXN_039680,CUST_03905,20061.02,NETBANKING,FAILED,BANK_SERVER_DOWN,35,26,11,0,CARD,1,Friday,0
TXN_039687,CUST_03095,9490.13,UPI,FAILED,LIMIT_EXCEEDED,48,25,17,3,CARD,15,Wednesday,0
TXN_039699,CUST_09899,13550.05,CARD,FAILED,LIMIT_EXCEEDED,28,1,21,6,UPI,4,Monday,1
TXN_039700,CUST_06333,6427.87,NETBANKING,FAILED,LIMIT_EXCEEDED,22,7,24,0,UPI,20,Wednesday,0
TXN_039712,CUST_07662,11748.78,CARD,FAILED,NETWORK_ERROR,43,1,25,1,WALLET,17,Monday,0
TXN_039718,CUST_00939,20902.41,WALLET,FAILED,NETWORK_ERROR,28,11,15,2,UPI,8,Thursday,1
TXN_039720,CUST_06706,20108.11,WALLET,FAILED,BANK_SERVER_DOWN,26,26,5,3,CARD,14,Thursday,0
TXN_039723,CUST_06831,23347.55,WALLET,FAILED,OTP_FAILURE,38,3,11,5,WALLET,1,Friday,1
TXN_039732,CUST_08414,3511.82,WALLET,FAILED,BANK_SERVER_DOWN,40,19,1,7,UPI,17,Thursday,0
TXN_039737,CUST_04821,5297.77,UPI,FAILED,BANK_TIMEOUT,29,17,25,6,CARD,8,Sunday,1
TXN_039745,CUST_08954,4763.4,CARD,FAILED,BANK_SERVER_DOWN,40,8,17,8,UPI,12,Wednesday,1
TXN_039769,CUST_00405,24951.28,UPI,FAILED,NETWORK_ERROR,32,17,7,5,CARD,8,Saturday,0
TXN_039781,CUST_06118,10006.79,UPI,FAILED,NETWORK_ERROR,21,23,21,8,NETBANKING,3,Sunday,1
TXN_039797,CUST_05091,2994.19,NETBANKING,FAILED,INSUFFICIENT_FUNDS,44,13,22,10,CARD,23,Thursday,1
TXN_039804,CUST_04393,19822.46,UPI,FAILED,INSUFFICIENT_FUNDS,20,14,23,2,UPI,9,Monday,1
TXN_039809,CUST_05753,3250.06,UPI,FAILED,OTP_FAILURE,34,10,23,7,NETBANKING,11,Sunday,1
TXN_039816,CUST_07975,19374.41,WALLET,FAILED,INSUFFICIENT_FUNDS,25,2,7,4,NETBANKING,11,Friday,0
TXN_039823,CUST_09244,22258.99,CARD,FAILED,LIMIT_EXCEEDED,39,2,23,6,WALLET,23,Saturday,0
TXN_039827,CUST_07332,2968.46,UPI,FAILED,CARD_DECLINED,58,25,17,3,UPI,5,Tuesday,0
TXN_039829,CUST_02803,15469.31,WALLET,FAILED,BANK_SERVER_DOWN,26,12,10,10,NETBANKING,10,Wednesday,0
TXN_039835,CUST_04620,10965.32,UPI,FAILED,BANK_TIMEOUT,40,8,25,8,WALLET,4,Saturday,1
TXN_039841,CUST_02341,19740.37,UPI,FAILED,OTP_FAILURE,39,18,25,6,WALLET,21,Friday,0
TXN_039851,CUST_07722,5109.85,NETBANKING,FAILED,CARD_DECLINED,41,5,10,4,NETBANKING,13,Sunday,0
TXN_039855,CUST_07304,10568.98,CARD,FAILED,NETWORK_ERROR,40,26,18,5,CARD,7,Friday,1
TXN_039865,CUST_08867,16860.03,WALLET,FAILED,BANK_TIMEOUT,60,11,8,9,NETBANKING,9,Tuesday,1
TXN_039869,CUST_08044,15479.19,UPI,FAILED,BANK_TIMEOUT,20,4,16,1,CARD,6,Monday,0
TXN_039874,CUST_09645,21840.84,CARD,FAILED,OTP_FAILURE,35,18,2,5,WALLET,21,Saturday,0
TXN_039875,CUST_06965,13488.81,WALLET,FAILED,CARD_DECLINED,53,25,20,9,CARD,2,Thursday,0
TXN_039883,CUST_06905,9142.44,WALLET,FAILED,NETWORK_ERROR,47,19,8,3,CARD,21,Tuesday,1
TXN_039884,CUST_03844,13657.86,WALLET,FAILED,INSUFFICIENT_FUNDS,50,18,17,2,CARD,20,Saturday,1
TXN_039889,CUST_01151,20583.39,WALLET,FAILED,BANK_SERVER_DOWN,52,11,18,3,WALLET,8,Saturday,0
TXN_039891,CUST_05939,10525.71,WALLET,FAILED,OTP_FAILURE,27,28,11,8,WALLET,13,Thursday,1
TXN_039894,CUST_09368,2956.42,WALLET,FAILED,NETWORK_ERROR,25,6,1,4,UPI,23,Tuesday,0
TXN_039902,CUST_02454,21319.44,NETBANKING,FAILED,LIMIT_EXCEEDED,29,10,8,1,CARD,1,Thursday,0
TXN_039905,CUST_08545,24824.8,UPI,FAILED,BANK_TIMEOUT,21,7,16,10,CARD,2,Sunday,0
TXN_039912,CUST_09180,9541.16,NETBANKING,FAILED,BANK_SERVER_DOWN,18,9,24,8,CARD,10,Tuesday,1
TXN_039923,CUST_00076,18942.58,UPI,FAILED,OTP_FAILURE,60,3,13,1,NETBANKING,9,Tuesday,0
TXN_039930,CUST_06825,20333.05,UPI,FAILED,NETWORK_ERROR,43,16,20,0,CARD,7,Saturday,0
TXN_039945,CUST_03173,11071.97,WALLET,FAILED,NETWORK_ERROR,23,5,11,7,WALLET,14,Thursday,0
TXN_039947,CUST_08627,2326.95,CARD,FAILED,BANK_TIMEOUT,57,24,10,2,UPI,21,Wednesday,0
TXN_039957,CUST_02935,10199.04,CARD,FAILED,BANK_TIMEOUT,27,14,5,8,UPI,12,Friday,0
TXN_039965,CUST_09192,782.64,UPI,FAILED,LIMIT_EXCEEDED,22,17,3,3,CARD,18,Thursday,0
TXN_039969,CUST_00776,7830.09,WALLET,FAILED,BANK_TIMEOUT,60,22,20,9,CARD,2,Tuesday,1
TXN_039983,CUST_07630,337.02,WALLET,FAILED,LIMIT_EXCEEDED,31,11,14,7,UPI,18,Saturday,0
TXN_039985,CUST_08012,18903.09,NETBANKING,FAILED,NETWORK_ERROR,45,29,22,3,NETBANKING,10,Sunday,0
TXN_039992,CUST_00747,9715.79,NETBANKING,FAILED,LIMIT_EXCEEDED,30,5,9,1,WALLET,10,Monday,0
TXN_040007,CUST_06388,13554.32,NETBANKING,FAILED,INSUFFICIENT_FUNDS,44,17,17,6,UPI,21,Monday,0
TXN_040018,CUST_06149,9316.56,NETBANKING,FAILED,BANK_TIMEOUT,23,18,18,6,NETBANKING,9,Monday,1
TXN_040020,CUST_07465,19283.6,CARD,FAILED,BANK_TIMEOUT,27,11,5,2,NETBANKING,14,Tuesday,0
TXN_040026,CUST_04133,1511.38,NETBANKING,FAILED,LIMIT_EXCEEDED,35,29,11,8,CARD,21,Saturday,0
TXN_040036,CUST_00818,3741.09,UPI,FAILED,BANK_TIMEOUT,47,8,15,7,WALLET,22,Saturday,1
TXN_040041,CUST_09864,15076.39,WALLET,FAILED,CARD_DECLINED,34,2,15,10,NETBANKING,13,Wednesday,0
TXN_040067,CUST_00036,21369.28,WALLET,FAILED,NETWORK_ERROR,22,27,22,8,WALLET,2,Friday,1
TXN_040068,CUST_09566,18024.82,UPI,FAILED,INSUFFICIENT_FUNDS,54,11,15,6,WALLET,1,Monday,0
TXN_040072,CUST_00617,19045.5,NETBANKING,FAILED,NETWORK_ERROR,25,20,7,2,WALLET,0,Wednesday,1
TXN_040078,CUST_08787,24564.84,NETBANKING,FAILED,BANK_TIMEOUT,18,1,25,9,UPI,16,Friday,1
TXN_040107,CUST_07991,1154.28,UPI,FAILED,BANK_SERVER_DOWN,36,17,23,6,CARD,7,Thursday,0
TXN_040111,CUST_06729,5329.12,NETBANKING,FAILED,BANK_SERVER_DOWN,24,17,13,7,UPI,3,Saturday,1
TXN_040120,CUST_05537,12582.5,WALLET,FAILED,LIMIT_EXCEEDED,42,9,12,3,NETBANKING,23,Tuesday,0
TXN_040134,CUST_09462,21699.78,WALLET,FAILED,CARD_DECLINED,46,1,8,8,UPI,5,Monday,0
TXN_040138,CUST_02152,13206.87,UPI,FAILED,BANK_TIMEOUT,47,10,2,10,NETBANKING,7,Wednesday,0
TXN_040157,CUST_04765,4751.28,WALLET,FAILED,LIMIT_EXCEEDED,18,25,5,10,CARD,17,Tuesday,0
TXN_040162,CUST_09297,5055.46,UPI,FAILED,INSUFFICIENT_FUNDS,34,24,12,5,NETBANKING,18,Sunday,0
TXN_040179,CUST_08940,16012.49,WALLET,FAILED,OTP_FAILURE,21,3,23,5,UPI,10,Tuesday,0
TXN_040184,CUST_04306,19031.08,CARD,FAILED,BANK_SERVER_DOWN,42,16,1,4,WALLET,10,Friday,0
TXN_040189,CUST_07367,21921.92,NETBANKING,FAILED,BANK_SERVER_DOWN,49,20,9,1,CARD,4,Thursday,0
TXN_040191,CUST_03130,19951.16,WALLET,FAILED,BANK_TIMEOUT,41,22,17,9,UPI,10,Wednesday,1
TXN_040201,CUST_09365,22481.12,UPI,FAILED,BANK_TIMEOUT,47,30,3,2,NETBANKING,5,Friday,0
TXN_040204,CUST_00176,16767.14,CARD,FAILED,CARD_DECLINED,50,6,3,1,WALLET,20,Monday,0
TXN_040208,CUST_05812,5677.77,UPI,FAILED,NETWORK_ERROR,21,13,23,10,WALLET,19,Monday,1
TXN_040210,CUST_04625,11089.59,CARD,FAILED,OTP_FAILURE,59,17,18,5,NETBANKING,15,Friday,0
TXN_040218,CUST_07040,15072.78,WALLET,FAILED,OTP_FAILURE,49,28,14,3,CARD,23,Monday,0
TXN_040223,CUST_03519,4257.2,NETBANKING,FAILED,BANK_TIMEOUT,50,2,23,8,UPI,17,Tuesday,1
TXN_040228,CUST_09355,13684.48,NETBANKING,FAILED,INSUFFICIENT_FUNDS,31,26,16,4,CARD,23,Monday,0
TXN_040238,CUST_03857,1481.66,CARD,FAILED,INSUFFICIENT_FUNDS,60,6,3,9,NETBANKING,8,Monday,0
TXN_040250,CUST_08715,24766.96,CARD,FAILED,BANK_SERVER_DOWN,37,7,11,4,NETBANKING,1,Monday,0
TXN_040267,CUST_06075,17206.5,WALLET,FAILED,CARD_DECLINED,53,27,4,4,UPI,18,Friday,0
TXN_040279,CUST_03436,13728.99,CARD,FAILED,BANK_SERVER_DOWN,50,3,1,8,UPI,5,Thursday,0
TXN_040286,CUST_03927,7667.54,CARD,FAILED,OTP_FAILURE,31,6,4,7,UPI,1,Sunday,0
TXN_040291,CUST_07312,23162.11,NETBANKING,FAILED,CARD_DECLINED,38,26,25,7,UPI,1,Wednesday,0
TXN_040298,CUST_03366,5519.86,CARD,FAILED,BANK_SERVER_DOWN,46,22,6,8,NETBANKING,0,Monday,0
TXN_040319,CUST_06213,22982.45,NETBANKING,FAILED,INSUFFICIENT_FUNDS,60,24,11,7,CARD,3,Sunday,0
TXN_040328,CUST_08219,14935.43,NETBANKING,FAILED,BANK_SERVER_DOWN,54,25,1,4,WALLET,22,Wednesday,0
TXN_040329,CUST_04715,2007.99,UPI,FAILED,BANK_TIMEOUT,31,1,6,2,CARD,7,Thursday,0
TXN_040331,CUST_03445,14347.46,CARD,FAILED,BANK_TIMEOUT,43,28,19,3,WALLET,3,Tuesday,1
TXN_040350,CUST_08029,22764.05,NETBANKING,FAILED,OTP_FAILURE,59,21,17,0,WALLET,0,Sunday,0
TXN_040369,CUST_03313,14801.24,CARD,FAILED,BANK_SERVER_DOWN,57,19,25,7,NETBANKING,0,Thursday,1
TXN_040377,CUST_03253,18688.65,UPI,FAILED,LIMIT_EXCEEDED,26,29,8,6,WALLET,20,Thursday,0
TXN_040400,CUST_02961,20550.48,WALLET,FAILED,BANK_TIMEOUT,45,12,21,3,UPI,11,Saturday,1
TXN_040410,CUST_01989,11106.69,NETBANKING,FAILED,CARD_DECLINED,21,4,13,2,CARD,21,Tuesday,0
TXN_040416,CUST_06668,7822.24,NETBANKING,FAILED,OTP_FAILURE,19,3,13,2,CARD,23,Monday,1
TXN_040422,CUST_01333,14553.58,NETBANKING,FAILED,LIMIT_EXCEEDED,23,4,4,4,UPI,3,Thursday,0
TXN_040424,CUST_09353,20392.48,CARD,FAILED,NETWORK_ERROR,28,30,12,10,WALLET,7,Saturday,1
TXN_040430,CUST_08083,11870.08,WALLET,FAILED,CARD_DECLINED,36,27,5,9,CARD,22,Monday,0
TXN_040439,CUST_00810,22700.73,NETBANKING,FAILED,NETWORK_ERROR,47,11,25,3,UPI,7,Friday,0
TXN_040442,CUST_01471,7575.17,NETBANKING,FAILED,NETWORK_ERROR,51,4,23,5,UPI,1,Thursday,1
TXN_040446,CUST_07421,20080.59,WALLET,FAILED,OTP_FAILURE,41,23,11,3,NETBANKING,22,Wednesday,0
TXN_040449,CUST_06371,9022.59,WALLET,FAILED,BANK_TIMEOUT,18,26,7,0,NETBANKING,21,Monday,0
TXN_040458,CUST_02874,22372.8,WALLET,FAILED,BANK_SERVER_DOWN,57,15,15,8,UPI,22,Wednesday,0
TXN_040470,CUST_00951,14280.8,WALLET,FAILED,INSUFFICIENT_FUNDS,42,6,4,2,NETBANKING,13,Wednesday,0
TXN_040471,CUST_09285,12788.78,WALLET,FAILED,INSUFFICIENT_FUNDS,55,1,24,10,NETBANKING,6,Wednesday,1
TXN_040479,CUST_07505,6871.73,WALLET,FAILED,BANK_SERVER_DOWN,47,28,15,8,CARD,23,Tuesday,0
TXN_040486,CUST_05144,20262.3,CARD,FAILED,CARD_DECLINED,44,1,25,10,NETBANKING,6,Tuesday,0
TXN_040488,CUST_04760,13024.78,WALLET,FAILED,INSUFFICIENT_FUNDS,57,3,2,1,UPI,12,Thursday,0
TXN_040489,CUST_01162,17014.06,WALLET,FAILED,INSUFFICIENT_FUNDS,40,9,2,0,UPI,3,Wednesday,0
TXN_040495,CUST_04720,22169.4,UPI,FAILED,CARD_DECLINED,19,28,11,1,WALLET,15,Wednesday,0
TXN_040496,CUST_02400,11822.23,UPI,FAILED,NETWORK_ERROR,49,26,9,2,NETBANKING,12,Thursday,1
TXN_040503,CUST_06145,11265.96,NETBANKING,FAILED,INSUFFICIENT_FUNDS,43,5,23,7,CARD,23,Sunday,0
TXN_040509,CUST_02819,499.62,CARD,FAILED,LIMIT_EXCEEDED,46,18,19,3,UPI,19,Saturday,1
TXN_040512,CUST_08094,14346.23,WALLET,FAILED,NETWORK_ERROR,48,4,21,0,CARD,6,Tuesday,0
TXN_040513,CUST_08560,11247.04,CARD,FAILED,LIMIT_EXCEEDED,42,11,13,4,UPI,6,Friday,0
TXN_040514,CUST_04717,2106.51,CARD,FAILED,BANK_TIMEOUT,35,23,13,8,UPI,0,Monday,1
TXN_040515,CUST_09619,14143.69,NETBANKING,FAILED,BANK_SERVER_DOWN,27,28,22,10,WALLET,7,Sunday,0
TXN_040521,CUST_03546,10087.51,NETBANKING,FAILED,INSUFFICIENT_FUNDS,30,23,5,4,WALLET,15,Monday,0
TXN_040523,CUST_06450,10737.72,WALLET,FAILED,BANK_SERVER_DOWN,55,30,16,4,UPI,12,Tuesday,0
TXN_040529,CUST_08242,7269.21,CARD,FAILED,INSUFFICIENT_FUNDS,57,11,14,2,NETBANKING,9,Saturday,0
TXN_040536,CUST_07254,20031.87,UPI,FAILED,BANK_SERVER_DOWN,21,8,15,8,NETBANKING,8,Sunday,0
TXN_040540,CUST_04806,23394.51,WALLET,FAILED,BANK_SERVER_DOWN,46,29,16,10,UPI,15,Friday,0
TXN_040558,CUST_01499,17120.64,NETBANKING,FAILED,INSUFFICIENT_FUNDS,20,10,1,3,NETBANKING,15,Tuesday,1
TXN_040559,CUST_03673,6275.93,CARD,FAILED,CARD_DECLINED,48,21,15,7,UPI,15,Wednesday,0
TXN_040574,CUST_07584,15964.24,WALLET,FAILED,BANK_SERVER_DOWN,27,25,15,5,NETBANKING,17,Friday,1
TXN_040601,CUST_03611,6863.48,CARD,FAILED,BANK_TIMEOUT,53,20,21,10,CARD,7,Sunday,0
TXN_040604,CUST_08202,22364.02,NETBANKING,FAILED,NETWORK_ERROR,20,19,20,3,WALLET,14,Sunday,1
TXN_040611,CUST_06628,23590.0,WALLET,FAILED,LIMIT_EXCEEDED,46,22,12,9,UPI,13,Tuesday,0
TXN_040617,CUST_09234,10286.68,NETBANKING,FAILED,INSUFFICIENT_FUNDS,58,8,24,5,UPI,19,Monday,0
TXN_040622,CUST_03321,12494.87,NETBANKING,FAILED,BANK_TIMEOUT,35,27,3,6,WALLET,18,Thursday,0
TXN_040634,CUST_01653,12688.78,NETBANKING,FAILED,CARD_DECLINED,21,20,7,1,CARD,23,Thursday,0
TXN_040638,CUST_07257,9140.77,WALLET,FAILED,NETWORK_ERROR,52,11,3,0,UPI,6,Saturday,0
TXN_040642,CUST_00837,18704.16,WALLET,FAILED,NETWORK_ERROR,39,26,14,8,WALLET,10,Tuesday,1
TXN_040647,CUST_00817,24027.23,UPI,FAILED,BANK_TIMEOUT,57,12,8,8,NETBANKING,7,Monday,0
TXN_040652,CUST_00714,6748.73,UPI,FAILED,CARD_DECLINED,42,10,17,9,NETBANKING,16,Monday,0
TXN_040653,CUST_08085,23741.32,WALLET,FAILED,INSUFFICIENT_FUNDS,48,12,3,6,NETBANKING,23,Tuesday,0
TXN_040670,CUST_00121,3033.97,CARD,FAILED,LIMIT_EXCEEDED,28,23,6,10,UPI,10,Wednesday,0
TXN_040700,CUST_00558,6385.05,CARD,FAILED,BANK_SERVER_DOWN,33,5,9,4,UPI,1,Sunday,0
TXN_040716,CUST_06860,13021.72,NETBANKING,FAILED,LIMIT_EXCEEDED,53,1,1,6,UPI,4,Friday,0
TXN_040725,CUST_06765,1545.44,CARD,FAILED,OTP_FAILURE,19,15,24,7,UPI,0,Friday,0
TXN_040727,CUST_03327,12598.16,UPI,FAILED,INSUFFICIENT_FUNDS,58,13,20,5,CARD,11,Tuesday,0
TXN_040742,CUST_08873,4304.81,WALLET,FAILED,INSUFFICIENT_FUNDS,33,22,13,4,NETBANKING,9,Thursday,0
TXN_040744,CUST_07376,7716.5,CARD,FAILED,CARD_DECLINED,49,4,1,10,NETBANKING,5,Saturday,0
TXN_040749,CUST_05299,1203.4,NETBANKING,FAILED,CARD_DECLINED,38,7,15,7,CARD,17,Sunday,0
TXN_040752,CUST_02647,4842.91,WALLET,FAILED,BANK_SERVER_DOWN,26,13,5,6,UPI,12,Wednesday,0
TXN_040756,CUST_03031,23545.43,CARD,FAILED,NETWORK_ERROR,45,22,14,9,WALLET,2,Tuesday,0
TXN_040763,CUST_00268,11410.89,UPI,FAILED,CARD_DECLINED,38,5,10,2,WALLET,5,Tuesday,0
TXN_040771,CUST_09263,21526.39,WALLET,FAILED,NETWORK_ERROR,31,13,7,1,NETBANKING,21,Sunday,1
TXN_040784,CUST_03581,3055.44,NETBANKING,FAILED,BANK_TIMEOUT,51,12,22,7,UPI,23,Saturday,1
TXN_040787,CUST_05358,10827.16,UPI,FAILED,LIMIT_EXCEEDED,41,19,15,0,CARD,1,Tuesday,0
TXN_040796,CUST_01452,23762.85,UPI,FAILED,INSUFFICIENT_FUNDS,36,25,7,3,WALLET,22,Monday,0
TXN_040802,CUST_07878,5872.49,NETBANKING,FAILED,INSUFFICIENT_FUNDS,36,14,8,7,CARD,19,Thursday,0
TXN_040809,CUST_01382,16203.76,UPI,FAILED,INSUFFICIENT_FUNDS,44,19,18,2,NETBANKING,3,Thursday,1
TXN_040810,CUST_03737,2796.66,CARD,FAILED,NETWORK_ERROR,31,20,3,5,WALLET,2,Tuesday,1
TXN_040819,CUST_02551,1113.39,UPI,FAILED,OTP_FAILURE,47,10,23,5,NETBANKING,5,Wednesday,0
TXN_040821,CUST_01599,20110.59,CARD,FAILED,OTP_FAILURE,20,4,13,8,NETBANKING,22,Friday,0
TXN_040827,CUST_09463,1729.85,CARD,FAILED,CARD_DECLINED,50,25,16,5,NETBANKING,21,Saturday,1
TXN_040829,CUST_02302,10507.13,CARD,FAILED,BANK_TIMEOUT,56,7,14,3,NETBANKING,20,Saturday,1
TXN_040838,CUST_06110,12442.66,CARD,FAILED,INSUFFICIENT_FUNDS,52,29,16,9,WALLET,13,Thursday,0
TXN_040840,CUST_09730,9916.82,NETBANKING,FAILED,LIMIT_EXCEEDED,28,8,12,10,UPI,7,Saturday,0
TXN_040846,CUST_07175,3517.32,CARD,FAILED,INSUFFICIENT_FUNDS,24,10,2,1,NETBANKING,0,Tuesday,0
TXN_040847,CUST_02656,4824.32,CARD,FAILED,NETWORK_ERROR,57,16,22,9,UPI,15,Friday,1
TXN_040875,CUST_05482,22653.13,NETBANKING,FAILED,LIMIT_EXCEEDED,35,15,17,7,CARD,11,Wednesday,0
TXN_040879,CUST_04022,19071.91,NETBANKING,FAILED,BANK_TIMEOUT,24,12,20,7,WALLET,5,Saturday,0
TXN_040898,CUST_06679,22840.25,UPI,FAILED,LIMIT_EXCEEDED,48,11,7,0,NETBANKING,18,Tuesday,0
TXN_040900,CUST_08451,15541.56,UPI,FAILED,BANK_TIMEOUT,50,9,13,6,WALLET,7,Monday,1
TXN_040906,CUST_02296,3759.27,WALLET,FAILED,BANK_TIMEOUT,31,2,16,4,UPI,3,Thursday,0
TXN_040909,CUST_01540,4121.94,WALLET,FAILED,OTP_FAILURE,28,1,15,7,UPI,11,Friday,0
TXN_040912,CUST_01535,12973.67,NETBANKING,FAILED,BANK_TIMEOUT,19,11,23,1,NETBANKING,23,Tuesday,1
TXN_040914,CUST_04508,8685.57,UPI,FAILED,OTP_FAILURE,35,8,1,2,CARD,19,Thursday,0
TXN_040915,CUST_09726,20932.59,WALLET,FAILED,NETWORK_ERROR,50,19,1,7,CARD,17,Thursday,1
TXN_040917,CUST_02851,18349.23,WALLET,FAILED,BANK_SERVER_DOWN,33,4,21,4,CARD,11,Monday,0
TXN_040940,CUST_01865,18417.51,WALLET,FAILED,BANK_SERVER_DOWN,55,5,15,2,CARD,22,Wednesday,0
TXN_040945,CUST_03464,6273.9,NETBANKING,FAILED,INSUFFICIENT_FUNDS,22,6,6,8,CARD,3,Wednesday,0
TXN_040953,CUST_06973,2149.65,WALLET,FAILED,LIMIT_EXCEEDED,36,22,17,3,NETBANKING,21,Tuesday,0
TXN_040964,CUST_03473,2925.78,CARD,FAILED,BANK_SERVER_DOWN,37,11,9,7,UPI,7,Wednesday,0
TXN_040970,CUST_06971,16360.07,UPI,FAILED,BANK_SERVER_DOWN,34,4,16,2,WALLET,22,Monday,0
TXN_040972,CUST_03624,14872.51,WALLET,FAILED,BANK_TIMEOUT,53,3,2,2,WALLET,14,Friday,0
TXN_040977,CUST_00086,9941.11,NETBANKING,FAILED,BANK_SERVER_DOWN,39,10,17,10,CARD,4,Saturday,0
TXN_040982,CUST_07667,11234.7,NETBANKING,FAILED,INSUFFICIENT_FUNDS,39,12,6,5,UPI,2,Saturday,0
TXN_040999,CUST_07037,6942.76,UPI,FAILED,LIMIT_EXCEEDED,56,22,14,5,NETBANKING,11,Friday,0
TXN_041001,CUST_09425,23212.73,NETBANKING,FAILED,OTP_FAILURE,41,5,2,8,CARD,11,Sunday,0
TXN_041009,CUST_06890,23175.63,NETBANKING,FAILED,OTP_FAILURE,28,3,6,7,WALLET,0,Sunday,0
TXN_041010,CUST_08948,5030.49,CARD,FAILED,INSUFFICIENT_FUNDS,33,15,6,4,CARD,1,Saturday,0
TXN_041012,CUST_03144,18665.73,NETBANKING,FAILED,BANK_SERVER_DOWN,41,8,19,9,CARD,16,Wednesday,0
TXN_041023,CUST_06558,15376.09,NETBANKING,FAILED,LIMIT_EXCEEDED,30,1,13,9,UPI,17,Saturday,1
TXN_041024,CUST_00605,13493.66,CARD,FAILED,OTP_FAILURE,29,7,12,5,NETBANKING,20,Wednesday,1
TXN_041026,CUST_00345,1559.72,UPI,FAILED,NETWORK_ERROR,60,1,15,3,CARD,17,Friday,0
TXN_041035,CUST_09025,19126.14,CARD,FAILED,NETWORK_ERROR,33,9,23,4,UPI,0,Sunday,1
TXN_041042,CUST_07500,2264.65,UPI,FAILED,BANK_TIMEOUT,18,25,24,8,WALLET,4,Saturday,1
TXN_041043,CUST_06461,24020.37,CARD,FAILED,BANK_TIMEOUT,39,13,10,2,UPI,12,Sunday,0
TXN_041048,CUST_08582,3490.0,NETBANKING,FAILED,CARD_DECLINED,46,26,22,0,CARD,17,Saturday,0
TXN_041050,CUST_09315,12128.44,UPI,FAILED,LIMIT_EXCEEDED,30,10,16,2,NETBANKING,8,Friday,0
TXN_041056,CUST_01834,22188.59,CARD,FAILED,OTP_FAILURE,26,14,10,4,NETBANKING,14,Tuesday,0
TXN_041061,CUST_08681,24585.96,UPI,FAILED,BANK_SERVER_DOWN,43,9,5,8,CARD,14,Saturday,0
TXN_041064,CUST_03985,8435.85,WALLET,FAILED,NETWORK_ERROR,48,13,6,1,CARD,16,Sunday,0
TXN_041065,CUST_08127,20538.83,CARD,FAILED,LIMIT_EXCEEDED,41,23,21,9,WALLET,17,Tuesday,1
TXN_041066,CUST_08092,11581.19,CARD,FAILED,BANK_TIMEOUT,21,4,2,2,NETBANKING,14,Wednesday,1
TXN_041068,CUST_04709,5125.39,NETBANKING,FAILED,CARD_DECLINED,42,25,12,6,WALLET,3,Tuesday,0
TXN_041073,CUST_02008,1863.46,WALLET,FAILED,LIMIT_EXCEEDED,18,28,19,3,UPI,16,Monday,0
TXN_041080,CUST_01968,17701.73,CARD,FAILED,OTP_FAILURE,49,29,4,9,WALLET,0,Friday,0
TXN_041098,CUST_03447,15314.45,WALLET,FAILED,INSUFFICIENT_FUNDS,18,28,23,2,NETBANKING,21,Sunday,0
TXN_041103,CUST_01171,13188.69,CARD,FAILED,CARD_DECLINED,45,24,14,5,NETBANKING,7,Thursday,0
TXN_041109,CUST_09175,11580.99,CARD,FAILED,NETWORK_ERROR,35,11,3,0,NETBANKING,9,Thursday,0
TXN_041114,CUST_09077,20788.75,NETBANKING,FAILED,CARD_DECLINED,39,8,13,7,CARD,13,Tuesday,0
TXN_041117,CUST_01312,12263.94,WALLET,FAILED,BANK_TIMEOUT,18,11,12,9,UPI,23,Monday,0
TXN_041118,CUST_00035,23324.03,UPI,FAILED,INSUFFICIENT_FUNDS,26,17,15,7,WALLET,11,Tuesday,0
TXN_041124,CUST_09246,6108.84,CARD,FAILED,NETWORK_ERROR,41,24,2,2,UPI,19,Monday,0
TXN_041128,CUST_08502,24895.75,UPI,FAILED,BANK_TIMEOUT,21,5,11,5,UPI,22,Friday,1
TXN_041133,CUST_01144,2955.13,UPI,FAILED,BANK_TIMEOUT,47,27,21,7,WALLET,15,Thursday,0
TXN_041139,CUST_04540,5103.15,UPI,FAILED,NETWORK_ERROR,51,29,21,9,WALLET,3,Wednesday,1
TXN_041144,CUST_02760,10631.67,WALLET,FAILED,BANK_TIMEOUT,23,4,10,10,CARD,16,Friday,1
TXN_041154,CUST_08028,21402.72,CARD,FAILED,LIMIT_EXCEEDED,45,30,9,7,NETBANKING,16,Wednesday,0
TXN_041156,CUST_06671,4311.31,UPI,FAILED,BANK_TIMEOUT,37,10,20,8,CARD,18,Friday,1
TXN_041163,CUST_04363,1438.18,CARD,FAILED,INSUFFICIENT_FUNDS,21,20,20,5,NETBANKING,6,Tuesday,0
TXN_041166,CUST_00420,17355.34,WALLET,FAILED,OTP_FAILURE,32,3,19,1,CARD,8,Monday,0
TXN_041167,CUST_05947,3207.99,WALLET,FAILED,BANK_TIMEOUT,36,21,6,8,CARD,4,Thursday,1
TXN_041168,CUST_08841,15777.13,CARD,FAILED,LIMIT_EXCEEDED,24,9,2,4,WALLET,4,Friday,0
TXN_041169,CUST_00115,24480.82,NETBANKING,FAILED,CARD_DECLINED,29,12,13,0,WALLET,0,Wednesday,0
TXN_041175,CUST_07624,12041.26,UPI,FAILED,BANK_TIMEOUT,27,18,21,8,UPI,11,Monday,1
TXN_041176,CUST_09746,3100.35,NETBANKING,FAILED,BANK_TIMEOUT,59,3,14,2,WALLET,4,Monday,1
TXN_041177,CUST_05656,11899.03,NETBANKING,FAILED,INSUFFICIENT_FUNDS,37,24,20,2,UPI,2,Wednesday,0
TXN_041210,CUST_00421,14767.54,CARD,FAILED,NETWORK_ERROR,42,7,10,10,UPI,17,Sunday,0
TXN_041212,CUST_09148,3221.65,UPI,FAILED,BANK_SERVER_DOWN,53,12,13,5,CARD,5,Thursday,0
TXN_041214,CUST_03654,24521.78,UPI,FAILED,BANK_TIMEOUT,46,30,2,10,NETBANKING,6,Tuesday,1
TXN_041217,CUST_03198,223.18,UPI,FAILED,NETWORK_ERROR,36,13,8,5,CARD,16,Tuesday,0
TXN_041234,CUST_04124,21811.79,NETBANKING,FAILED,BANK_TIMEOUT,33,7,12,2,NETBANKING,0,Tuesday,0
TXN_041239,CUST_07478,22446.08,NETBANKING,FAILED,CARD_DECLINED,32,23,23,1,NETBANKING,7,Wednesday,1
TXN_041272,CUST_00750,20698.82,NETBANKING,FAILED,NETWORK_ERROR,19,10,16,8,UPI,6,Saturday,0
TXN_041294,CUST_08314,12158.85,WALLET,FAILED,BANK_SERVER_DOWN,39,23,19,9,NETBANKING,3,Thursday,1
TXN_041298,CUST_09217,24032.77,NETBANKING,FAILED,LIMIT_EXCEEDED,36,18,11,2,CARD,11,Wednesday,1
TXN_041316,CUST_08365,7237.83,NETBANKING,FAILED,CARD_DECLINED,43,13,18,10,NETBANKING,7,Friday,0
TXN_041325,CUST_01041,16259.98,NETBANKING,FAILED,CARD_DECLINED,50,13,17,9,UPI,12,Monday,1
TXN_041332,CUST_09402,22510.59,WALLET,FAILED,LIMIT_EXCEEDED,22,2,1,2,NETBANKING,19,Friday,0
TXN_041335,CUST_01882,3269.61,NETBANKING,FAILED,CARD_DECLINED,48,25,17,0,CARD,2,Sunday,1
TXN_041342,CUST_08642,21024.79,NETBANKING,FAILED,INSUFFICIENT_FUNDS,58,6,20,8,WALLET,11,Wednesday,0
TXN_041347,CUST_08358,23755.35,WALLET,FAILED,BANK_SERVER_DOWN,54,17,3,6,NETBANKING,23,Wednesday,0
TXN_041353,CUST_08357,23024.11,UPI,FAILED,LIMIT_EXCEEDED,30,27,18,0,WALLET,23,Wednesday,0
TXN_041355,CUST_02999,16358.65,WALLET,FAILED,CARD_DECLINED,36,9,23,5,WALLET,3,Saturday,0
TXN_041366,CUST_03467,8486.71,WALLET,FAILED,INSUFFICIENT_FUNDS,41,21,10,0,NETBANKING,6,Friday,0
TXN_041374,CUST_07872,15767.81,WALLET,FAILED,INSUFFICIENT_FUNDS,51,29,18,4,CARD,5,Wednesday,0
TXN_041375,CUST_02688,1462.22,WALLET,FAILED,INSUFFICIENT_FUNDS,31,21,24,5,CARD,5,Friday,0
TXN_041378,CUST_03276,21276.96,UPI,FAILED,LIMIT_EXCEEDED,52,27,3,8,CARD,22,Thursday,0
TXN_041382,CUST_03702,3611.83,WALLET,FAILED,OTP_FAILURE,49,13,18,5,WALLET,8,Friday,0
TXN_041386,CUST_04658,16059.56,WALLET,FAILED,OTP_FAILURE,31,2,4,10,CARD,15,Wednesday,0
TXN_041388,CUST_09799,15595.12,CARD,FAILED,LIMIT_EXCEEDED,46,30,25,7,UPI,4,Monday,0
TXN_041392,CUST_04931,24644.26,UPI,FAILED,NETWORK_ERROR,43,25,18,0,UPI,11,Thursday,1
TXN_041400,CUST_04168,8248.5,UPI,FAILED,LIMIT_EXCEEDED,21,4,3,5,NETBANKING,4,Saturday,0
TXN_041401,CUST_07631,9657.53,WALLET,FAILED,LIMIT_EXCEEDED,40,30,23,7,NETBANKING,8,Saturday,0
TXN_041402,CUST_01845,16960.24,CARD,FAILED,OTP_FAILURE,54,8,21,3,WALLET,12,Monday,1
TXN_041405,CUST_01310,19755.51,CARD,FAILED,OTP_FAILURE,36,19,5,0,UPI,15,Friday,0
TXN_041409,CUST_07829,14792.32,WALLET,FAILED,INSUFFICIENT_FUNDS,21,16,6,9,CARD,23,Saturday,0
TXN_041415,CUST_03285,22846.71,CARD,FAILED,NETWORK_ERROR,30,24,16,0,CARD,6,Thursday,1
TXN_041417,CUST_00921,11510.6,CARD,FAILED,OTP_FAILURE,51,25,20,4,WALLET,12,Wednesday,0
TXN_041419,CUST_02216,18771.49,UPI,FAILED,BANK_TIMEOUT,19,2,23,10,NETBANKING,10,Saturday,1
TXN_041441,CUST_05397,10230.62,CARD,FAILED,BANK_TIMEOUT,58,25,5,7,WALLET,1,Thursday,0
TXN_041445,CUST_00194,7800.61,NETBANKING,FAILED,INSUFFICIENT_FUNDS,28,6,21,1,UPI,10,Tuesday,0
TXN_041448,CUST_03371,1091.52,NETBANKING,FAILED,INSUFFICIENT_FUNDS,57,29,7,1,UPI,13,Wednesday,0
TXN_041449,CUST_07873,19841.63,NETBANKING,FAILED,BANK_TIMEOUT,53,25,8,6,NETBANKING,18,Friday,1
TXN_041458,CUST_05730,11193.34,NETBANKING,FAILED,INSUFFICIENT_FUNDS,55,25,22,4,UPI,3,Monday,1
TXN_041478,CUST_07297,19564.91,UPI,FAILED,LIMIT_EXCEEDED,52,28,11,8,CARD,19,Tuesday,0
TXN_041490,CUST_09227,13114.99,CARD,FAILED,OTP_FAILURE,56,1,2,3,WALLET,16,Monday,0
TXN_041499,CUST_05008,11380.54,NETBANKING,FAILED,INSUFFICIENT_FUNDS,23,14,25,0,CARD,6,Thursday,0
TXN_041503,CUST_05803,13228.59,WALLET,FAILED,LIMIT_EXCEEDED,52,28,10,6,CARD,12,Wednesday,0
TXN_041519,CUST_03031,19696.93,CARD,FAILED,BANK_SERVER_DOWN,45,22,14,9,WALLET,21,Thursday,0
TXN_041522,CUST_00331,20707.85,CARD,FAILED,LIMIT_EXCEEDED,36,9,25,3,CARD,10,Friday,1
TXN_041525,CUST_06857,7503.02,UPI,FAILED,NETWORK_ERROR,26,28,22,5,WALLET,21,Thursday,0
TXN_041526,CUST_07569,4662.04,NETBANKING,FAILED,INSUFFICIENT_FUNDS,25,30,4,6,CARD,1,Thursday,0
TXN_041540,CUST_08718,17179.5,UPI,FAILED,BANK_TIMEOUT,32,20,3,10,WALLET,19,Thursday,1
TXN_041543,CUST_00912,20096.26,WALLET,FAILED,INSUFFICIENT_FUNDS,49,9,7,0,CARD,18,Sunday,0
TXN_041548,CUST_07031,10659.61,UPI,FAILED,OTP_FAILURE,58,26,1,9,WALLET,7,Friday,0
TXN_041552,CUST_06992,6133.9,NETBANKING,FAILED,NETWORK_ERROR,44,19,1,10,WALLET,18,Thursday,0
TXN_041556,CUST_06280,2954.72,NETBANKING,FAILED,BANK_SERVER_DOWN,49,21,20,10,CARD,4,Friday,0
TXN_041558,CUST_05668,19265.02,NETBANKING,FAILED,INSUFFICIENT_FUNDS,40,25,22,1,UPI,20,Friday,0
TXN_041581,CUST_00241,21810.76,WALLET,FAILED,CARD_DECLINED,42,18,25,7,UPI,9,Monday,0
TXN_041585,CUST_02995,18870.85,NETBANKING,FAILED,OTP_FAILURE,43,24,5,0,WALLET,22,Tuesday,0
TXN_041586,CUST_09468,15348.39,UPI,FAILED,BANK_TIMEOUT,21,17,17,10,CARD,23,Thursday,1
TXN_041601,CUST_08033,19223.68,CARD,FAILED,OTP_FAILURE,33,8,21,5,WALLET,0,Tuesday,0
TXN_041608,CUST_02940,11937.55,WALLET,FAILED,BANK_TIMEOUT,42,27,4,6,WALLET,4,Wednesday,0
TXN_041612,CUST_04976,14132.16,NETBANKING,FAILED,BANK_TIMEOUT,35,17,17,7,NETBANKING,23,Saturday,0
TXN_041616,CUST_04604,17157.91,CARD,FAILED,OTP_FAILURE,38,28,16,10,NETBANKING,12,Tuesday,0
TXN_041622,CUST_02344,13593.31,NETBANKING,FAILED,INSUFFICIENT_FUNDS,60,7,24,10,UPI,13,Wednesday,0
TXN_041624,CUST_00561,22041.47,WALLET,FAILED,LIMIT_EXCEEDED,44,26,2,2,UPI,10,Tuesday,0
TXN_041635,CUST_05221,2569.01,CARD,FAILED,OTP_FAILURE,54,11,9,10,UPI,14,Sunday,0
TXN_041645,CUST_04486,103.95,CARD,FAILED,INSUFFICIENT_FUNDS,48,26,7,1,NETBANKING,3,Tuesday,0
TXN_041654,CUST_01706,9530.62,UPI,FAILED,OTP_FAILURE,32,30,11,0,WALLET,3,Saturday,0
TXN_041661,CUST_01501,19508.35,UPI,FAILED,NETWORK_ERROR,48,2,23,1,WALLET,23,Thursday,1
TXN_041663,CUST_01917,15763.47,WALLET,FAILED,INSUFFICIENT_FUNDS,19,18,25,7,UPI,22,Monday,0
TXN_041685,CUST_00158,7221.17,WALLET,FAILED,BANK_TIMEOUT,31,1,1,2,CARD,20,Sunday,0
TXN_041686,CUST_02238,915.24,WALLET,FAILED,CARD_DECLINED,60,26,23,5,CARD,16,Friday,0
TXN_041699,CUST_04974,2355.7,NETBANKING,FAILED,OTP_FAILURE,39,14,24,7,WALLET,3,Friday,1
TXN_041700,CUST_01182,11476.39,NETBANKING,FAILED,NETWORK_ERROR,30,6,4,3,WALLET,8,Thursday,1
TXN_041702,CUST_01735,10829.72,UPI,FAILED,INSUFFICIENT_FUNDS,18,21,20,1,CARD,17,Sunday,0
TXN_041712,CUST_05728,9288.4,WALLET,FAILED,BANK_TIMEOUT,42,28,10,6,UPI,13,Wednesday,0
TXN_041713,CUST_04303,21604.21,WALLET,FAILED,BANK_SERVER_DOWN,24,23,15,1,WALLET,4,Tuesday,0
TXN_041717,CUST_00375,1252.21,CARD,FAILED,NETWORK_ERROR,23,20,21,5,UPI,14,Wednesday,1
TXN_041720,CUST_04278,7269.09,NETBANKING,FAILED,BANK_SERVER_DOWN,50,11,17,5,UPI,11,Wednesday,0
TXN_041731,CUST_01012,23598.62,NETBANKING,FAILED,LIMIT_EXCEEDED,50,3,7,2,CARD,19,Wednesday,0
TXN_041735,CUST_06000,14884.3,WALLET,FAILED,LIMIT_EXCEEDED,31,29,7,4,CARD,0,Wednesday,0
TXN_041736,CUST_08393,13387.13,NETBANKING,FAILED,OTP_FAILURE,44,6,13,7,CARD,13,Friday,0
TXN_041740,CUST_00883,12547.69,NETBANKING,FAILED,OTP_FAILURE,55,24,25,0,NETBANKING,17,Sunday,1
TXN_041748,CUST_07661,6891.6,CARD,FAILED,NETWORK_ERROR,42,3,18,4,UPI,1,Sunday,1
TXN_041759,CUST_07956,7641.75,WALLET,FAILED,BANK_SERVER_DOWN,45,26,19,2,UPI,11,Tuesday,1
TXN_041762,CUST_06670,11253.5,NETBANKING,FAILED,LIMIT_EXCEEDED,37,1,20,6,WALLET,8,Saturday,0
TXN_041768,CUST_00897,13341.25,UPI,FAILED,LIMIT_EXCEEDED,34,9,14,4,CARD,0,Thursday,1
TXN_041769,CUST_08574,17460.7,WALLET,FAILED,BANK_TIMEOUT,30,27,4,4,UPI,14,Wednesday,0
TXN_041774,CUST_04855,500.75,NETBANKING,FAILED,BANK_SERVER_DOWN,38,27,2,10,CARD,20,Friday,0
TXN_041775,CUST_07323,13374.72,NETBANKING,FAILED,NETWORK_ERROR,36,17,20,0,UPI,0,Sunday,0
TXN_041776,CUST_07341,5310.51,NETBANKING,FAILED,INSUFFICIENT_FUNDS,29,9,21,6,WALLET,8,Friday,0
TXN_041782,CUST_06280,11722.43,CARD,FAILED,OTP_FAILURE,49,21,20,10,CARD,18,Wednesday,0
TXN_041801,CUST_06742,15524.61,WALLET,FAILED,INSUFFICIENT_FUNDS,53,14,25,8,NETBANKING,23,Thursday,0
TXN_041805,CUST_05832,2967.69,WALLET,FAILED,NETWORK_ERROR,58,5,6,3,NETBANKING,21,Wednesday,1
TXN_041806,CUST_01175,16856.44,NETBANKING,FAILED,INSUFFICIENT_FUNDS,56,25,20,8,CARD,9,Sunday,0
TXN_041822,CUST_03218,14477.76,WALLET,FAILED,CARD_DECLINED,55,18,20,3,CARD,7,Tuesday,0
TXN_041832,CUST_09379,872.78,UPI,FAILED,INSUFFICIENT_FUNDS,44,5,14,3,CARD,4,Tuesday,0
TXN_041835,CUST_07236,10072.34,NETBANKING,FAILED,BANK_SERVER_DOWN,54,23,18,6,WALLET,1,Saturday,0
TXN_041843,CUST_06212,16165.8,UPI,FAILED,CARD_DECLINED,34,16,21,3,NETBANKING,5,Wednesday,0
TXN_041859,CUST_04647,10504.26,CARD,FAILED,LIMIT_EXCEEDED,44,16,4,1,CARD,22,Thursday,0
TXN_041861,CUST_05234,14186.99,NETBANKING,FAILED,OTP_FAILURE,28,20,15,0,UPI,23,Tuesday,0
TXN_041870,CUST_02393,22462.81,CARD,FAILED,BANK_TIMEOUT,33,17,18,3,WALLET,12,Friday,1
TXN_041874,CUST_05185,6648.65,UPI,FAILED,INSUFFICIENT_FUNDS,48,12,20,8,WALLET,0,Friday,0
TXN_041875,CUST_03218,22444.19,WALLET,FAILED,CARD_DECLINED,55,18,20,3,CARD,1,Thursday,1
TXN_041879,CUST_01575,13654.26,WALLET,FAILED,LIMIT_EXCEEDED,60,9,12,6,CARD,17,Monday,0
TXN_041900,CUST_00364,18752.21,WALLET,FAILED,BANK_TIMEOUT,29,15,8,6,UPI,19,Tuesday,0
TXN_041911,CUST_02352,5974.36,CARD,FAILED,OTP_FAILURE,36,4,12,8,UPI,15,Tuesday,0
TXN_041917,CUST_04277,199.93,UPI,FAILED,CARD_DECLINED,44,20,5,3,WALLET,10,Thursday,0
TXN_041921,CUST_01521,21187.78,CARD,FAILED,LIMIT_EXCEEDED,52,3,18,8,WALLET,18,Thursday,0
TXN_041933,CUST_01614,23552.22,NETBANKING,FAILED,LIMIT_EXCEEDED,36,23,25,4,WALLET,0,Sunday,0
TXN_041936,CUST_09845,17358.99,UPI,FAILED,CARD_DECLINED,42,2,13,6,CARD,10,Sunday,0
TXN_041946,CUST_07394,7660.13,NETBANKING,FAILED,NETWORK_ERROR,51,13,23,10,UPI,10,Wednesday,0
TXN_041947,CUST_09436,16741.64,CARD,FAILED,LIMIT_EXCEEDED,34,8,17,8,UPI,15,Wednesday,0
TXN_041956,CUST_01801,22819.18,CARD,FAILED,BANK_SERVER_DOWN,40,26,14,6,NETBANKING,19,Saturday,0
TXN_041969,CUST_01089,851.94,WALLET,FAILED,INSUFFICIENT_FUNDS,39,26,20,8,NETBANKING,12,Saturday,0
TXN_041972,CUST_05764,18818.34,NETBANKING,FAILED,LIMIT_EXCEEDED,41,12,4,0,UPI,13,Thursday,0
TXN_041974,CUST_08925,12977.8,CARD,FAILED,BANK_TIMEOUT,51,11,25,7,UPI,3,Tuesday,1
TXN_041977,CUST_05532,4180.54,CARD,FAILED,INSUFFICIENT_FUNDS,51,9,19,5,UPI,3,Sunday,0
TXN_041980,CUST_00675,18533.99,UPI,FAILED,INSUFFICIENT_FUNDS,56,3,1,1,WALLET,12,Tuesday,0
TXN_041982,CUST_01196,686.91,WALLET,FAILED,CARD_DECLINED,51,9,25,8,NETBANKING,11,Thursday,1
TXN_041983,CUST_05237,17997.54,UPI,FAILED,NETWORK_ERROR,57,23,10,0,NETBANKING,0,Saturday,1
TXN_041984,CUST_06778,18645.26,WALLET,FAILED,BANK_SERVER_DOWN,18,6,12,7,NETBANKING,5,Monday,0
TXN_041992,CUST_00212,16165.23,NETBANKING,FAILED,LIMIT_EXCEEDED,32,24,15,9,CARD,21,Friday,0
TXN_042001,CUST_07809,5879.52,UPI,FAILED,NETWORK_ERROR,60,5,7,8,WALLET,20,Tuesday,1
TXN_042003,CUST_02458,1502.23,CARD,FAILED,BANK_SERVER_DOWN,45,16,5,8,CARD,18,Saturday,0
TXN_042005,CUST_05066,22393.1,NETBANKING,FAILED,NETWORK_ERROR,27,3,23,0,WALLET,5,Friday,1
TXN_042008,CUST_08480,18048.06,NETBANKING,FAILED,BANK_TIMEOUT,29,17,6,5,WALLET,19,Wednesday,0
TXN_042018,CUST_06512,17394.64,NETBANKING,FAILED,BANK_SERVER_DOWN,24,29,14,4,UPI,17,Saturday,1
TXN_042019,CUST_07672,13744.9,NETBANKING,FAILED,CARD_DECLINED,38,26,7,6,WALLET,15,Wednesday,0
TXN_042020,CUST_08563,19701.32,CARD,FAILED,BANK_SERVER_DOWN,29,10,1,0,WALLET,18,Thursday,0
TXN_042022,CUST_00687,21073.27,CARD,FAILED,OTP_FAILURE,25,28,8,2,UPI,3,Saturday,0
TXN_042028,CUST_08977,14837.7,NETBANKING,FAILED,OTP_FAILURE,38,11,20,1,NETBANKING,12,Friday,1
TXN_042030,CUST_03702,906.95,NETBANKING,FAILED,OTP_FAILURE,49,13,18,5,WALLET,2,Tuesday,0
TXN_042034,CUST_07541,17656.22,WALLET,FAILED,LIMIT_EXCEEDED,39,18,23,10,UPI,1,Tuesday,0
TXN_042038,CUST_04375,4656.99,NETBANKING,FAILED,INSUFFICIENT_FUNDS,34,25,14,3,NETBANKING,14,Monday,1
TXN_042058,CUST_04649,23014.04,CARD,FAILED,BANK_TIMEOUT,59,17,6,9,NETBANKING,17,Monday,1
TXN_042065,CUST_02839,7533.05,UPI,FAILED,OTP_FAILURE,48,14,20,0,CARD,19,Tuesday,0
TXN_042066,CUST_03465,574.63,UPI,FAILED,CARD_DECLINED,41,20,10,2,CARD,20,Monday,0
TXN_042073,CUST_01205,22361.19,CARD,FAILED,BANK_TIMEOUT,41,30,2,10,NETBANKING,0,Tuesday,1
TXN_042083,CUST_06444,8140.93,UPI,FAILED,NETWORK_ERROR,58,2,24,8,UPI,23,Monday,1
TXN_042086,CUST_03784,22480.36,WALLET,FAILED,LIMIT_EXCEEDED,42,15,24,4,CARD,23,Friday,1
TXN_042091,CUST_06271,11900.11,NETBANKING,FAILED,LIMIT_EXCEEDED,48,15,19,3,NETBANKING,10,Sunday,1
TXN_042094,CUST_07933,19650.99,UPI,FAILED,CARD_DECLINED,22,1,3,3,NETBANKING,8,Wednesday,0
TXN_042104,CUST_08411,7688.88,NETBANKING,FAILED,BANK_TIMEOUT,24,9,4,1,WALLET,21,Saturday,1
TXN_042106,CUST_04123,781.67,UPI,FAILED,NETWORK_ERROR,29,2,1,9,CARD,23,Saturday,0
TXN_042108,CUST_07172,788.48,CARD,FAILED,INSUFFICIENT_FUNDS,29,27,5,1,CARD,13,Tuesday,0
TXN_042113,CUST_01157,16249.41,CARD,FAILED,OTP_FAILURE,26,25,9,3,UPI,16,Monday,0
TXN_042119,CUST_03974,3921.67,NETBANKING,FAILED,BANK_SERVER_DOWN,37,15,12,7,UPI,4,Saturday,1
TXN_042133,CUST_06320,10290.12,CARD,FAILED,LIMIT_EXCEEDED,22,2,2,2,NETBANKING,2,Wednesday,0
TXN_042136,CUST_07648,8581.12,WALLET,FAILED,CARD_DECLINED,40,13,24,1,NETBANKING,14,Sunday,0
TXN_042139,CUST_03352,22932.15,CARD,FAILED,INSUFFICIENT_FUNDS,57,23,23,1,WALLET,10,Sunday,0
TXN_042142,CUST_05487,5241.0,CARD,FAILED,LIMIT_EXCEEDED,60,17,9,9,WALLET,5,Saturday,0
TXN_042146,CUST_02360,15560.65,WALLET,FAILED,NETWORK_ERROR,50,7,23,7,UPI,3,Friday,0
TXN_042158,CUST_06737,7917.21,NETBANKING,FAILED,BANK_TIMEOUT,43,6,12,8,WALLET,20,Monday,0
TXN_042160,CUST_05009,14971.68,WALLET,FAILED,NETWORK_ERROR,24,19,25,0,CARD,21,Monday,0
TXN_042171,CUST_09293,23691.32,UPI,FAILED,NETWORK_ERROR,29,27,1,0,WALLET,0,Tuesday,0
TXN_042173,CUST_02854,1323.42,CARD,FAILED,CARD_DECLINED,21,21,6,5,WALLET,12,Tuesday,0
TXN_042184,CUST_01305,14202.38,CARD,FAILED,CARD_DECLINED,31,28,5,5,NETBANKING,6,Thursday,0
TXN_042204,CUST_05952,6913.16,NETBANKING,FAILED,BANK_TIMEOUT,34,28,13,4,NETBANKING,17,Wednesday,1
TXN_042205,CUST_05738,13359.97,CARD,FAILED,INSUFFICIENT_FUNDS,45,28,25,7,CARD,4,Sunday,0
TXN_042208,CUST_05337,22669.95,WALLET,FAILED,LIMIT_EXCEEDED,25,19,18,3,UPI,8,Saturday,0
TXN_042211,CUST_09044,9992.46,WALLET,FAILED,BANK_SERVER_DOWN,44,19,20,7,NETBANKING,22,Wednesday,0
TXN_042220,CUST_04042,8245.77,WALLET,FAILED,BANK_SERVER_DOWN,25,12,9,3,CARD,10,Sunday,0
TXN_042221,CUST_01611,6371.07,WALLET,FAILED,CARD_DECLINED,41,7,3,3,CARD,18,Saturday,0
TXN_042226,CUST_09076,2253.98,WALLET,FAILED,OTP_FAILURE,22,2,5,0,WALLET,16,Sunday,0
TXN_042231,CUST_08516,13687.97,WALLET,FAILED,BANK_SERVER_DOWN,21,1,5,3,UPI,18,Friday,0
TXN_042232,CUST_07562,2688.46,WALLET,FAILED,NETWORK_ERROR,32,17,16,1,CARD,6,Friday,0
TXN_042234,CUST_02198,3199.8,WALLET,FAILED,INSUFFICIENT_FUNDS,39,26,20,3,CARD,14,Monday,0
TXN_042246,CUST_03090,14461.44,WALLET,FAILED,LIMIT_EXCEEDED,41,7,25,1,WALLET,21,Monday,0
TXN_042261,CUST_00545,24578.69,NETBANKING,FAILED,CARD_DECLINED,40,7,19,0,UPI,23,Monday,0
TXN_042262,CUST_05603,18416.41,NETBANKING,FAILED,NETWORK_ERROR,51,24,7,0,CARD,7,Thursday,1
TXN_042264,CUST_08924,16676.84,WALLET,FAILED,CARD_DECLINED,58,28,20,9,CARD,15,Monday,0
TXN_042275,CUST_06203,1288.15,CARD,FAILED,NETWORK_ERROR,47,14,1,10,UPI,8,Thursday,1
TXN_042281,CUST_01971,13434.88,WALLET,FAILED,BANK_SERVER_DOWN,51,27,13,0,NETBANKING,1,Tuesday,0
TXN_042285,CUST_03987,18989.47,CARD,FAILED,LIMIT_EXCEEDED,46,8,17,1,NETBANKING,4,Saturday,0
TXN_042297,CUST_05883,17135.88,WALLET,FAILED,BANK_TIMEOUT,38,9,18,1,NETBANKING,20,Tuesday,1
TXN_042303,CUST_00519,17367.54,WALLET,FAILED,OTP_FAILURE,18,26,21,7,CARD,20,Friday,0
TXN_042307,CUST_09340,19229.25,UPI,FAILED,NETWORK_ERROR,44,19,10,8,WALLET,12,Friday,1
TXN_042322,CUST_08929,12185.24,WALLET,FAILED,OTP_FAILURE,34,24,5,1,NETBANKING,12,Thursday,0
TXN_042324,CUST_04577,1803.64,UPI,FAILED,BANK_SERVER_DOWN,55,7,7,0,NETBANKING,8,Tuesday,0
TXN_042325,CUST_07710,604.8,WALLET,FAILED,LIMIT_EXCEEDED,43,13,4,9,CARD,1,Thursday,0
TXN_042329,CUST_09988,21780.07,CARD,FAILED,BANK_SERVER_DOWN,36,20,3,10,NETBANKING,3,Saturday,0
TXN_042331,CUST_05128,14617.4,WALLET,FAILED,INSUFFICIENT_FUNDS,31,16,14,2,CARD,5,Sunday,0
TXN_042334,CUST_09016,13780.66,CARD,FAILED,CARD_DECLINED,30,12,14,8,WALLET,22,Sunday,0
TXN_042337,CUST_07496,17284.61,UPI,FAILED,OTP_FAILURE,50,15,15,10,NETBANKING,11,Monday,0
TXN_042342,CUST_01001,896.52,NETBANKING,FAILED,OTP_FAILURE,18,21,9,6,WALLET,9,Tuesday,0
TXN_042343,CUST_03012,6707.46,CARD,FAILED,CARD_DECLINED,32,25,9,10,CARD,3,Sunday,0
TXN_042359,CUST_02129,620.88,CARD,FAILED,BANK_SERVER_DOWN,51,12,10,6,UPI,17,Sunday,0
TXN_042360,CUST_08638,22762.58,CARD,FAILED,LIMIT_EXCEEDED,19,13,9,3,NETBANKING,19,Monday,0
TXN_042363,CUST_07943,20588.66,UPI,FAILED,LIMIT_EXCEEDED,56,30,3,5,UPI,10,Thursday,0
TXN_042377,CUST_08576,978.23,WALLET,FAILED,BANK_TIMEOUT,43,21,20,4,CARD,22,Tuesday,1
TXN_042379,CUST_05271,17729.94,UPI,FAILED,LIMIT_EXCEEDED,35,22,10,3,CARD,6,Wednesday,0
TXN_042381,CUST_03813,1257.82,UPI,FAILED,BANK_SERVER_DOWN,36,9,19,8,WALLET,18,Thursday,1
TXN_042411,CUST_01427,3638.43,NETBANKING,FAILED,NETWORK_ERROR,56,5,8,6,NETBANKING,9,Friday,0
TXN_042419,CUST_05641,17005.78,CARD,FAILED,INSUFFICIENT_FUNDS,30,25,21,7,WALLET,4,Tuesday,0
TXN_042421,CUST_07169,7588.73,CARD,FAILED,NETWORK_ERROR,23,19,12,2,UPI,12,Tuesday,0
TXN_042422,CUST_05478,14886.58,NETBANKING,FAILED,OTP_FAILURE,39,27,9,10,UPI,6,Tuesday,0
TXN_042426,CUST_00957,1749.3,CARD,FAILED,NETWORK_ERROR,34,24,5,0,UPI,8,Wednesday,0
TXN_042429,CUST_07573,18016.67,WALLET,FAILED,OTP_FAILURE,47,13,1,2,UPI,11,Sunday,0
TXN_042449,CUST_05314,11952.46,CARD,FAILED,LIMIT_EXCEEDED,31,12,3,1,NETBANKING,11,Saturday,0
TXN_042450,CUST_06321,17546.86,UPI,FAILED,LIMIT_EXCEEDED,25,26,17,10,CARD,4,Thursday,0
TXN_042452,CUST_07116,17490.54,NETBANKING,FAILED,CARD_DECLINED,56,26,1,3,WALLET,15,Thursday,0
TXN_042457,CUST_02710,22906.24,WALLET,FAILED,INSUFFICIENT_FUNDS,21,9,15,4,UPI,1,Sunday,0
TXN_042460,CUST_01491,23674.31,NETBANKING,FAILED,OTP_FAILURE,34,26,20,9,UPI,10,Saturday,0
TXN_042465,CUST_03332,11946.51,UPI,FAILED,OTP_FAILURE,38,1,18,4,NETBANKING,14,Saturday,0
TXN_042466,CUST_05551,15043.9,WALLET,FAILED,OTP_FAILURE,31,8,23,10,CARD,0,Saturday,0
TXN_042468,CUST_03339,6065.36,UPI,FAILED,OTP_FAILURE,40,15,22,4,CARD,8,Wednesday,0
TXN_042474,CUST_07606,21345.73,CARD,FAILED,OTP_FAILURE,26,21,3,6,CARD,17,Wednesday,0
TXN_042475,CUST_03000,9674.9,NETBANKING,FAILED,NETWORK_ERROR,37,8,9,7,NETBANKING,22,Wednesday,1
TXN_042480,CUST_07517,3437.93,NETBANKING,FAILED,INSUFFICIENT_FUNDS,60,8,24,7,WALLET,3,Sunday,0
TXN_042483,CUST_05101,20143.86,UPI,FAILED,NETWORK_ERROR,25,11,24,10,UPI,23,Friday,1
TXN_042488,CUST_04806,2479.32,CARD,FAILED,INSUFFICIENT_FUNDS,46,29,16,10,UPI,19,Friday,0
TXN_042495,CUST_01450,9718.97,WALLET,FAILED,BANK_TIMEOUT,19,14,1,7,UPI,20,Tuesday,0
TXN_042499,CUST_05427,5536.6,CARD,FAILED,NETWORK_ERROR,43,28,4,0,UPI,7,Saturday,1
TXN_042511,CUST_07548,4074.08,CARD,FAILED,LIMIT_EXCEEDED,31,9,19,10,NETBANKING,2,Saturday,0
TXN_042514,CUST_00819,9344.91,WALLET,FAILED,BANK_TIMEOUT,45,8,5,0,UPI,1,Wednesday,1
TXN_042521,CUST_07697,14649.87,NETBANKING,FAILED,BANK_SERVER_DOWN,23,26,14,10,WALLET,18,Monday,0
TXN_042528,CUST_09019,12021.37,CARD,FAILED,BANK_SERVER_DOWN,30,8,25,3,UPI,13,Sunday,1
TXN_042530,CUST_03537,14691.51,UPI,FAILED,INSUFFICIENT_FUNDS,57,14,12,10,CARD,5,Friday,0
TXN_042542,CUST_01285,10359.52,UPI,FAILED,OTP_FAILURE,59,12,20,7,CARD,1,Wednesday,0
TXN_042547,CUST_05271,16005.01,UPI,FAILED,OTP_FAILURE,35,22,10,3,CARD,0,Saturday,0
TXN_042551,CUST_01205,18427.85,WALLET,FAILED,NETWORK_ERROR,41,30,2,10,NETBANKING,15,Friday,0
TXN_042566,CUST_08857,14150.39,WALLET,FAILED,INSUFFICIENT_FUNDS,23,6,14,8,NETBANKING,16,Saturday,0
TXN_042574,CUST_03716,18409.83,NETBANKING,FAILED,NETWORK_ERROR,40,3,21,0,NETBANKING,1,Wednesday,1
TXN_042581,CUST_04399,21651.43,UPI,FAILED,LIMIT_EXCEEDED,46,23,9,0,NETBANKING,10,Saturday,0
TXN_042584,CUST_05457,12533.15,UPI,FAILED,OTP_FAILURE,37,10,20,5,NETBANKING,17,Saturday,0
TXN_042587,CUST_03362,16787.51,CARD,FAILED,OTP_FAILURE,54,30,22,8,NETBANKING,14,Sunday,0
TXN_042599,CUST_06334,22780.71,WALLET,FAILED,OTP_FAILURE,45,6,22,1,NETBANKING,18,Wednesday,0
TXN_042601,CUST_02346,24519.59,NETBANKING,FAILED,OTP_FAILURE,19,30,4,4,WALLET,14,Friday,0
TXN_042608,CUST_04337,13728.12,UPI,FAILED,OTP_FAILURE,25,30,15,4,NETBANKING,5,Friday,0
TXN_042612,CUST_04100,8204.1,NETBANKING,FAILED,BANK_TIMEOUT,26,11,1,5,UPI,8,Thursday,1
TXN_042613,CUST_02401,20489.19,CARD,FAILED,BANK_TIMEOUT,27,19,20,7,WALLET,14,Friday,0
TXN_042625,CUST_02567,4254.66,UPI,FAILED,CARD_DECLINED,20,22,16,4,NETBANKING,15,Tuesday,0
TXN_042650,CUST_06294,19018.0,UPI,FAILED,BANK_TIMEOUT,41,19,5,7,NETBANKING,1,Tuesday,0
TXN_042652,CUST_09254,14990.03,CARD,FAILED,NETWORK_ERROR,29,10,24,8,UPI,6,Friday,1
TXN_042664,CUST_07389,9554.85,UPI,FAILED,BANK_TIMEOUT,29,7,10,0,WALLET,1,Tuesday,0
TXN_042669,CUST_05629,5774.18,UPI,FAILED,INSUFFICIENT_FUNDS,50,19,14,10,CARD,7,Thursday,1
TXN_042677,CUST_04725,4142.93,NETBANKING,FAILED,INSUFFICIENT_FUNDS,52,21,14,7,WALLET,6,Saturday,1
TXN_042685,CUST_05168,7582.04,UPI,FAILED,INSUFFICIENT_FUNDS,21,17,11,10,NETBANKING,17,Monday,0
TXN_042688,CUST_01662,10816.31,UPI,FAILED,OTP_FAILURE,31,16,7,2,CARD,13,Monday,0
TXN_042699,CUST_01587,3359.84,UPI,FAILED,NETWORK_ERROR,46,16,25,2,UPI,23,Saturday,1
TXN_042700,CUST_07591,16360.09,NETBANKING,FAILED,LIMIT_EXCEEDED,27,5,10,7,NETBANKING,19,Friday,1
TXN_042724,CUST_03380,18341.95,NETBANKING,FAILED,BANK_SERVER_DOWN,51,19,15,2,UPI,3,Saturday,0
TXN_042725,CUST_00138,17761.6,CARD,FAILED,INSUFFICIENT_FUNDS,29,15,19,10,WALLET,15,Sunday,0
TXN_042731,CUST_01086,10049.21,NETBANKING,FAILED,OTP_FAILURE,60,7,10,2,UPI,19,Sunday,0
TXN_042735,CUST_07937,19510.3,NETBANKING,FAILED,CARD_DECLINED,42,19,5,9,NETBANKING,16,Friday,0
TXN_042744,CUST_07398,23351.28,UPI,FAILED,INSUFFICIENT_FUNDS,20,4,16,10,NETBANKING,7,Saturday,1
TXN_042745,CUST_06202,5849.99,CARD,FAILED,NETWORK_ERROR,52,15,5,6,CARD,5,Thursday,0
TXN_042756,CUST_06018,815.31,UPI,FAILED,LIMIT_EXCEEDED,48,15,17,4,UPI,23,Friday,1
TXN_042759,CUST_03521,3336.63,CARD,FAILED,OTP_FAILURE,44,17,16,4,WALLET,14,Wednesday,0
TXN_042768,CUST_07591,15346.04,CARD,FAILED,INSUFFICIENT_FUNDS,27,5,10,7,NETBANKING,15,Tuesday,0
TXN_042769,CUST_03601,11369.02,WALLET,FAILED,OTP_FAILURE,38,5,16,5,CARD,14,Sunday,0
TXN_042773,CUST_02743,21870.28,NETBANKING,FAILED,BANK_TIMEOUT,39,9,20,0,CARD,15,Tuesday,1
TXN_042798,CUST_09237,9094.68,UPI,FAILED,NETWORK_ERROR,52,27,4,2,CARD,8,Monday,0
TXN_042806,CUST_09878,9530.47,CARD,FAILED,NETWORK_ERROR,56,7,9,7,UPI,6,Thursday,0
TXN_042811,CUST_08333,316.75,CARD,FAILED,LIMIT_EXCEEDED,21,7,19,3,UPI,20,Thursday,1
TXN_042827,CUST_09872,2368.13,WALLET,FAILED,BANK_TIMEOUT,35,25,9,0,UPI,9,Monday,1
TXN_042831,CUST_02622,20111.19,UPI,FAILED,BANK_TIMEOUT,43,5,24,10,NETBANKING,15,Monday,0
TXN_042836,CUST_02710,23738.78,NETBANKING,FAILED,CARD_DECLINED,21,9,15,4,UPI,4,Thursday,0
TXN_042842,CUST_02236,12723.12,UPI,FAILED,LIMIT_EXCEEDED,21,30,10,6,NETBANKING,18,Tuesday,0
TXN_042849,CUST_02928,3739.24,NETBANKING,FAILED,BANK_TIMEOUT,54,24,4,9,WALLET,15,Friday,1
TXN_042856,CUST_08032,23773.78,NETBANKING,FAILED,NETWORK_ERROR,20,25,1,0,WALLET,16,Sunday,1
TXN_042860,CUST_09720,16121.79,NETBANKING,FAILED,CARD_DECLINED,58,4,23,8,NETBANKING,8,Monday,0
TXN_042866,CUST_07732,9565.65,UPI,FAILED,BANK_TIMEOUT,35,6,17,7,UPI,18,Monday,1
TXN_042872,CUST_03413,6796.81,UPI,FAILED,BANK_TIMEOUT,53,2,15,5,UPI,23,Monday,1
TXN_042882,CUST_01348,21882.25,NETBANKING,FAILED,NETWORK_ERROR,25,12,16,7,CARD,12,Wednesday,1
TXN_042885,CUST_09723,6242.18,WALLET,FAILED,LIMIT_EXCEEDED,57,21,7,10,NETBANKING,0,Thursday,0
TXN_042903,CUST_00204,7952.56,CARD,FAILED,INSUFFICIENT_FUNDS,53,2,24,2,WALLET,6,Monday,0
TXN_042906,CUST_06048,14135.43,CARD,FAILED,BANK_TIMEOUT,33,27,24,6,UPI,13,Wednesday,1
TXN_042912,CUST_02754,10066.68,UPI,FAILED,NETWORK_ERROR,26,13,9,2,WALLET,20,Wednesday,0
TXN_042913,CUST_00619,13575.25,UPI,FAILED,BANK_SERVER_DOWN,37,30,11,10,WALLET,17,Saturday,0
TXN_042924,CUST_04672,22759.38,CARD,FAILED,BANK_TIMEOUT,41,7,1,2,CARD,14,Monday,0
TXN_042931,CUST_06179,7002.51,UPI,FAILED,CARD_DECLINED,46,3,19,0,NETBANKING,5,Tuesday,0
TXN_042936,CUST_09628,17603.33,CARD,FAILED,CARD_DECLINED,56,30,23,2,WALLET,1,Tuesday,0
TXN_042945,CUST_05074,20415.14,CARD,FAILED,BANK_TIMEOUT,50,11,17,4,UPI,10,Monday,1
TXN_042949,CUST_03857,18816.19,WALLET,FAILED,NETWORK_ERROR,60,6,3,9,NETBANKING,17,Thursday,0
TXN_042957,CUST_01950,20554.47,WALLET,FAILED,LIMIT_EXCEEDED,47,7,22,6,NETBANKING,23,Sunday,1
TXN_042962,CUST_09064,20834.76,UPI,FAILED,BANK_SERVER_DOWN,49,17,15,8,NETBANKING,14,Tuesday,0
TXN_042963,CUST_07301,13827.59,CARD,FAILED,CARD_DECLINED,22,15,14,9,NETBANKING,22,Tuesday,1
TXN_042969,CUST_01950,17401.35,WALLET,FAILED,BANK_TIMEOUT,47,7,22,6,NETBANKING,1,Saturday,0
TXN_042980,CUST_08065,19988.92,CARD,FAILED,BANK_TIMEOUT,27,7,8,1,CARD,8,Thursday,0
TXN_042981,CUST_09543,19762.32,CARD,FAILED,NETWORK_ERROR,53,16,2,6,WALLET,6,Friday,1
TXN_042982,CUST_01485,2277.3,CARD,FAILED,BANK_TIMEOUT,42,21,24,2,NETBANKING,16,Monday,0
TXN_042985,CUST_00104,7927.16,WALLET,FAILED,CARD_DECLINED,55,27,9,0,WALLET,16,Sunday,0
TXN_042986,CUST_09479,17473.94,WALLET,FAILED,CARD_DECLINED,49,30,9,10,UPI,4,Monday,0
TXN_042987,CUST_04146,11839.7,NETBANKING,FAILED,INSUFFICIENT_FUNDS,54,30,22,2,WALLET,2,Wednesday,1
TXN_042992,CUST_06060,536.94,CARD,FAILED,NETWORK_ERROR,54,9,6,1,NETBANKING,16,Friday,0
TXN_042994,CUST_08921,6513.73,WALLET,FAILED,BANK_SERVER_DOWN,22,20,22,2,CARD,20,Thursday,0
TXN_042995,CUST_09111,3160.37,UPI,FAILED,INSUFFICIENT_FUNDS,57,23,3,7,CARD,22,Friday,0
TXN_043003,CUST_00241,577.12,NETBANKING,FAILED,NETWORK_ERROR,42,18,25,7,UPI,4,Monday,0
TXN_043008,CUST_06194,9625.95,UPI,FAILED,INSUFFICIENT_FUNDS,45,14,24,0,WALLET,14,Monday,0
TXN_043013,CUST_02411,22795.73,UPI,FAILED,CARD_DECLINED,52,6,18,9,CARD,3,Friday,0
TXN_043014,CUST_06372,18982.04,CARD,FAILED,INSUFFICIENT_FUNDS,56,20,11,7,UPI,14,Saturday,0
TXN_043019,CUST_09811,16943.87,WALLET,FAILED,LIMIT_EXCEEDED,32,14,24,2,NETBANKING,23,Saturday,0
TXN_043020,CUST_02594,6457.91,NETBANKING,FAILED,NETWORK_ERROR,22,4,20,8,CARD,16,Saturday,1
TXN_043021,CUST_01319,11594.18,UPI,FAILED,LIMIT_EXCEEDED,49,7,15,0,UPI,19,Friday,1
TXN_043022,CUST_07396,181.51,UPI,FAILED,NETWORK_ERROR,48,9,13,1,NETBANKING,7,Saturday,0
TXN_043036,CUST_02378,10694.47,WALLET,FAILED,BANK_SERVER_DOWN,39,17,19,10,NETBANKING,11,Thursday,0
TXN_043040,CUST_02979,18752.33,CARD,FAILED,BANK_SERVER_DOWN,26,8,21,2,NETBANKING,19,Saturday,0
TXN_043049,CUST_00432,7344.07,NETBANKING,FAILED,INSUFFICIENT_FUNDS,21,28,19,2,UPI,13,Saturday,0
TXN_043054,CUST_06868,7840.02,WALLET,FAILED,LIMIT_EXCEEDED,54,12,15,1,UPI,1,Wednesday,1
TXN_043056,CUST_08086,16401.08,UPI,FAILED,INSUFFICIENT_FUNDS,60,15,5,8,WALLET,12,Thursday,0
TXN_043068,CUST_08992,5994.25,WALLET,FAILED,NETWORK_ERROR,42,20,12,2,WALLET,15,Saturday,1
TXN_043088,CUST_05693,16167.43,CARD,FAILED,CARD_DECLINED,27,18,4,6,WALLET,21,Tuesday,0
TXN_043100,CUST_04303,6521.96,CARD,FAILED,BANK_TIMEOUT,24,23,15,1,WALLET,8,Wednesday,1
TXN_043101,CUST_03626,13511.39,CARD,FAILED,BANK_SERVER_DOWN,41,21,16,6,NETBANKING,20,Friday,0
TXN_043111,CUST_07860,18214.12,UPI,FAILED,BANK_TIMEOUT,22,4,22,8,UPI,9,Wednesday,0
TXN_043116,CUST_05691,19823.71,NETBANKING,FAILED,INSUFFICIENT_FUNDS,35,17,24,3,WALLET,6,Friday,0
TXN_043118,CUST_07108,1526.15,NETBANKING,FAILED,OTP_FAILURE,43,25,4,4,WALLET,18,Wednesday,0
TXN_043127,CUST_03281,22740.68,CARD,FAILED,BANK_SERVER_DOWN,54,8,20,7,UPI,22,Thursday,0
TXN_043134,CUST_07339,6253.9,UPI,FAILED,INSUFFICIENT_FUNDS,60,11,14,8,WALLET,12,Wednesday,1
TXN_043138,CUST_01314,17898.42,NETBANKING,FAILED,NETWORK_ERROR,44,9,10,5,CARD,5,Saturday,0
TXN_043151,CUST_08966,13444.81,UPI,FAILED,LIMIT_EXCEEDED,56,26,5,2,WALLET,22,Tuesday,0
TXN_043156,CUST_02299,2126.71,UPI,FAILED,BANK_SERVER_DOWN,27,26,3,6,UPI,19,Wednesday,1
TXN_043157,CUST_05540,8649.47,WALLET,FAILED,CARD_DECLINED,37,2,8,2,CARD,11,Monday,0
TXN_043160,CUST_09921,14091.49,WALLET,FAILED,BANK_SERVER_DOWN,27,20,21,6,WALLET,1,Thursday,0
TXN_043169,CUST_05902,2481.14,NETBANKING,FAILED,LIMIT_EXCEEDED,32,11,17,2,CARD,8,Sunday,1
TXN_043172,CUST_08594,18766.67,NETBANKING,FAILED,BANK_TIMEOUT,25,15,5,8,UPI,1,Thursday,1
TXN_043180,CUST_01505,2052.3,WALLET,FAILED,CARD_DECLINED,35,4,9,1,NETBANKING,3,Thursday,0
TXN_043182,CUST_00533,11855.67,CARD,FAILED,CARD_DECLINED,32,2,3,2,WALLET,3,Monday,0
TXN_043185,CUST_07039,11887.81,UPI,FAILED,LIMIT_EXCEEDED,29,1,4,5,CARD,0,Friday,0
TXN_043186,CUST_06967,11614.16,CARD,FAILED,INSUFFICIENT_FUNDS,56,23,1,10,WALLET,7,Monday,0
TXN_043192,CUST_09995,11257.72,NETBANKING,FAILED,OTP_FAILURE,39,15,19,6,UPI,7,Saturday,1
TXN_043215,CUST_09616,24118.82,WALLET,FAILED,CARD_DECLINED,38,7,22,3,NETBANKING,3,Wednesday,0
TXN_043216,CUST_09615,23153.73,NETBANKING,FAILED,NETWORK_ERROR,22,24,14,10,UPI,14,Saturday,1
TXN_043217,CUST_01356,3200.78,WALLET,FAILED,NETWORK_ERROR,42,17,1,6,CARD,14,Wednesday,1
TXN_043235,CUST_00890,18661.72,CARD,FAILED,BANK_TIMEOUT,30,21,9,9,UPI,9,Tuesday,0
TXN_043237,CUST_05444,10831.96,UPI,FAILED,CARD_DECLINED,22,18,2,2,NETBANKING,16,Wednesday,0
TXN_043239,CUST_07071,15872.37,NETBANKING,FAILED,BANK_SERVER_DOWN,53,3,2,3,CARD,9,Tuesday,0
TXN_043241,CUST_06685,8356.3,NETBANKING,FAILED,BANK_TIMEOUT,44,19,17,0,WALLET,14,Saturday,0
TXN_043268,CUST_07125,23840.76,CARD,FAILED,LIMIT_EXCEEDED,53,21,25,8,CARD,0,Monday,1
TXN_043279,CUST_01383,23961.46,NETBANKING,FAILED,INSUFFICIENT_FUNDS,58,25,3,4,WALLET,1,Sunday,0
TXN_043281,CUST_02619,12388.15,CARD,FAILED,INSUFFICIENT_FUNDS,37,14,1,3,WALLET,18,Wednesday,0
TXN_043284,CUST_00532,5317.15,WALLET,FAILED,OTP_FAILURE,32,7,7,0,UPI,13,Saturday,0
TXN_043285,CUST_02805,18582.13,WALLET,FAILED,NETWORK_ERROR,54,14,8,9,CARD,22,Tuesday,0
TXN_043286,CUST_00042,16085.09,CARD,FAILED,OTP_FAILURE,20,21,17,3,UPI,4,Sunday,0
TXN_043291,CUST_09521,2036.2,NETBANKING,FAILED,INSUFFICIENT_FUNDS,37,11,8,5,WALLET,13,Saturday,0
TXN_043292,CUST_04672,936.32,UPI,FAILED,BANK_SERVER_DOWN,41,7,1,2,CARD,1,Saturday,0
TXN_043298,CUST_02746,7828.49,WALLET,FAILED,INSUFFICIENT_FUNDS,35,5,7,3,UPI,21,Monday,0
TXN_043300,CUST_00641,9027.68,NETBANKING,FAILED,INSUFFICIENT_FUNDS,47,13,10,8,CARD,7,Sunday,0
TXN_043307,CUST_07920,13862.11,CARD,FAILED,OTP_FAILURE,31,21,23,9,NETBANKING,0,Friday,0
TXN_043310,CUST_04231,13852.79,WALLET,FAILED,OTP_FAILURE,26,29,1,3,NETBANKING,12,Thursday,0
TXN_043312,CUST_06621,17977.26,UPI,FAILED,BANK_TIMEOUT,39,19,13,4,UPI,18,Sunday,1
TXN_043315,CUST_02427,14414.8,CARD,FAILED,NETWORK_ERROR,35,11,24,5,WALLET,12,Monday,1
TXN_043319,CUST_00599,11871.3,UPI,FAILED,INSUFFICIENT_FUNDS,31,25,10,10,CARD,19,Friday,1
TXN_043331,CUST_01504,15788.1,UPI,FAILED,BANK_TIMEOUT,53,6,16,6,UPI,5,Thursday,1
TXN_043341,CUST_04838,10078.92,WALLET,FAILED,BANK_TIMEOUT,19,22,18,6,CARD,11,Tuesday,1
TXN_043347,CUST_02201,7590.28,CARD,FAILED,BANK_SERVER_DOWN,39,5,20,2,CARD,2,Monday,1
TXN_043353,CUST_08886,11010.9,CARD,FAILED,CARD_DECLINED,44,12,25,3,UPI,0,Thursday,0
TXN_043354,CUST_06649,24531.42,NETBANKING,FAILED,BANK_TIMEOUT,30,4,20,0,WALLET,6,Thursday,0
TXN_043359,CUST_09153,3559.23,NETBANKING,FAILED,OTP_FAILURE,60,22,10,8,UPI,20,Sunday,1
TXN_043362,CUST_06615,8451.8,NETBANKING,FAILED,BANK_SERVER_DOWN,33,13,4,0,UPI,6,Wednesday,0
TXN_043372,CUST_03958,16125.03,CARD,FAILED,BANK_SERVER_DOWN,55,18,12,9,UPI,13,Wednesday,0
TXN_043374,CUST_05313,7756.79,UPI,FAILED,OTP_FAILURE,22,2,17,5,UPI,16,Sunday,0
TXN_043382,CUST_07383,15998.56,UPI,FAILED,NETWORK_ERROR,23,21,8,9,WALLET,16,Sunday,1
TXN_043387,CUST_01995,3470.4,WALLET,FAILED,BANK_TIMEOUT,33,16,24,4,NETBANKING,21,Wednesday,1
TXN_043391,CUST_09121,20117.73,UPI,FAILED,INSUFFICIENT_FUNDS,22,15,10,6,CARD,3,Thursday,0
TXN_043403,CUST_07747,4345.54,NETBANKING,FAILED,BANK_TIMEOUT,28,27,17,1,WALLET,20,Tuesday,0
TXN_043404,CUST_07372,2168.5,NETBANKING,FAILED,OTP_FAILURE,37,13,18,2,CARD,3,Thursday,0
TXN_043405,CUST_01157,23592.84,WALLET,FAILED,CARD_DECLINED,26,25,9,3,UPI,8,Monday,0
TXN_043410,CUST_09993,23338.17,CARD,FAILED,BANK_TIMEOUT,59,17,3,10,WALLET,18,Monday,0
TXN_043413,CUST_06814,16897.0,WALLET,FAILED,BANK_TIMEOUT,28,27,17,2,NETBANKING,20,Saturday,1
TXN_043417,CUST_02243,17210.15,WALLET,FAILED,CARD_DECLINED,54,26,14,9,UPI,17,Friday,0
TXN_043425,CUST_03163,11469.1,CARD,FAILED,OTP_FAILURE,24,12,4,8,UPI,5,Wednesday,0
TXN_043434,CUST_07432,4915.89,CARD,FAILED,OTP_FAILURE,49,17,9,2,NETBANKING,8,Monday,0
TXN_043446,CUST_08596,10819.98,NETBANKING,FAILED,CARD_DECLINED,35,24,1,2,CARD,7,Tuesday,0
TXN_043452,CUST_06803,4672.83,CARD,FAILED,NETWORK_ERROR,54,30,11,2,UPI,1,Thursday,1
TXN_043457,CUST_06591,3361.53,CARD,FAILED,BANK_TIMEOUT,32,16,22,0,WALLET,4,Wednesday,0
TXN_043491,CUST_04619,18165.1,UPI,FAILED,OTP_FAILURE,60,4,20,6,NETBANKING,4,Monday,0
TXN_043500,CUST_05804,10925.85,WALLET,FAILED,CARD_DECLINED,24,27,5,7,UPI,6,Friday,0
TXN_043501,CUST_04780,22491.28,CARD,FAILED,INSUFFICIENT_FUNDS,54,29,4,8,NETBANKING,21,Monday,0
TXN_043508,CUST_04055,3729.06,NETBANKING,FAILED,OTP_FAILURE,53,29,3,0,WALLET,7,Thursday,0
TXN_043512,CUST_05898,16095.83,NETBANKING,FAILED,LIMIT_EXCEEDED,29,10,1,3,UPI,19,Tuesday,0
TXN_043519,CUST_05747,10569.27,WALLET,FAILED,NETWORK_ERROR,54,20,15,6,CARD,19,Wednesday,0
TXN_043531,CUST_01290,8759.12,UPI,FAILED,CARD_DECLINED,42,2,3,5,NETBANKING,17,Monday,0
TXN_043533,CUST_05773,515.22,CARD,FAILED,BANK_TIMEOUT,21,3,4,0,UPI,1,Tuesday,0
TXN_043534,CUST_09656,23493.48,NETBANKING,FAILED,BANK_SERVER_DOWN,57,27,1,10,NETBANKING,7,Monday,1
TXN_043535,CUST_05326,5829.67,WALLET,FAILED,NETWORK_ERROR,44,5,1,2,CARD,6,Tuesday,1
TXN_043539,CUST_01716,24886.35,CARD,FAILED,BANK_SERVER_DOWN,55,12,14,1,NETBANKING,20,Monday,1
TXN_043553,CUST_02059,14629.17,WALLET,FAILED,LIMIT_EXCEEDED,44,13,25,10,CARD,17,Tuesday,0
TXN_043558,CUST_03209,17591.53,UPI,FAILED,INSUFFICIENT_FUNDS,24,9,19,6,NETBANKING,10,Wednesday,0
TXN_043571,CUST_05619,6244.09,WALLET,FAILED,BANK_SERVER_DOWN,54,21,19,7,NETBANKING,14,Thursday,0
TXN_043576,CUST_09421,13944.45,WALLET,FAILED,NETWORK_ERROR,32,11,6,10,NETBANKING,8,Saturday,0
TXN_043578,CUST_08545,3515.31,CARD,FAILED,BANK_TIMEOUT,21,7,16,10,CARD,12,Sunday,1
TXN_043582,CUST_09915,12858.4,NETBANKING,FAILED,BANK_TIMEOUT,50,1,12,10,CARD,22,Monday,1
TXN_043583,CUST_00280,18056.7,UPI,FAILED,INSUFFICIENT_FUNDS,48,17,2,3,WALLET,8,Sunday,0
TXN_043590,CUST_07355,22196.72,NETBANKING,FAILED,LIMIT_EXCEEDED,51,17,13,6,NETBANKING,1,Thursday,0
TXN_043594,CUST_03095,21757.28,WALLET,FAILED,INSUFFICIENT_FUNDS,48,25,17,3,CARD,19,Thursday,0
TXN_043610,CUST_02458,2055.22,UPI,FAILED,CARD_DECLINED,45,16,5,8,CARD,15,Monday,1
TXN_043620,CUST_04336,22691.78,WALLET,FAILED,NETWORK_ERROR,42,15,24,2,WALLET,0,Friday,1
TXN_043623,CUST_04885,12829.89,CARD,FAILED,OTP_FAILURE,18,28,2,3,CARD,0,Friday,0
TXN_043626,CUST_08494,24332.44,CARD,FAILED,LIMIT_EXCEEDED,28,16,15,10,NETBANKING,10,Friday,1
TXN_043627,CUST_00769,8840.42,WALLET,FAILED,OTP_FAILURE,23,1,11,2,CARD,11,Saturday,0
TXN_043643,CUST_07942,12835.26,CARD,FAILED,CARD_DECLINED,59,28,1,2,WALLET,5,Saturday,0
TXN_043646,CUST_02230,10857.17,WALLET,FAILED,CARD_DECLINED,46,14,9,10,UPI,19,Friday,0
TXN_043655,CUST_08278,9006.32,NETBANKING,FAILED,BANK_TIMEOUT,18,2,20,7,UPI,3,Tuesday,1
TXN_043660,CUST_07026,11135.7,WALLET,FAILED,INSUFFICIENT_FUNDS,53,9,4,7,NETBANKING,9,Thursday,0
TXN_043661,CUST_00517,2197.8,WALLET,FAILED,OTP_FAILURE,35,4,1,10,UPI,12,Thursday,0
TXN_043672,CUST_02187,1256.16,CARD,FAILED,CARD_DECLINED,48,9,9,2,NETBANKING,23,Thursday,0
TXN_043673,CUST_02377,1193.63,WALLET,FAILED,OTP_FAILURE,47,17,9,4,NETBANKING,14,Monday,0
TXN_043683,CUST_09460,15077.89,CARD,FAILED,BANK_SERVER_DOWN,25,21,21,5,WALLET,15,Wednesday,0
TXN_043693,CUST_02830,21723.63,NETBANKING,FAILED,INSUFFICIENT_FUNDS,21,22,21,0,CARD,10,Wednesday,0
TXN_043699,CUST_03799,21898.75,NETBANKING,FAILED,INSUFFICIENT_FUNDS,27,18,17,0,CARD,13,Saturday,0
TXN_043706,CUST_02718,8270.49,CARD,FAILED,OTP_FAILURE,20,24,12,6,CARD,19,Sunday,1
TXN_043707,CUST_07132,16548.82,CARD,FAILED,CARD_DECLINED,32,11,9,7,WALLET,7,Wednesday,0
TXN_043712,CUST_04081,24534.27,NETBANKING,FAILED,LIMIT_EXCEEDED,47,4,13,2,WALLET,14,Sunday,0
TXN_043716,CUST_08299,8357.98,NETBANKING,FAILED,INSUFFICIENT_FUNDS,24,11,10,9,CARD,10,Wednesday,0
TXN_043718,CUST_00092,19649.93,NETBANKING,FAILED,LIMIT_EXCEEDED,45,22,5,5,NETBANKING,6,Thursday,0
TXN_043722,CUST_09727,3189.86,UPI,FAILED,OTP_FAILURE,18,20,21,7,CARD,10,Thursday,1
TXN_043730,CUST_05964,18366.72,WALLET,FAILED,BANK_TIMEOUT,44,9,12,7,NETBANKING,12,Saturday,1
TXN_043732,CUST_02659,24326.54,WALLET,FAILED,BANK_SERVER_DOWN,58,6,6,10,NETBANKING,12,Wednesday,0
TXN_043735,CUST_07258,20186.39,NETBANKING,FAILED,INSUFFICIENT_FUNDS,38,1,12,10,NETBANKING,21,Thursday,0
TXN_043745,CUST_03007,10875.04,CARD,FAILED,OTP_FAILURE,22,18,8,5,WALLET,22,Thursday,0
TXN_043750,CUST_05699,14903.62,WALLET,FAILED,LIMIT_EXCEEDED,19,28,20,1,NETBANKING,7,Monday,0
TXN_043755,CUST_06775,13090.35,WALLET,FAILED,BANK_SERVER_DOWN,42,12,2,5,WALLET,7,Wednesday,0
TXN_043757,CUST_05742,22893.25,NETBANKING,FAILED,INSUFFICIENT_FUNDS,25,26,20,0,WALLET,11,Monday,1
TXN_043759,CUST_06864,2629.85,NETBANKING,FAILED,BANK_TIMEOUT,24,7,9,9,CARD,3,Thursday,1
TXN_043761,CUST_05684,11083.14,WALLET,FAILED,LIMIT_EXCEEDED,35,16,8,9,CARD,10,Thursday,0
TXN_043762,CUST_00660,420.6,NETBANKING,FAILED,NETWORK_ERROR,45,15,14,1,WALLET,7,Sunday,0
TXN_043763,CUST_07496,17807.24,WALLET,FAILED,BANK_SERVER_DOWN,50,15,15,10,NETBANKING,8,Saturday,1
TXN_043774,CUST_05644,7264.07,UPI,FAILED,CARD_DECLINED,56,29,11,6,UPI,7,Monday,1
TXN_043776,CUST_09715,12127.94,UPI,FAILED,BANK_TIMEOUT,27,17,24,10,CARD,0,Thursday,1
TXN_043778,CUST_07277,4243.61,CARD,FAILED,LIMIT_EXCEEDED,45,23,16,6,NETBANKING,5,Wednesday,1
TXN_043783,CUST_09599,2890.78,UPI,FAILED,OTP_FAILURE,60,3,8,5,UPI,22,Wednesday,0
TXN_043786,CUST_04039,11204.06,UPI,FAILED,CARD_DECLINED,55,2,5,0,CARD,2,Thursday,0
TXN_043804,CUST_05427,10069.09,UPI,FAILED,NETWORK_ERROR,43,28,4,0,UPI,15,Saturday,1
TXN_043805,CUST_07461,11403.32,UPI,FAILED,LIMIT_EXCEEDED,53,17,20,0,CARD,7,Friday,0
TXN_043809,CUST_04363,12174.57,WALLET,FAILED,LIMIT_EXCEEDED,21,20,20,5,NETBANKING,5,Wednesday,0
TXN_043815,CUST_02202,1236.64,NETBANKING,FAILED,INSUFFICIENT_FUNDS,45,10,11,2,UPI,22,Tuesday,0
TXN_043823,CUST_00137,18537.42,UPI,FAILED,BANK_TIMEOUT,28,16,11,3,CARD,10,Monday,1
TXN_043830,CUST_02670,2540.27,NETBANKING,FAILED,OTP_FAILURE,36,23,6,10,CARD,14,Thursday,0
TXN_043836,CUST_00074,760.8,CARD,FAILED,OTP_FAILURE,21,12,15,3,WALLET,12,Wednesday,0
TXN_043841,CUST_02796,19549.64,CARD,FAILED,BANK_TIMEOUT,19,5,5,4,UPI,4,Sunday,0
TXN_043868,CUST_06904,1117.37,NETBANKING,FAILED,BANK_TIMEOUT,35,20,5,10,WALLET,2,Monday,0
TXN_043871,CUST_07516,6273.53,NETBANKING,FAILED,NETWORK_ERROR,18,6,25,9,CARD,18,Thursday,0
TXN_043875,CUST_04446,23286.39,NETBANKING,FAILED,OTP_FAILURE,52,11,2,5,UPI,20,Wednesday,0
TXN_043876,CUST_01296,18526.77,UPI,FAILED,BANK_TIMEOUT,46,4,25,10,UPI,12,Friday,1
TXN_043877,CUST_02647,3110.24,WALLET,FAILED,NETWORK_ERROR,26,13,5,6,UPI,21,Sunday,1
TXN_043878,CUST_05500,21841.8,NETBANKING,FAILED,OTP_FAILURE,51,27,24,6,WALLET,0,Friday,0
TXN_043886,CUST_04610,24633.57,UPI,FAILED,OTP_FAILURE,55,30,16,7,CARD,7,Monday,0
TXN_043896,CUST_06386,9206.46,WALLET,FAILED,CARD_DECLINED,56,11,8,8,WALLET,3,Wednesday,0
TXN_043909,CUST_08270,12799.52,NETBANKING,FAILED,INSUFFICIENT_FUNDS,38,1,10,6,CARD,13,Sunday,0
TXN_043912,CUST_07262,12859.98,CARD,FAILED,OTP_FAILURE,38,11,12,5,WALLET,16,Thursday,0
TXN_043913,CUST_08463,13320.81,NETBANKING,FAILED,LIMIT_EXCEEDED,49,22,1,8,CARD,12,Friday,0
TXN_043917,CUST_05543,17913.43,UPI,FAILED,NETWORK_ERROR,54,5,19,6,CARD,1,Tuesday,1
TXN_043928,CUST_06832,447.77,CARD,FAILED,BANK_TIMEOUT,44,23,4,6,UPI,2,Thursday,1
TXN_043937,CUST_03734,3700.66,UPI,FAILED,OTP_FAILURE,52,16,25,0,CARD,8,Monday,0
TXN_043940,CUST_00844,12881.41,NETBANKING,FAILED,OTP_FAILURE,27,10,6,8,CARD,8,Thursday,0
TXN_043945,CUST_07811,24440.75,WALLET,FAILED,INSUFFICIENT_FUNDS,39,15,6,7,UPI,17,Monday,0
TXN_043948,CUST_01390,12122.95,WALLET,FAILED,LIMIT_EXCEEDED,56,11,3,4,UPI,10,Tuesday,0
TXN_043958,CUST_07891,11216.55,NETBANKING,FAILED,INSUFFICIENT_FUNDS,28,17,8,9,WALLET,4,Sunday,0
TXN_043967,CUST_03538,276.37,UPI,FAILED,INSUFFICIENT_FUNDS,55,23,17,5,UPI,1,Monday,0
TXN_043976,CUST_04843,24616.37,WALLET,FAILED,OTP_FAILURE,28,8,1,5,NETBANKING,12,Wednesday,0
TXN_043984,CUST_01593,20011.55,UPI,FAILED,LIMIT_EXCEEDED,50,17,15,7,CARD,16,Saturday,0
TXN_044014,CUST_00123,11010.45,CARD,FAILED,INSUFFICIENT_FUNDS,24,15,21,3,CARD,19,Saturday,0
TXN_044016,CUST_06412,3013.55,NETBANKING,FAILED,LIMIT_EXCEEDED,28,27,15,0,UPI,11,Thursday,0
TXN_044025,CUST_05089,3589.15,NETBANKING,FAILED,CARD_DECLINED,33,13,22,3,CARD,0,Sunday,1
TXN_044027,CUST_00170,13330.27,NETBANKING,FAILED,LIMIT_EXCEEDED,43,18,5,2,WALLET,7,Saturday,0
TXN_044037,CUST_08612,18503.86,CARD,FAILED,OTP_FAILURE,42,12,13,2,UPI,21,Saturday,0
TXN_044041,CUST_08771,13136.28,NETBANKING,FAILED,NETWORK_ERROR,19,20,6,6,CARD,18,Tuesday,0
TXN_044042,CUST_04397,5994.66,WALLET,FAILED,BANK_TIMEOUT,31,28,12,5,CARD,18,Saturday,1
TXN_044052,CUST_02124,18072.5,CARD,FAILED,BANK_SERVER_DOWN,18,25,13,3,NETBANKING,4,Tuesday,0
TXN_044060,CUST_02284,10232.09,UPI,FAILED,BANK_TIMEOUT,51,23,25,5,WALLET,9,Thursday,1
TXN_044067,CUST_00450,1430.25,WALLET,FAILED,BANK_TIMEOUT,51,23,5,7,UPI,2,Monday,1
TXN_044071,CUST_07301,5255.43,CARD,FAILED,BANK_TIMEOUT,22,15,14,9,NETBANKING,10,Saturday,0
TXN_044079,CUST_02814,24737.6,WALLET,FAILED,BANK_SERVER_DOWN,27,15,1,6,CARD,17,Monday,0
TXN_044093,CUST_08924,4382.46,NETBANKING,FAILED,OTP_FAILURE,58,28,20,9,CARD,5,Sunday,0
TXN_044098,CUST_03720,4621.77,WALLET,FAILED,BANK_TIMEOUT,18,13,22,3,WALLET,20,Thursday,1
TXN_044099,CUST_08530,8050.35,CARD,FAILED,LIMIT_EXCEEDED,58,30,14,6,CARD,12,Monday,0
TXN_044101,CUST_05093,3281.07,UPI,FAILED,OTP_FAILURE,26,2,19,0,WALLET,11,Saturday,0
TXN_044105,CUST_05501,3288.87,UPI,FAILED,CARD_DECLINED,44,7,20,5,WALLET,5,Friday,0
TXN_044106,CUST_06192,4890.22,WALLET,FAILED,BANK_TIMEOUT,48,30,23,4,NETBANKING,12,Friday,1
TXN_044107,CUST_09218,22270.24,NETBANKING,FAILED,BANK_SERVER_DOWN,25,20,5,5,WALLET,1,Sunday,0
TXN_044116,CUST_07424,5424.25,NETBANKING,FAILED,INSUFFICIENT_FUNDS,33,6,9,0,CARD,16,Sunday,0
TXN_044117,CUST_00582,14902.66,NETBANKING,FAILED,LIMIT_EXCEEDED,21,9,1,4,NETBANKING,3,Tuesday,0
TXN_044131,CUST_09050,20811.28,WALLET,FAILED,NETWORK_ERROR,49,10,14,5,UPI,13,Saturday,0
TXN_044137,CUST_03443,20893.93,UPI,FAILED,NETWORK_ERROR,56,17,4,0,NETBANKING,10,Monday,1
TXN_044143,CUST_02781,9091.66,UPI,FAILED,BANK_TIMEOUT,54,10,15,8,NETBANKING,12,Thursday,0
TXN_044156,CUST_05351,1654.6,UPI,FAILED,INSUFFICIENT_FUNDS,38,5,19,4,UPI,22,Monday,0
TXN_044162,CUST_07010,8310.99,UPI,FAILED,NETWORK_ERROR,22,9,11,5,NETBANKING,14,Monday,1
TXN_044164,CUST_04652,12627.45,CARD,FAILED,CARD_DECLINED,49,25,23,5,CARD,5,Tuesday,0
TXN_044165,CUST_00039,24681.11,UPI,FAILED,NETWORK_ERROR,22,23,9,0,WALLET,12,Thursday,0
TXN_044178,CUST_01847,12104.04,NETBANKING,FAILED,CARD_DECLINED,60,26,25,5,NETBANKING,8,Sunday,1
TXN_044183,CUST_01833,6666.09,NETBANKING,FAILED,LIMIT_EXCEEDED,42,16,8,2,WALLET,11,Wednesday,0
TXN_044184,CUST_05537,1345.29,CARD,FAILED,BANK_SERVER_DOWN,42,9,12,3,NETBANKING,13,Wednesday,1
TXN_044189,CUST_04011,14409.02,WALLET,FAILED,OTP_FAILURE,43,28,13,4,UPI,3,Tuesday,0
TXN_044202,CUST_01557,6083.54,WALLET,FAILED,BANK_TIMEOUT,48,2,7,10,UPI,11,Wednesday,1
TXN_044205,CUST_09524,14390.71,WALLET,FAILED,CARD_DECLINED,51,24,4,2,UPI,18,Saturday,0
TXN_044211,CUST_09533,4112.03,UPI,FAILED,LIMIT_EXCEEDED,49,18,10,8,WALLET,18,Saturday,0
TXN_044212,CUST_03208,10422.83,CARD,FAILED,INSUFFICIENT_FUNDS,38,11,15,5,UPI,9,Thursday,0
TXN_044232,CUST_02955,5930.16,NETBANKING,FAILED,BANK_TIMEOUT,26,10,6,3,UPI,19,Wednesday,0
TXN_044236,CUST_01045,1264.77,UPI,FAILED,BANK_TIMEOUT,37,20,17,7,CARD,22,Wednesday,1
TXN_044243,CUST_01316,8931.93,NETBANKING,FAILED,INSUFFICIENT_FUNDS,46,30,20,10,WALLET,13,Sunday,1
TXN_044246,CUST_04209,14426.64,WALLET,FAILED,INSUFFICIENT_FUNDS,38,2,10,9,CARD,14,Sunday,0
TXN_044250,CUST_03961,22364.77,UPI,FAILED,BANK_SERVER_DOWN,20,11,21,1,UPI,14,Monday,0
TXN_044259,CUST_05117,3442.03,CARD,FAILED,INSUFFICIENT_FUNDS,43,16,23,0,WALLET,4,Thursday,1
TXN_044269,CUST_03909,8902.11,UPI,FAILED,OTP_FAILURE,38,30,20,6,NETBANKING,23,Wednesday,1
TXN_044272,CUST_08028,21696.12,CARD,FAILED,NETWORK_ERROR,45,30,9,7,NETBANKING,15,Saturday,1
TXN_044285,CUST_04182,18188.48,WALLET,FAILED,CARD_DECLINED,32,13,8,1,UPI,14,Tuesday,0
TXN_044296,CUST_03600,16767.85,UPI,FAILED,BANK_TIMEOUT,49,11,4,8,WALLET,17,Thursday,1
TXN_044299,CUST_07778,10556.05,UPI,FAILED,NETWORK_ERROR,27,28,5,10,NETBANKING,15,Saturday,1
TXN_044305,CUST_05815,12878.37,NETBANKING,FAILED,CARD_DECLINED,51,1,13,6,WALLET,10,Wednesday,0
TXN_044309,CUST_03365,19108.98,NETBANKING,FAILED,CARD_DECLINED,27,9,8,10,NETBANKING,23,Wednesday,0
TXN_044329,CUST_01733,9628.76,CARD,FAILED,CARD_DECLINED,20,30,6,7,WALLET,18,Tuesday,0
TXN_044338,CUST_05225,18599.53,WALLET,FAILED,NETWORK_ERROR,60,10,12,2,UPI,13,Sunday,1
TXN_044354,CUST_05071,23347.99,WALLET,FAILED,NETWORK_ERROR,51,18,22,5,NETBANKING,12,Tuesday,1
TXN_044357,CUST_06302,5605.84,NETBANKING,FAILED,INSUFFICIENT_FUNDS,18,2,14,6,CARD,5,Monday,0
TXN_044362,CUST_05756,16116.4,CARD,FAILED,INSUFFICIENT_FUNDS,48,1,12,0,WALLET,17,Wednesday,0
TXN_044367,CUST_07325,19796.71,CARD,FAILED,CARD_DECLINED,22,13,8,5,WALLET,6,Wednesday,0
TXN_044368,CUST_07204,2757.0,CARD,FAILED,NETWORK_ERROR,32,21,2,7,NETBANKING,19,Sunday,1
TXN_044369,CUST_09761,8473.95,UPI,FAILED,BANK_TIMEOUT,21,17,7,0,CARD,1,Sunday,0
TXN_044381,CUST_07853,5216.32,NETBANKING,FAILED,LIMIT_EXCEEDED,33,21,22,2,WALLET,5,Tuesday,1
TXN_044392,CUST_08547,12469.32,UPI,FAILED,BANK_TIMEOUT,52,12,12,9,NETBANKING,14,Friday,0
TXN_044394,CUST_06462,2154.66,UPI,FAILED,LIMIT_EXCEEDED,33,25,14,5,WALLET,12,Sunday,0
TXN_044401,CUST_00436,17123.15,CARD,FAILED,NETWORK_ERROR,20,1,24,9,CARD,0,Sunday,0
TXN_044410,CUST_00912,7809.97,WALLET,FAILED,OTP_FAILURE,49,9,7,0,CARD,15,Sunday,0
TXN_044411,CUST_06434,12797.54,CARD,FAILED,BANK_TIMEOUT,45,27,11,10,UPI,7,Wednesday,0
TXN_044415,CUST_02401,11086.58,CARD,FAILED,CARD_DECLINED,27,19,20,7,WALLET,16,Monday,0
TXN_044416,CUST_03899,9149.79,UPI,FAILED,LIMIT_EXCEEDED,52,18,18,6,NETBANKING,21,Friday,0
TXN_044426,CUST_01392,12453.77,CARD,FAILED,INSUFFICIENT_FUNDS,22,26,21,9,NETBANKING,4,Monday,0
TXN_044429,CUST_08132,15877.44,WALLET,FAILED,BANK_TIMEOUT,44,13,1,5,CARD,10,Sunday,1
TXN_044440,CUST_08300,9135.92,WALLET,FAILED,BANK_TIMEOUT,33,15,16,4,NETBANKING,10,Wednesday,1
TXN_044449,CUST_01428,8840.17,WALLET,FAILED,CARD_DECLINED,52,30,2,2,WALLET,14,Wednesday,0
TXN_044454,CUST_02600,21975.45,WALLET,FAILED,OTP_FAILURE,27,4,18,8,NETBANKING,19,Saturday,0
TXN_044456,CUST_08856,13907.09,CARD,FAILED,LIMIT_EXCEEDED,39,2,3,0,UPI,4,Friday,0
TXN_044471,CUST_01831,20688.14,WALLET,FAILED,BANK_SERVER_DOWN,32,11,11,3,CARD,2,Thursday,0
TXN_044473,CUST_02070,10002.94,UPI,FAILED,CARD_DECLINED,43,16,3,10,CARD,5,Sunday,0
TXN_044477,CUST_09750,21105.19,UPI,FAILED,OTP_FAILURE,47,18,10,2,CARD,1,Thursday,0
TXN_044478,CUST_08602,10458.69,UPI,FAILED,OTP_FAILURE,41,24,2,2,CARD,21,Sunday,0
TXN_044479,CUST_00225,5808.77,CARD,FAILED,BANK_TIMEOUT,31,14,15,6,CARD,21,Monday,1
TXN_044493,CUST_00635,806.97,UPI,FAILED,LIMIT_EXCEEDED,30,11,6,9,WALLET,13,Friday,0
TXN_044494,CUST_07361,5763.88,CARD,FAILED,LIMIT_EXCEEDED,48,25,25,6,WALLET,6,Saturday,0
TXN_044495,CUST_08419,16114.82,WALLET,FAILED,BANK_TIMEOUT,52,22,22,4,NETBANKING,15,Saturday,1
TXN_044497,CUST_09786,20561.39,WALLET,FAILED,BANK_SERVER_DOWN,47,11,7,9,NETBANKING,18,Wednesday,0
TXN_044498,CUST_05992,21773.12,UPI,FAILED,OTP_FAILURE,46,22,8,8,WALLET,14,Wednesday,0
TXN_044511,CUST_02309,11540.45,UPI,FAILED,BANK_SERVER_DOWN,57,20,5,9,WALLET,3,Wednesday,0
TXN_044514,CUST_01226,19245.78,UPI,FAILED,CARD_DECLINED,33,17,18,2,NETBANKING,11,Tuesday,0
TXN_044515,CUST_06616,19513.83,WALLET,FAILED,BANK_TIMEOUT,59,4,11,2,UPI,22,Saturday,1
TXN_044519,CUST_07533,17533.21,UPI,FAILED,INSUFFICIENT_FUNDS,54,17,23,8,WALLET,6,Thursday,0
TXN_044520,CUST_08688,23907.46,WALLET,FAILED,CARD_DECLINED,52,19,22,3,UPI,21,Sunday,0
TXN_044524,CUST_01370,12297.41,WALLET,FAILED,NETWORK_ERROR,23,15,15,4,NETBANKING,18,Tuesday,1
TXN_044543,CUST_06434,9855.1,WALLET,FAILED,BANK_TIMEOUT,45,27,11,10,UPI,17,Wednesday,0
TXN_044547,CUST_09321,20679.63,WALLET,FAILED,INSUFFICIENT_FUNDS,38,14,18,4,UPI,5,Tuesday,0
TXN_044551,CUST_04855,4390.48,CARD,FAILED,BANK_TIMEOUT,38,27,2,10,CARD,23,Wednesday,1
TXN_044559,CUST_00046,11302.69,UPI,FAILED,BANK_TIMEOUT,39,3,19,3,WALLET,1,Saturday,1
TXN_044561,CUST_05419,3012.72,WALLET,FAILED,CARD_DECLINED,50,22,1,1,CARD,14,Thursday,1
TXN_044563,CUST_03329,24483.77,CARD,FAILED,BANK_TIMEOUT,30,25,9,1,NETBANKING,17,Tuesday,0
TXN_044566,CUST_02381,5220.26,UPI,FAILED,NETWORK_ERROR,59,15,6,10,WALLET,22,Sunday,0
TXN_044570,CUST_08660,9848.5,NETBANKING,FAILED,BANK_TIMEOUT,36,26,13,3,UPI,11,Tuesday,0
TXN_044575,CUST_09200,24796.22,NETBANKING,FAILED,NETWORK_ERROR,25,14,8,10,CARD,0,Saturday,0
TXN_044589,CUST_02682,20916.25,CARD,FAILED,OTP_FAILURE,19,13,23,9,UPI,15,Thursday,0
TXN_044593,CUST_08986,21887.46,NETBANKING,FAILED,CARD_DECLINED,33,13,24,7,CARD,1,Thursday,0
TXN_044594,CUST_04159,9596.94,WALLET,FAILED,OTP_FAILURE,51,5,10,4,UPI,23,Wednesday,0
TXN_044600,CUST_05040,10875.28,NETBANKING,FAILED,CARD_DECLINED,57,20,16,9,UPI,20,Monday,1
TXN_044606,CUST_03780,21878.4,NETBANKING,FAILED,NETWORK_ERROR,28,7,15,3,CARD,23,Tuesday,1
TXN_044607,CUST_06142,552.24,NETBANKING,FAILED,NETWORK_ERROR,55,13,1,3,NETBANKING,19,Tuesday,1
TXN_044625,CUST_09398,16587.95,NETBANKING,FAILED,OTP_FAILURE,51,6,20,10,NETBANKING,17,Tuesday,1
TXN_044631,CUST_06661,20025.71,CARD,FAILED,BANK_SERVER_DOWN,22,15,1,2,WALLET,0,Thursday,0
TXN_044641,CUST_00360,24333.54,UPI,FAILED,INSUFFICIENT_FUNDS,21,5,13,0,UPI,3,Tuesday,1
TXN_044642,CUST_01461,24724.87,UPI,FAILED,BANK_TIMEOUT,52,26,25,5,NETBANKING,18,Sunday,1
TXN_044653,CUST_03113,19841.94,NETBANKING,FAILED,OTP_FAILURE,26,21,24,7,UPI,9,Sunday,0
TXN_044656,CUST_05888,22689.96,UPI,FAILED,NETWORK_ERROR,30,19,21,2,NETBANKING,4,Tuesday,1
TXN_044664,CUST_02685,4732.33,CARD,FAILED,BANK_SERVER_DOWN,49,9,25,10,UPI,5,Monday,0
TXN_044668,CUST_02340,15446.4,NETBANKING,FAILED,BANK_SERVER_DOWN,41,2,3,5,UPI,0,Saturday,0
TXN_044671,CUST_02475,6890.52,CARD,FAILED,BANK_TIMEOUT,40,3,12,1,WALLET,4,Thursday,1
TXN_044673,CUST_02165,20309.06,CARD,FAILED,CARD_DECLINED,28,26,17,10,NETBANKING,4,Monday,0
TXN_044688,CUST_04140,21941.75,NETBANKING,FAILED,BANK_TIMEOUT,52,5,22,0,CARD,13,Monday,0
TXN_044690,CUST_03167,22631.44,UPI,FAILED,BANK_SERVER_DOWN,51,1,25,8,WALLET,20,Saturday,1
TXN_044693,CUST_09830,22108.46,WALLET,FAILED,BANK_SERVER_DOWN,46,4,19,3,CARD,21,Friday,0
TXN_044698,CUST_04041,18871.26,UPI,FAILED,OTP_FAILURE,41,16,4,7,WALLET,4,Monday,0
TXN_044715,CUST_03041,14705.78,UPI,FAILED,BANK_TIMEOUT,59,7,21,0,NETBANKING,5,Thursday,1
TXN_044719,CUST_08520,3702.23,CARD,FAILED,INSUFFICIENT_FUNDS,19,27,14,4,UPI,1,Sunday,0
TXN_044721,CUST_04106,9403.85,CARD,FAILED,LIMIT_EXCEEDED,24,15,22,5,WALLET,23,Thursday,0
TXN_044724,CUST_03580,3170.34,NETBANKING,FAILED,INSUFFICIENT_FUNDS,40,6,13,3,CARD,23,Friday,0
TXN_044732,CUST_06066,7875.8,NETBANKING,FAILED,CARD_DECLINED,46,16,8,0,UPI,23,Monday,0
TXN_044735,CUST_00912,2350.22,UPI,FAILED,CARD_DECLINED,49,9,7,0,CARD,7,Thursday,0
TXN_044744,CUST_03238,1988.95,WALLET,FAILED,LIMIT_EXCEEDED,26,21,25,2,UPI,8,Friday,1
TXN_044747,CUST_05663,5181.96,NETBANKING,FAILED,BANK_SERVER_DOWN,35,10,15,0,CARD,10,Friday,0
TXN_044755,CUST_07034,10400.91,WALLET,FAILED,BANK_SERVER_DOWN,19,26,14,5,CARD,19,Friday,0
TXN_044761,CUST_07766,19530.17,CARD,FAILED,NETWORK_ERROR,51,23,14,4,NETBANKING,15,Sunday,1
TXN_044766,CUST_05675,7056.11,WALLET,FAILED,NETWORK_ERROR,34,11,10,7,UPI,23,Friday,1
TXN_044769,CUST_01012,2336.73,WALLET,FAILED,NETWORK_ERROR,50,3,7,2,CARD,2,Sunday,1
TXN_044777,CUST_02799,22276.84,UPI,FAILED,OTP_FAILURE,60,21,12,1,WALLET,0,Monday,0
TXN_044799,CUST_03641,22138.54,NETBANKING,FAILED,OTP_FAILURE,49,20,1,1,UPI,6,Friday,0
TXN_044801,CUST_09751,4999.85,WALLET,FAILED,CARD_DECLINED,28,22,18,5,NETBANKING,9,Wednesday,0
TXN_044802,CUST_04796,13175.87,WALLET,FAILED,OTP_FAILURE,51,18,6,6,UPI,3,Thursday,0
TXN_044810,CUST_05492,16564.9,UPI,FAILED,NETWORK_ERROR,60,23,2,1,UPI,16,Tuesday,1
TXN_044812,CUST_08337,2182.68,CARD,FAILED,NETWORK_ERROR,42,30,24,6,CARD,4,Wednesday,1
TXN_044813,CUST_06467,23606.75,UPI,FAILED,BANK_TIMEOUT,23,10,22,7,NETBANKING,19,Tuesday,1
TXN_044819,CUST_09294,17867.26,NETBANKING,FAILED,BANK_TIMEOUT,20,25,22,3,CARD,21,Thursday,0
TXN_044837,CUST_09376,3480.56,UPI,FAILED,OTP_FAILURE,33,9,8,6,WALLET,2,Thursday,0
TXN_044847,CUST_06830,865.94,UPI,FAILED,INSUFFICIENT_FUNDS,57,23,6,10,CARD,20,Sunday,0
TXN_044857,CUST_00303,844.32,WALLET,FAILED,NETWORK_ERROR,28,9,17,9,NETBANKING,5,Monday,1
TXN_044861,CUST_08205,15623.36,CARD,FAILED,LIMIT_EXCEEDED,18,24,24,5,UPI,8,Tuesday,0
TXN_044862,CUST_02665,6591.54,CARD,FAILED,CARD_DECLINED,18,10,15,2,UPI,4,Sunday,1
TXN_044865,CUST_01225,17438.65,UPI,FAILED,BANK_SERVER_DOWN,38,12,4,2,NETBANKING,16,Sunday,0
TXN_044867,CUST_02232,22885.23,CARD,FAILED,NETWORK_ERROR,37,3,21,6,WALLET,4,Tuesday,0
TXN_044868,CUST_08367,8332.87,CARD,FAILED,NETWORK_ERROR,37,20,25,10,UPI,13,Tuesday,0
TXN_044876,CUST_04303,13209.78,UPI,FAILED,LIMIT_EXCEEDED,24,23,15,1,WALLET,14,Tuesday,0
TXN_044884,CUST_03888,23187.33,NETBANKING,FAILED,NETWORK_ERROR,27,3,3,9,CARD,5,Thursday,1
TXN_044898,CUST_04129,10771.29,WALLET,FAILED,INSUFFICIENT_FUNDS,59,28,15,0,CARD,23,Saturday,0
TXN_044900,CUST_08709,10899.0,UPI,FAILED,INSUFFICIENT_FUNDS,60,10,11,1,WALLET,5,Monday,0
TXN_044914,CUST_01313,24667.99,UPI,FAILED,NETWORK_ERROR,21,9,21,0,NETBANKING,15,Monday,0
TXN_044916,CUST_03783,18636.76,UPI,FAILED,BANK_SERVER_DOWN,32,17,22,2,CARD,8,Friday,0
TXN_044923,CUST_04718,15032.65,CARD,FAILED,OTP_FAILURE,58,8,21,9,WALLET,9,Friday,0
TXN_044931,CUST_07390,22597.33,UPI,FAILED,CARD_DECLINED,30,21,22,4,NETBANKING,10,Wednesday,0
TXN_044935,CUST_02575,18519.21,WALLET,FAILED,CARD_DECLINED,40,9,6,6,UPI,23,Tuesday,0
TXN_044939,CUST_06541,1937.56,NETBANKING,FAILED,OTP_FAILURE,28,29,16,0,CARD,16,Sunday,1
TXN_044943,CUST_08908,15079.92,CARD,FAILED,INSUFFICIENT_FUNDS,40,8,18,8,UPI,9,Tuesday,0
TXN_044948,CUST_02320,302.61,UPI,FAILED,INSUFFICIENT_FUNDS,42,22,8,2,UPI,4,Sunday,0
TXN_044953,CUST_05840,1478.23,UPI,FAILED,INSUFFICIENT_FUNDS,30,20,1,8,WALLET,8,Thursday,1
TXN_044966,CUST_08451,19533.17,CARD,FAILED,OTP_FAILURE,50,9,13,6,WALLET,6,Wednesday,0
TXN_044977,CUST_06487,13164.47,WALLET,FAILED,INSUFFICIENT_FUNDS,42,13,7,5,UPI,16,Sunday,0
TXN_044988,CUST_03926,5130.79,WALLET,FAILED,NETWORK_ERROR,29,10,24,0,CARD,14,Tuesday,1
TXN_044991,CUST_05415,9686.41,WALLET,FAILED,OTP_FAILURE,59,25,24,3,WALLET,8,Saturday,1
TXN_045003,CUST_05494,6737.16,NETBANKING,FAILED,INSUFFICIENT_FUNDS,23,21,7,8,NETBANKING,15,Thursday,1
TXN_045004,CUST_06448,536.06,UPI,FAILED,OTP_FAILURE,33,28,23,0,CARD,10,Friday,1
TXN_045012,CUST_07114,13661.74,CARD,FAILED,OTP_FAILURE,42,15,22,6,CARD,10,Wednesday,1
TXN_045014,CUST_00422,24220.26,CARD,FAILED,NETWORK_ERROR,33,12,12,8,NETBANKING,9,Saturday,1
TXN_045017,CUST_08646,7981.12,UPI,FAILED,OTP_FAILURE,60,13,23,5,NETBANKING,8,Monday,1
TXN_045023,CUST_01343,9932.06,NETBANKING,FAILED,CARD_DECLINED,54,7,2,5,WALLET,0,Thursday,0
TXN_045028,CUST_03972,15559.89,UPI,FAILED,INSUFFICIENT_FUNDS,18,29,4,10,NETBANKING,13,Friday,0
TXN_045043,CUST_02979,13451.69,CARD,FAILED,INSUFFICIENT_FUNDS,26,8,21,2,NETBANKING,11,Sunday,0
TXN_045045,CUST_04141,21468.05,CARD,FAILED,BANK_TIMEOUT,34,29,11,9,UPI,11,Sunday,1
TXN_045050,CUST_04317,16721.87,CARD,FAILED,INSUFFICIENT_FUNDS,50,8,22,7,UPI,9,Wednesday,0
TXN_045057,CUST_03782,5359.37,WALLET,FAILED,OTP_FAILURE,22,25,14,2,NETBANKING,9,Thursday,0
TXN_045058,CUST_04631,21791.39,WALLET,FAILED,NETWORK_ERROR,46,20,15,2,NETBANKING,10,Sunday,0
TXN_045060,CUST_08542,21658.83,CARD,FAILED,BANK_TIMEOUT,28,17,17,4,WALLET,2,Sunday,1
TXN_045079,CUST_09499,22741.74,UPI,FAILED,LIMIT_EXCEEDED,24,26,16,6,WALLET,4,Thursday,0
TXN_045087,CUST_05315,18464.8,UPI,FAILED,INSUFFICIENT_FUNDS,50,3,2,2,UPI,11,Saturday,0
TXN_045093,CUST_08116,6753.42,WALLET,FAILED,BANK_SERVER_DOWN,45,13,4,1,UPI,16,Sunday,0
TXN_045094,CUST_05721,10240.19,CARD,FAILED,LIMIT_EXCEEDED,46,23,3,4,UPI,16,Wednesday,0
TXN_045095,CUST_09731,5891.2,WALLET,FAILED,BANK_SERVER_DOWN,37,20,4,9,WALLET,10,Tuesday,0
TXN_045096,CUST_07097,6609.78,WALLET,FAILED,NETWORK_ERROR,52,12,6,5,NETBANKING,20,Sunday,0
TXN_045105,CUST_05398,14266.73,WALLET,FAILED,NETWORK_ERROR,22,29,3,3,NETBANKING,18,Wednesday,0
TXN_045119,CUST_05773,3464.73,WALLET,FAILED,LIMIT_EXCEEDED,21,3,4,0,UPI,14,Sunday,0
TXN_045120,CUST_04358,24058.2,WALLET,FAILED,BANK_SERVER_DOWN,27,17,20,4,WALLET,10,Sunday,1
TXN_045122,CUST_03642,8270.65,UPI,FAILED,BANK_SERVER_DOWN,59,29,1,9,WALLET,14,Friday,0
TXN_045123,CUST_09684,15475.06,WALLET,FAILED,INSUFFICIENT_FUNDS,28,11,19,5,WALLET,18,Friday,1
TXN_045129,CUST_07406,2710.14,NETBANKING,FAILED,NETWORK_ERROR,27,30,2,5,WALLET,10,Monday,1
TXN_045131,CUST_06375,17484.57,WALLET,FAILED,INSUFFICIENT_FUNDS,54,3,23,5,CARD,21,Monday,0
TXN_045135,CUST_02688,948.23,UPI,FAILED,OTP_FAILURE,31,21,24,5,CARD,7,Friday,0
TXN_045136,CUST_08463,19343.6,CARD,FAILED,NETWORK_ERROR,49,22,1,8,CARD,19,Tuesday,0
TXN_045141,CUST_00645,19347.61,WALLET,FAILED,LIMIT_EXCEEDED,60,27,24,10,WALLET,0,Tuesday,1
TXN_045145,CUST_01088,4466.47,WALLET,FAILED,BANK_TIMEOUT,38,9,10,1,CARD,6,Thursday,1
TXN_045151,CUST_00024,4415.25,NETBANKING,FAILED,BANK_TIMEOUT,32,30,10,2,UPI,3,Tuesday,0
TXN_045152,CUST_04415,20058.42,NETBANKING,FAILED,NETWORK_ERROR,28,4,24,2,UPI,23,Monday,1
TXN_045155,CUST_00526,1075.16,WALLET,FAILED,NETWORK_ERROR,33,1,11,6,NETBANKING,22,Monday,1
TXN_045168,CUST_01475,13920.3,WALLET,FAILED,OTP_FAILURE,27,22,6,0,WALLET,2,Thursday,0
TXN_045184,CUST_01768,17091.59,UPI,FAILED,INSUFFICIENT_FUNDS,33,2,25,10,WALLET,10,Tuesday,0
TXN_045186,CUST_02904,6425.7,WALLET,FAILED,LIMIT_EXCEEDED,21,2,3,0,WALLET,9,Wednesday,0
TXN_045197,CUST_05204,13752.64,UPI,FAILED,BANK_TIMEOUT,37,29,9,3,WALLET,5,Sunday,0
TXN_045200,CUST_06049,23298.24,UPI,FAILED,BANK_TIMEOUT,51,6,22,9,WALLET,9,Saturday,1
TXN_045204,CUST_08222,7022.52,WALLET,FAILED,OTP_FAILURE,42,20,2,2,CARD,9,Thursday,0
TXN_045205,CUST_01380,19605.17,NETBANKING,FAILED,NETWORK_ERROR,45,26,18,2,UPI,6,Thursday,0
TXN_045208,CUST_02024,16685.75,WALLET,FAILED,INSUFFICIENT_FUNDS,26,21,22,3,NETBANKING,22,Friday,1
TXN_045209,CUST_02744,10257.9,CARD,FAILED,LIMIT_EXCEEDED,24,30,21,4,CARD,10,Sunday,0
TXN_045211,CUST_06724,1866.82,WALLET,FAILED,OTP_FAILURE,53,12,18,5,NETBANKING,21,Saturday,0
TXN_045217,CUST_08830,15477.25,NETBANKING,FAILED,CARD_DECLINED,33,18,21,3,CARD,2,Sunday,0
TXN_045221,CUST_05900,8946.84,CARD,FAILED,INSUFFICIENT_FUNDS,36,11,6,7,WALLET,19,Thursday,0
TXN_045227,CUST_09432,14878.11,CARD,FAILED,LIMIT_EXCEEDED,23,30,3,0,CARD,11,Tuesday,0
TXN_045230,CUST_05519,21552.55,NETBANKING,FAILED,BANK_TIMEOUT,35,27,9,5,NETBANKING,18,Friday,1
TXN_045231,CUST_02869,22973.82,NETBANKING,FAILED,INSUFFICIENT_FUNDS,27,22,13,3,CARD,12,Saturday,0
TXN_045236,CUST_05112,3296.42,WALLET,FAILED,INSUFFICIENT_FUNDS,38,19,22,10,CARD,3,Tuesday,1
TXN_045241,CUST_09620,1694.5,NETBANKING,FAILED,OTP_FAILURE,32,20,6,1,UPI,8,Tuesday,0
TXN_045249,CUST_09470,23934.33,NETBANKING,FAILED,NETWORK_ERROR,35,28,6,3,CARD,5,Monday,1
TXN_045263,CUST_03368,13280.09,CARD,FAILED,NETWORK_ERROR,29,10,22,0,NETBANKING,8,Tuesday,0
TXN_045265,CUST_05513,6348.15,UPI,FAILED,NETWORK_ERROR,32,24,12,0,CARD,6,Saturday,1
TXN_045274,CUST_04618,24087.31,CARD,FAILED,INSUFFICIENT_FUNDS,50,20,6,6,UPI,16,Monday,0
TXN_045277,CUST_03015,4709.21,WALLET,FAILED,BANK_SERVER_DOWN,31,10,5,6,UPI,9,Monday,0
TXN_045288,CUST_03979,5776.33,CARD,FAILED,LIMIT_EXCEEDED,42,25,2,7,WALLET,18,Saturday,0
TXN_045290,CUST_00163,21519.14,CARD,FAILED,CARD_DECLINED,24,1,6,3,WALLET,16,Friday,0
TXN_045292,CUST_05580,14176.2,CARD,FAILED,BANK_SERVER_DOWN,48,20,5,6,NETBANKING,11,Monday,0
TXN_045298,CUST_02904,21131.6,NETBANKING,FAILED,OTP_FAILURE,21,2,3,0,WALLET,23,Saturday,0
TXN_045299,CUST_07440,5917.42,WALLET,FAILED,NETWORK_ERROR,18,9,16,6,UPI,5,Tuesday,0
TXN_045302,CUST_03530,3023.41,CARD,FAILED,OTP_FAILURE,40,16,22,5,WALLET,19,Sunday,0
TXN_045308,CUST_00484,8304.33,WALLET,FAILED,BANK_TIMEOUT,29,6,2,8,WALLET,6,Sunday,0
TXN_045312,CUST_03169,8263.05,WALLET,FAILED,LIMIT_EXCEEDED,38,19,19,0,NETBANKING,16,Friday,0
TXN_045315,CUST_02038,6913.26,NETBANKING,FAILED,LIMIT_EXCEEDED,20,2,1,4,NETBANKING,0,Wednesday,1
TXN_045323,CUST_00885,14508.11,CARD,FAILED,BANK_SERVER_DOWN,59,5,19,6,WALLET,14,Saturday,0
TXN_045325,CUST_08446,12466.58,NETBANKING,FAILED,NETWORK_ERROR,24,15,16,5,CARD,6,Wednesday,1
TXN_045329,CUST_07162,3222.28,UPI,FAILED,CARD_DECLINED,27,26,3,1,NETBANKING,15,Sunday,0
TXN_045333,CUST_01608,17410.91,NETBANKING,FAILED,LIMIT_EXCEEDED,38,29,1,6,WALLET,5,Monday,0
TXN_045345,CUST_00984,5068.5,NETBANKING,FAILED,BANK_TIMEOUT,35,25,7,6,NETBANKING,11,Wednesday,1
TXN_045350,CUST_05840,15740.84,NETBANKING,FAILED,NETWORK_ERROR,30,20,1,8,WALLET,21,Wednesday,0
TXN_045354,CUST_07187,13624.08,WALLET,FAILED,BANK_TIMEOUT,28,2,2,0,UPI,20,Saturday,1
TXN_045360,CUST_03907,13645.5,UPI,FAILED,BANK_TIMEOUT,42,14,6,8,WALLET,16,Thursday,0
TXN_045370,CUST_02122,20248.77,NETBANKING,FAILED,BANK_TIMEOUT,50,19,1,1,WALLET,17,Sunday,1
TXN_045390,CUST_03947,19789.6,NETBANKING,FAILED,OTP_FAILURE,53,25,9,6,NETBANKING,2,Thursday,1
TXN_045424,CUST_08465,17050.08,NETBANKING,FAILED,OTP_FAILURE,59,28,24,7,NETBANKING,10,Thursday,1
TXN_045429,CUST_04232,17611.64,UPI,FAILED,LIMIT_EXCEEDED,39,15,11,3,CARD,4,Tuesday,1
TXN_045430,CUST_03416,1638.83,WALLET,FAILED,BANK_TIMEOUT,46,27,3,3,WALLET,20,Saturday,1
TXN_045437,CUST_07846,13398.93,UPI,FAILED,LIMIT_EXCEEDED,40,14,16,4,WALLET,14,Saturday,0
TXN_045447,CUST_04663,20795.85,UPI,FAILED,OTP_FAILURE,39,21,4,6,NETBANKING,4,Thursday,0
TXN_045452,CUST_00596,6965.97,WALLET,FAILED,LIMIT_EXCEEDED,20,20,6,2,NETBANKING,17,Tuesday,0
TXN_045462,CUST_08025,9812.19,WALLET,FAILED,NETWORK_ERROR,59,15,9,9,CARD,3,Wednesday,0
TXN_045474,CUST_06455,11530.02,CARD,FAILED,CARD_DECLINED,52,10,4,2,NETBANKING,7,Wednesday,0
TXN_045475,CUST_06173,11395.84,NETBANKING,FAILED,BANK_SERVER_DOWN,38,2,8,3,CARD,1,Tuesday,0
TXN_045477,CUST_05298,4938.13,CARD,FAILED,INSUFFICIENT_FUNDS,54,14,15,9,WALLET,14,Thursday,1
TXN_045480,CUST_02858,12659.51,NETBANKING,FAILED,BANK_SERVER_DOWN,46,11,23,1,UPI,8,Friday,0
TXN_045490,CUST_08117,10793.93,WALLET,FAILED,LIMIT_EXCEEDED,26,10,12,0,NETBANKING,23,Sunday,0
TXN_045495,CUST_00663,380.13,CARD,FAILED,BANK_SERVER_DOWN,58,20,16,5,WALLET,8,Sunday,0
TXN_045503,CUST_06049,6933.47,WALLET,FAILED,INSUFFICIENT_FUNDS,51,6,22,9,WALLET,6,Tuesday,0
TXN_045507,CUST_05896,19092.02,WALLET,FAILED,CARD_DECLINED,55,26,3,8,CARD,9,Saturday,0
TXN_045513,CUST_06539,22751.19,CARD,FAILED,INSUFFICIENT_FUNDS,25,9,24,8,UPI,12,Thursday,0
TXN_045516,CUST_01283,16854.1,WALLET,FAILED,CARD_DECLINED,49,25,6,7,CARD,6,Friday,0
TXN_045517,CUST_08516,18715.37,CARD,FAILED,BANK_TIMEOUT,21,1,5,3,UPI,16,Monday,1
TXN_045522,CUST_06555,19962.31,WALLET,FAILED,BANK_TIMEOUT,29,18,21,10,CARD,19,Saturday,1
TXN_045523,CUST_07587,23288.97,NETBANKING,FAILED,BANK_SERVER_DOWN,23,10,12,5,WALLET,6,Monday,0
TXN_045530,CUST_09034,17826.6,CARD,FAILED,INSUFFICIENT_FUNDS,22,27,15,5,WALLET,19,Saturday,0
TXN_045540,CUST_06310,18666.46,UPI,FAILED,BANK_TIMEOUT,33,1,14,3,WALLET,10,Monday,0
TXN_045542,CUST_03241,10036.96,WALLET,FAILED,BANK_SERVER_DOWN,24,21,1,7,CARD,9,Sunday,0
TXN_045543,CUST_00667,4484.26,NETBANKING,FAILED,CARD_DECLINED,56,1,3,10,CARD,23,Saturday,0
TXN_045548,CUST_06122,1773.55,WALLET,FAILED,NETWORK_ERROR,59,10,15,10,UPI,23,Saturday,1
TXN_045550,CUST_04806,13430.12,CARD,FAILED,BANK_SERVER_DOWN,46,29,16,10,UPI,6,Sunday,0
TXN_045554,CUST_03587,13125.02,WALLET,FAILED,OTP_FAILURE,50,5,13,4,WALLET,20,Friday,1
TXN_045556,CUST_07753,22866.54,CARD,FAILED,BANK_SERVER_DOWN,32,24,2,9,UPI,16,Monday,0
TXN_045561,CUST_09369,13488.13,UPI,FAILED,OTP_FAILURE,58,3,14,9,WALLET,8,Thursday,0
TXN_045581,CUST_06535,13801.85,CARD,FAILED,BANK_TIMEOUT,36,19,19,9,UPI,0,Sunday,0
TXN_045589,CUST_01631,20971.99,UPI,FAILED,LIMIT_EXCEEDED,25,25,11,2,WALLET,9,Saturday,1
TXN_045601,CUST_05946,11183.51,WALLET,FAILED,LIMIT_EXCEEDED,58,21,19,2,UPI,10,Wednesday,0
TXN_045605,CUST_03662,2740.8,CARD,FAILED,INSUFFICIENT_FUNDS,48,15,5,0,UPI,19,Sunday,0
TXN_045615,CUST_09806,1660.79,WALLET,FAILED,BANK_SERVER_DOWN,28,18,15,1,WALLET,12,Thursday,1
TXN_045624,CUST_08665,8203.04,UPI,FAILED,OTP_FAILURE,26,12,22,7,NETBANKING,16,Saturday,0
TXN_045636,CUST_03958,15118.43,WALLET,FAILED,BANK_SERVER_DOWN,55,18,12,9,UPI,12,Wednesday,1
TXN_045637,CUST_01731,5404.98,CARD,FAILED,BANK_TIMEOUT,32,18,22,0,UPI,0,Sunday,0
TXN_045642,CUST_06790,23894.23,UPI,FAILED,INSUFFICIENT_FUNDS,59,7,4,9,NETBANKING,23,Sunday,0
TXN_045650,CUST_06660,3395.23,CARD,FAILED,LIMIT_EXCEEDED,50,21,21,8,UPI,14,Saturday,1
TXN_045653,CUST_04864,24831.15,WALLET,FAILED,NETWORK_ERROR,37,13,6,7,UPI,21,Thursday,0
TXN_045659,CUST_04373,8109.73,CARD,FAILED,OTP_FAILURE,37,7,19,3,NETBANKING,0,Tuesday,0
TXN_045673,CUST_01168,16447.6,WALLET,FAILED,BANK_SERVER_DOWN,29,11,23,10,UPI,9,Sunday,1
TXN_045676,CUST_01383,18835.1,NETBANKING,FAILED,LIMIT_EXCEEDED,58,25,3,4,WALLET,7,Friday,0
TXN_045679,CUST_06568,4478.84,WALLET,FAILED,LIMIT_EXCEEDED,32,28,8,4,UPI,19,Monday,0
TXN_045687,CUST_01679,147.28,CARD,FAILED,LIMIT_EXCEEDED,20,23,1,1,WALLET,1,Saturday,0
TXN_045710,CUST_08766,5697.1,UPI,FAILED,BANK_TIMEOUT,28,29,4,1,NETBANKING,14,Saturday,0
TXN_045712,CUST_06969,8628.78,WALLET,FAILED,INSUFFICIENT_FUNDS,49,5,15,8,UPI,10,Sunday,0
TXN_045718,CUST_08022,21831.07,NETBANKING,FAILED,INSUFFICIENT_FUNDS,32,24,17,1,CARD,7,Tuesday,0
TXN_045727,CUST_01649,10126.85,CARD,FAILED,CARD_DECLINED,41,27,23,0,WALLET,21,Sunday,0
TXN_045728,CUST_06844,4453.64,WALLET,FAILED,BANK_SERVER_DOWN,21,7,12,4,CARD,11,Sunday,0
TXN_045731,CUST_02560,9767.01,NETBANKING,FAILED,BANK_TIMEOUT,44,28,16,4,CARD,23,Wednesday,1
TXN_045735,CUST_08151,436.89,UPI,FAILED,NETWORK_ERROR,29,18,9,4,WALLET,6,Wednesday,0
TXN_045740,CUST_08661,4623.72,WALLET,FAILED,INSUFFICIENT_FUNDS,40,22,18,8,WALLET,0,Friday,1
TXN_045752,CUST_00638,15987.2,WALLET,FAILED,LIMIT_EXCEEDED,20,27,12,2,UPI,8,Friday,1
TXN_045766,CUST_07167,2162.97,UPI,FAILED,CARD_DECLINED,46,17,9,4,UPI,1,Sunday,0
TXN_045767,CUST_04210,7693.82,CARD,FAILED,INSUFFICIENT_FUNDS,21,20,22,10,UPI,18,Friday,0
TXN_045781,CUST_08719,23571.16,NETBANKING,FAILED,BANK_TIMEOUT,37,19,23,7,CARD,5,Saturday,1
TXN_045783,CUST_04017,18492.38,CARD,FAILED,NETWORK_ERROR,31,25,7,7,NETBANKING,22,Friday,0
TXN_045799,CUST_01973,4002.77,WALLET,FAILED,BANK_TIMEOUT,32,2,4,2,NETBANKING,4,Monday,0
TXN_045807,CUST_07517,8909.49,CARD,FAILED,NETWORK_ERROR,60,8,24,7,WALLET,23,Sunday,0
TXN_045812,CUST_05149,10036.43,CARD,FAILED,OTP_FAILURE,32,9,20,2,WALLET,1,Thursday,0
TXN_045813,CUST_06043,12878.61,WALLET,FAILED,BANK_SERVER_DOWN,59,1,3,8,CARD,1,Friday,0
TXN_045823,CUST_04118,4260.45,UPI,FAILED,OTP_FAILURE,34,23,16,10,NETBANKING,11,Sunday,0
TXN_045827,CUST_07548,5261.05,CARD,FAILED,OTP_FAILURE,31,9,19,10,NETBANKING,17,Tuesday,1
TXN_045837,CUST_02350,3978.98,WALLET,FAILED,INSUFFICIENT_FUNDS,37,1,25,8,NETBANKING,17,Sunday,0
TXN_045839,CUST_09164,5991.77,CARD,FAILED,CARD_DECLINED,34,28,17,7,UPI,11,Monday,0
TXN_045840,CUST_04034,3038.47,NETBANKING,FAILED,OTP_FAILURE,31,21,14,0,WALLET,4,Monday,1
TXN_045848,CUST_06363,173.25,NETBANKING,FAILED,OTP_FAILURE,22,16,13,4,NETBANKING,13,Friday,0
TXN_045850,CUST_01794,991.78,UPI,FAILED,CARD_DECLINED,58,3,21,10,NETBANKING,22,Saturday,1
TXN_045857,CUST_06252,17463.45,NETBANKING,FAILED,OTP_FAILURE,56,26,1,8,UPI,0,Tuesday,0
TXN_045877,CUST_01904,12888.57,NETBANKING,FAILED,BANK_TIMEOUT,20,20,1,0,CARD,18,Wednesday,0
TXN_045880,CUST_09252,14432.08,CARD,FAILED,BANK_SERVER_DOWN,59,17,18,1,WALLET,8,Saturday,1
TXN_045887,CUST_05484,15423.62,WALLET,FAILED,LIMIT_EXCEEDED,53,21,3,6,NETBANKING,7,Wednesday,0
TXN_045889,CUST_08098,6967.67,UPI,FAILED,CARD_DECLINED,21,23,4,10,CARD,13,Saturday,0
TXN_045895,CUST_04650,5888.83,UPI,FAILED,BANK_TIMEOUT,42,11,3,5,WALLET,18,Saturday,0
TXN_045898,CUST_02004,681.72,WALLET,FAILED,INSUFFICIENT_FUNDS,35,26,24,1,UPI,10,Thursday,1
TXN_045899,CUST_07920,6888.42,NETBANKING,FAILED,INSUFFICIENT_FUNDS,31,21,23,9,NETBANKING,9,Monday,1
TXN_045903,CUST_09358,10367.23,CARD,FAILED,NETWORK_ERROR,21,7,22,10,WALLET,22,Friday,0
TXN_045904,CUST_00780,5803.53,UPI,FAILED,LIMIT_EXCEEDED,57,22,8,10,WALLET,14,Tuesday,0
TXN_045905,CUST_03369,2661.53,WALLET,FAILED,BANK_SERVER_DOWN,52,10,5,3,CARD,8,Friday,0
TXN_045909,CUST_00397,24897.32,UPI,FAILED,BANK_TIMEOUT,52,19,6,5,NETBANKING,17,Thursday,1
TXN_045922,CUST_05990,5555.41,NETBANKING,FAILED,INSUFFICIENT_FUNDS,38,7,3,3,WALLET,18,Saturday,0
TXN_045930,CUST_06379,3047.53,NETBANKING,FAILED,CARD_DECLINED,19,26,21,4,CARD,16,Tuesday,0
TXN_045931,CUST_03572,22239.81,UPI,FAILED,CARD_DECLINED,29,16,16,0,NETBANKING,23,Saturday,0
TXN_045942,CUST_05105,20348.39,NETBANKING,FAILED,LIMIT_EXCEEDED,21,27,11,3,NETBANKING,16,Monday,1
TXN_045950,CUST_02876,19044.07,CARD,FAILED,BANK_TIMEOUT,51,8,2,7,WALLET,14,Monday,0
TXN_045951,CUST_09349,3860.61,NETBANKING,FAILED,BANK_SERVER_DOWN,51,14,25,7,UPI,20,Monday,0
TXN_045956,CUST_08685,15646.28,CARD,FAILED,BANK_SERVER_DOWN,42,18,23,9,WALLET,18,Tuesday,0
TXN_045958,CUST_03831,22595.47,CARD,FAILED,CARD_DECLINED,53,8,3,9,NETBANKING,3,Saturday,0
TXN_045961,CUST_01587,7087.38,UPI,FAILED,LIMIT_EXCEEDED,46,16,25,2,UPI,17,Tuesday,0
TXN_045977,CUST_02593,8989.76,NETBANKING,FAILED,NETWORK_ERROR,28,25,5,0,WALLET,9,Saturday,1
TXN_045980,CUST_02384,7064.56,WALLET,FAILED,LIMIT_EXCEEDED,42,8,1,6,NETBANKING,4,Tuesday,0
TXN_045994,CUST_00237,8361.11,UPI,FAILED,LIMIT_EXCEEDED,23,18,18,3,WALLET,18,Wednesday,0
TXN_045995,CUST_07160,7796.23,WALLET,FAILED,NETWORK_ERROR,51,7,18,3,UPI,17,Saturday,0
TXN_046002,CUST_08655,2870.56,UPI,FAILED,LIMIT_EXCEEDED,46,30,8,10,NETBANKING,12,Saturday,1
TXN_046003,CUST_00546,10020.93,NETBANKING,FAILED,OTP_FAILURE,33,7,9,4,UPI,9,Tuesday,0
TXN_046012,CUST_03905,19287.22,UPI,FAILED,BANK_SERVER_DOWN,35,26,11,0,CARD,23,Monday,1
TXN_046015,CUST_06110,24885.22,UPI,FAILED,INSUFFICIENT_FUNDS,52,29,16,9,WALLET,6,Saturday,0
TXN_046021,CUST_08142,636.56,CARD,FAILED,OTP_FAILURE,59,8,14,8,WALLET,6,Thursday,1
TXN_046029,CUST_08170,5624.56,NETBANKING,FAILED,NETWORK_ERROR,19,6,18,10,UPI,14,Sunday,1
TXN_046045,CUST_00017,20621.35,CARD,FAILED,BANK_TIMEOUT,47,7,18,1,UPI,12,Wednesday,1
TXN_046069,CUST_09158,15210.8,CARD,FAILED,BANK_TIMEOUT,58,10,12,6,WALLET,22,Wednesday,1
TXN_046082,CUST_01491,11008.91,WALLET,FAILED,OTP_FAILURE,34,26,20,9,UPI,10,Friday,0
TXN_046093,CUST_04735,9069.48,CARD,FAILED,INSUFFICIENT_FUNDS,23,22,25,10,UPI,18,Saturday,0
TXN_046094,CUST_04976,15773.49,CARD,FAILED,LIMIT_EXCEEDED,35,17,17,7,NETBANKING,7,Monday,0
TXN_046105,CUST_01322,22675.07,WALLET,FAILED,OTP_FAILURE,22,20,21,9,NETBANKING,20,Thursday,0
TXN_046115,CUST_03093,12338.93,WALLET,FAILED,BANK_TIMEOUT,57,9,2,0,CARD,4,Thursday,0
TXN_046122,CUST_07901,6103.4,CARD,FAILED,OTP_FAILURE,54,8,19,8,NETBANKING,6,Saturday,0
TXN_046125,CUST_03675,5227.57,WALLET,FAILED,INSUFFICIENT_FUNDS,35,25,4,6,CARD,3,Monday,0
TXN_046127,CUST_09604,9021.41,CARD,FAILED,BANK_TIMEOUT,45,3,2,10,UPI,5,Friday,1
TXN_046128,CUST_02888,12846.28,UPI,FAILED,INSUFFICIENT_FUNDS,46,12,22,3,UPI,14,Saturday,1
TXN_046131,CUST_05064,2215.65,NETBANKING,FAILED,LIMIT_EXCEEDED,44,19,10,0,CARD,5,Saturday,0
TXN_046132,CUST_01654,13774.28,UPI,FAILED,NETWORK_ERROR,49,19,22,3,WALLET,18,Wednesday,0
TXN_046135,CUST_06421,15896.29,NETBANKING,FAILED,LIMIT_EXCEEDED,24,6,2,0,UPI,4,Tuesday,0
TXN_046137,CUST_00693,21782.54,NETBANKING,FAILED,OTP_FAILURE,34,19,21,1,NETBANKING,14,Tuesday,0
TXN_046139,CUST_05979,5248.73,UPI,FAILED,BANK_SERVER_DOWN,27,29,17,8,WALLET,10,Thursday,0
TXN_046145,CUST_04533,16571.9,WALLET,FAILED,OTP_FAILURE,43,16,15,6,CARD,14,Tuesday,0
TXN_046146,CUST_08240,9945.44,WALLET,FAILED,INSUFFICIENT_FUNDS,46,16,25,9,CARD,11,Thursday,0
TXN_046155,CUST_00959,16195.19,NETBANKING,FAILED,INSUFFICIENT_FUNDS,46,2,18,8,CARD,11,Sunday,0
TXN_046163,CUST_06177,19703.23,NETBANKING,FAILED,LIMIT_EXCEEDED,46,4,6,9,CARD,15,Friday,0
TXN_046166,CUST_09892,21587.11,NETBANKING,FAILED,NETWORK_ERROR,18,10,23,9,CARD,2,Wednesday,0
TXN_046167,CUST_06213,7317.4,CARD,FAILED,NETWORK_ERROR,60,24,11,7,CARD,13,Tuesday,1
TXN_046169,CUST_00624,6230.74,WALLET,FAILED,LIMIT_EXCEEDED,23,21,8,9,CARD,6,Sunday,0
TXN_046176,CUST_03268,22518.11,WALLET,FAILED,NETWORK_ERROR,31,16,6,10,UPI,6,Thursday,0
TXN_046189,CUST_03792,8235.83,NETBANKING,FAILED,CARD_DECLINED,41,26,17,0,WALLET,17,Thursday,0
TXN_046192,CUST_05696,11321.13,CARD,FAILED,OTP_FAILURE,49,10,20,3,UPI,11,Saturday,0
TXN_046195,CUST_08669,22583.19,CARD,FAILED,INSUFFICIENT_FUNDS,50,25,15,8,UPI,19,Wednesday,0
TXN_046211,CUST_09913,12213.42,CARD,FAILED,INSUFFICIENT_FUNDS,58,22,20,7,WALLET,8,Sunday,0
TXN_046217,CUST_01299,8969.11,NETBANKING,FAILED,INSUFFICIENT_FUNDS,38,25,5,1,WALLET,7,Sunday,0
TXN_046218,CUST_01686,21343.09,UPI,FAILED,CARD_DECLINED,54,23,23,2,WALLET,18,Sunday,0
TXN_046227,CUST_09886,19637.58,CARD,FAILED,BANK_TIMEOUT,52,16,20,8,NETBANKING,23,Thursday,1
TXN_046236,CUST_08342,7556.48,NETBANKING,FAILED,LIMIT_EXCEEDED,42,27,17,5,CARD,23,Wednesday,0
TXN_046244,CUST_00302,18752.08,CARD,FAILED,LIMIT_EXCEEDED,35,24,19,4,CARD,23,Wednesday,0
TXN_046253,CUST_09454,10529.38,CARD,FAILED,CARD_DECLINED,22,17,14,2,WALLET,4,Sunday,0
TXN_046256,CUST_04422,24739.69,UPI,FAILED,BANK_TIMEOUT,33,19,21,8,WALLET,17,Tuesday,1
TXN_046257,CUST_01356,24841.61,UPI,FAILED,NETWORK_ERROR,42,17,1,6,CARD,19,Wednesday,1
TXN_046263,CUST_01877,15198.33,WALLET,FAILED,BANK_SERVER_DOWN,24,11,7,2,NETBANKING,4,Friday,0
TXN_046269,CUST_04664,8272.75,UPI,FAILED,LIMIT_EXCEEDED,18,2,21,2,NETBANKING,8,Saturday,0
TXN_046271,CUST_05653,10537.69,WALLET,FAILED,INSUFFICIENT_FUNDS,42,17,7,4,NETBANKING,18,Saturday,0
TXN_046274,CUST_03639,9789.21,NETBANKING,FAILED,BANK_TIMEOUT,24,1,17,8,UPI,6,Saturday,1
TXN_046282,CUST_05897,22984.07,WALLET,FAILED,BANK_TIMEOUT,42,20,5,4,WALLET,0,Sunday,1
TXN_046298,CUST_05903,23919.71,CARD,FAILED,BANK_TIMEOUT,58,21,18,7,UPI,20,Wednesday,1
TXN_046325,CUST_09803,14342.45,UPI,FAILED,BANK_TIMEOUT,33,10,4,10,NETBANKING,0,Thursday,1
TXN_046332,CUST_09874,18844.58,NETBANKING,FAILED,LIMIT_EXCEEDED,56,28,18,4,UPI,21,Thursday,0
TXN_046342,CUST_04621,22754.86,CARD,FAILED,NETWORK_ERROR,44,14,4,10,NETBANKING,22,Friday,0
TXN_046349,CUST_08420,8218.72,NETBANKING,FAILED,OTP_FAILURE,20,14,4,7,CARD,19,Sunday,0
TXN_046353,CUST_08549,22026.2,UPI,FAILED,NETWORK_ERROR,45,2,2,7,UPI,1,Tuesday,1
TXN_046362,CUST_07074,5045.91,NETBANKING,FAILED,BANK_SERVER_DOWN,19,26,2,1,WALLET,6,Thursday,0
TXN_046365,CUST_00625,5191.32,NETBANKING,FAILED,OTP_FAILURE,53,27,11,8,UPI,8,Friday,1
TXN_046376,CUST_05400,9814.63,NETBANKING,FAILED,OTP_FAILURE,26,25,9,0,CARD,4,Friday,0
TXN_046378,CUST_06213,10445.11,CARD,FAILED,NETWORK_ERROR,60,24,11,7,CARD,7,Thursday,1
TXN_046383,CUST_00454,9466.99,WALLET,FAILED,BANK_TIMEOUT,58,25,4,9,WALLET,17,Saturday,0
TXN_046388,CUST_04084,23543.17,UPI,FAILED,LIMIT_EXCEEDED,22,28,22,10,WALLET,17,Friday,0
TXN_046389,CUST_05789,8353.95,WALLET,FAILED,CARD_DECLINED,37,5,14,1,UPI,17,Thursday,0
TXN_046405,CUST_08397,17271.82,NETBANKING,FAILED,BANK_SERVER_DOWN,29,9,12,2,UPI,22,Tuesday,0
TXN_046407,CUST_04187,16291.31,WALLET,FAILED,BANK_SERVER_DOWN,36,8,22,2,WALLET,9,Thursday,0
TXN_046411,CUST_07643,8016.18,CARD,FAILED,OTP_FAILURE,28,24,15,7,WALLET,18,Thursday,0
TXN_046426,CUST_01639,21596.1,NETBANKING,FAILED,NETWORK_ERROR,47,29,7,9,WALLET,23,Monday,0
TXN_046442,CUST_03060,6759.88,CARD,FAILED,INSUFFICIENT_FUNDS,55,26,6,7,NETBANKING,2,Wednesday,0
TXN_046443,CUST_00782,18893.4,NETBANKING,FAILED,NETWORK_ERROR,41,14,5,2,UPI,21,Saturday,0
TXN_046444,CUST_07589,10195.83,WALLET,FAILED,LIMIT_EXCEEDED,56,13,13,0,CARD,21,Friday,0
TXN_046451,CUST_09688,19303.08,CARD,FAILED,INSUFFICIENT_FUNDS,48,12,22,3,CARD,22,Friday,0
TXN_046454,CUST_07384,21999.89,CARD,FAILED,BANK_TIMEOUT,18,24,17,3,WALLET,5,Tuesday,1
TXN_046457,CUST_00306,16973.13,UPI,FAILED,OTP_FAILURE,32,17,8,5,WALLET,4,Thursday,0
TXN_046463,CUST_08218,12590.91,WALLET,FAILED,NETWORK_ERROR,22,19,2,4,CARD,23,Monday,1
TXN_046467,CUST_08997,719.06,NETBANKING,FAILED,OTP_FAILURE,21,17,2,10,CARD,20,Tuesday,0
TXN_046469,CUST_09621,9374.56,UPI,FAILED,INSUFFICIENT_FUNDS,25,18,10,9,WALLET,2,Friday,0
TXN_046473,CUST_03756,1815.29,CARD,FAILED,INSUFFICIENT_FUNDS,33,14,14,1,CARD,16,Monday,1
TXN_046478,CUST_02511,292.72,CARD,FAILED,BANK_SERVER_DOWN,55,21,16,9,NETBANKING,13,Monday,0
TXN_046483,CUST_09958,16024.41,CARD,FAILED,OTP_FAILURE,27,1,9,2,WALLET,0,Tuesday,0
TXN_046485,CUST_01032,4835.64,NETBANKING,FAILED,CARD_DECLINED,60,6,11,8,WALLET,4,Saturday,0
TXN_046487,CUST_05586,7476.3,NETBANKING,FAILED,CARD_DECLINED,31,8,17,6,UPI,1,Tuesday,0
TXN_046498,CUST_01929,1572.95,UPI,FAILED,NETWORK_ERROR,51,24,17,2,NETBANKING,9,Sunday,1
TXN_046510,CUST_00828,3262.73,WALLET,FAILED,LIMIT_EXCEEDED,36,13,14,6,WALLET,13,Friday,1
TXN_046523,CUST_08541,5288.24,CARD,FAILED,CARD_DECLINED,54,18,23,3,NETBANKING,12,Saturday,0
TXN_046528,CUST_07032,23682.85,CARD,FAILED,LIMIT_EXCEEDED,28,9,2,2,NETBANKING,11,Thursday,0
TXN_046529,CUST_03909,10887.82,WALLET,FAILED,NETWORK_ERROR,38,30,20,6,NETBANKING,1,Friday,0
TXN_046531,CUST_07722,3699.68,WALLET,FAILED,CARD_DECLINED,41,5,10,4,NETBANKING,12,Thursday,0
TXN_046537,CUST_04896,7746.09,WALLET,FAILED,OTP_FAILURE,45,12,24,5,NETBANKING,19,Saturday,1
TXN_046538,CUST_05879,11919.1,NETBANKING,FAILED,OTP_FAILURE,27,29,15,6,WALLET,9,Wednesday,0
TXN_046544,CUST_06025,3055.36,UPI,FAILED,LIMIT_EXCEEDED,26,4,10,10,WALLET,23,Friday,0
TXN_046551,CUST_04002,24699.79,WALLET,FAILED,OTP_FAILURE,19,20,21,10,NETBANKING,4,Sunday,0
TXN_046560,CUST_09728,7514.99,NETBANKING,FAILED,INSUFFICIENT_FUNDS,55,29,9,8,WALLET,18,Saturday,0
TXN_046563,CUST_00381,180.9,CARD,FAILED,OTP_FAILURE,58,12,25,2,NETBANKING,21,Friday,1
TXN_046567,CUST_07201,14912.06,UPI,FAILED,OTP_FAILURE,57,15,9,4,WALLET,6,Wednesday,0
TXN_046568,CUST_05931,17385.08,UPI,FAILED,BANK_SERVER_DOWN,33,11,13,9,CARD,3,Friday,0
TXN_046577,CUST_09674,12948.3,WALLET,FAILED,BANK_TIMEOUT,53,29,17,2,UPI,23,Sunday,0
TXN_046579,CUST_02939,23191.43,CARD,FAILED,BANK_SERVER_DOWN,45,12,9,1,WALLET,17,Saturday,0
TXN_046583,CUST_08603,4846.85,WALLET,FAILED,BANK_TIMEOUT,43,18,15,6,NETBANKING,13,Thursday,1
TXN_046585,CUST_00170,14519.37,NETBANKING,FAILED,INSUFFICIENT_FUNDS,43,18,5,2,WALLET,21,Saturday,0
TXN_046586,CUST_05142,21703.0,UPI,FAILED,BANK_TIMEOUT,27,29,22,1,CARD,23,Thursday,1
TXN_046593,CUST_08470,13452.92,NETBANKING,FAILED,BANK_TIMEOUT,56,18,4,5,UPI,11,Thursday,0
TXN_046596,CUST_06704,14130.85,NETBANKING,FAILED,LIMIT_EXCEEDED,44,2,9,3,NETBANKING,17,Friday,0
TXN_046609,CUST_04906,20607.42,UPI,FAILED,LIMIT_EXCEEDED,20,29,21,10,CARD,12,Wednesday,0
TXN_046624,CUST_02622,11979.45,UPI,FAILED,BANK_SERVER_DOWN,43,5,24,10,NETBANKING,16,Thursday,0
TXN_046641,CUST_08597,20597.16,NETBANKING,FAILED,CARD_DECLINED,46,4,3,4,WALLET,1,Monday,0
TXN_046644,CUST_06815,15096.28,CARD,FAILED,LIMIT_EXCEEDED,36,12,15,2,NETBANKING,19,Tuesday,0
TXN_046649,CUST_03433,19533.61,UPI,FAILED,CARD_DECLINED,54,12,23,6,WALLET,9,Saturday,1
TXN_046652,CUST_07827,15376.56,WALLET,FAILED,CARD_DECLINED,30,29,21,8,CARD,11,Tuesday,0
TXN_046662,CUST_06028,12930.25,UPI,FAILED,BANK_TIMEOUT,22,25,25,2,WALLET,14,Friday,1
TXN_046679,CUST_00187,10936.8,UPI,FAILED,OTP_FAILURE,39,16,1,10,WALLET,4,Saturday,0
TXN_046688,CUST_09988,14165.56,WALLET,FAILED,INSUFFICIENT_FUNDS,36,20,3,10,NETBANKING,11,Monday,0
TXN_046691,CUST_06422,11518.9,UPI,FAILED,BANK_SERVER_DOWN,35,9,14,4,CARD,20,Friday,0
TXN_046704,CUST_02785,11211.82,NETBANKING,FAILED,INSUFFICIENT_FUNDS,47,22,9,1,CARD,13,Monday,0
TXN_046708,CUST_09170,9193.63,UPI,FAILED,BANK_TIMEOUT,20,15,24,8,NETBANKING,9,Tuesday,1
TXN_046710,CUST_08038,9276.19,WALLET,FAILED,BANK_SERVER_DOWN,59,20,11,2,CARD,19,Saturday,0
TXN_046714,CUST_05474,1183.58,UPI,FAILED,OTP_FAILURE,46,5,21,1,UPI,22,Monday,0
TXN_046717,CUST_02984,2129.89,UPI,FAILED,NETWORK_ERROR,56,4,2,3,WALLET,22,Friday,1
TXN_046727,CUST_03976,10581.51,WALLET,FAILED,BANK_SERVER_DOWN,42,14,15,0,CARD,11,Sunday,1
TXN_046729,CUST_05940,10073.82,UPI,FAILED,INSUFFICIENT_FUNDS,22,9,15,0,WALLET,21,Thursday,1
TXN_046730,CUST_08733,1362.74,UPI,FAILED,NETWORK_ERROR,26,6,14,7,CARD,10,Thursday,1
TXN_046734,CUST_02064,1055.44,CARD,FAILED,LIMIT_EXCEEDED,56,4,1,10,NETBANKING,1,Tuesday,0
TXN_046735,CUST_03313,8709.17,CARD,FAILED,BANK_TIMEOUT,57,19,25,7,NETBANKING,13,Thursday,0
TXN_046748,CUST_09964,8732.17,CARD,FAILED,BANK_TIMEOUT,34,21,24,9,NETBANKING,19,Friday,1
TXN_046751,CUST_07794,21236.85,CARD,FAILED,CARD_DECLINED,46,1,9,10,WALLET,18,Monday,0
TXN_046756,CUST_02304,8912.35,NETBANKING,FAILED,NETWORK_ERROR,43,11,19,5,NETBANKING,7,Saturday,0
TXN_046763,CUST_08806,1051.06,UPI,FAILED,NETWORK_ERROR,31,22,12,3,UPI,0,Saturday,1
TXN_046771,CUST_06319,3481.63,NETBANKING,FAILED,BANK_TIMEOUT,32,18,2,5,CARD,23,Wednesday,0
TXN_046773,CUST_07820,13051.84,UPI,FAILED,LIMIT_EXCEEDED,55,26,19,9,CARD,20,Tuesday,0
TXN_046788,CUST_01782,4589.43,UPI,FAILED,OTP_FAILURE,42,13,15,7,CARD,14,Tuesday,0
TXN_046805,CUST_03723,20797.88,CARD,FAILED,OTP_FAILURE,39,29,22,9,NETBANKING,12,Friday,0
TXN_046808,CUST_06632,338.02,CARD,FAILED,LIMIT_EXCEEDED,57,26,20,0,WALLET,14,Monday,0
TXN_046809,CUST_01375,1681.74,WALLET,FAILED,OTP_FAILURE,35,17,14,8,CARD,1,Monday,0
TXN_046811,CUST_08056,22424.81,NETBANKING,FAILED,NETWORK_ERROR,53,4,18,4,CARD,20,Tuesday,0
TXN_046816,CUST_03892,13407.21,CARD,FAILED,INSUFFICIENT_FUNDS,41,23,19,0,UPI,11,Sunday,0
TXN_046821,CUST_01597,9503.85,UPI,FAILED,OTP_FAILURE,37,23,23,1,UPI,18,Monday,0
TXN_046825,CUST_03669,22226.57,NETBANKING,FAILED,BANK_TIMEOUT,48,13,14,5,CARD,22,Saturday,1
TXN_046826,CUST_06038,16366.78,WALLET,FAILED,NETWORK_ERROR,55,24,23,0,CARD,17,Monday,1
TXN_046841,CUST_03888,3969.93,UPI,FAILED,OTP_FAILURE,27,3,3,9,CARD,5,Sunday,0
TXN_046845,CUST_09299,20825.67,WALLET,FAILED,INSUFFICIENT_FUNDS,28,9,20,8,WALLET,15,Monday,0
TXN_046848,CUST_01930,17683.58,NETBANKING,FAILED,CARD_DECLINED,40,20,1,4,CARD,21,Friday,0
TXN_046863,CUST_01972,11261.26,NETBANKING,FAILED,NETWORK_ERROR,34,3,2,7,UPI,3,Thursday,0
TXN_046867,CUST_00692,15640.91,WALLET,FAILED,LIMIT_EXCEEDED,53,14,21,7,NETBANKING,16,Thursday,0
TXN_046873,CUST_09462,15731.24,WALLET,FAILED,CARD_DECLINED,46,1,8,8,UPI,12,Sunday,0
TXN_046880,CUST_09799,11876.1,UPI,FAILED,CARD_DECLINED,46,30,25,7,UPI,12,Thursday,0
TXN_046891,CUST_05212,22466.72,NETBANKING,FAILED,INSUFFICIENT_FUNDS,56,22,8,5,WALLET,3,Sunday,0
TXN_046892,CUST_03099,380.73,UPI,FAILED,NETWORK_ERROR,33,11,6,5,CARD,10,Tuesday,0
TXN_046896,CUST_03939,12666.9,UPI,FAILED,OTP_FAILURE,42,2,17,3,CARD,12,Tuesday,0
TXN_046902,CUST_09095,24930.92,CARD,FAILED,LIMIT_EXCEEDED,51,24,21,1,NETBANKING,19,Wednesday,0
TXN_046907,CUST_06936,5425.89,WALLET,FAILED,BANK_TIMEOUT,59,13,20,5,UPI,2,Monday,1
TXN_046911,CUST_00733,16839.32,UPI,FAILED,CARD_DECLINED,22,27,25,4,CARD,21,Thursday,0
TXN_046913,CUST_00108,8732.92,UPI,FAILED,BANK_TIMEOUT,19,24,10,10,WALLET,9,Monday,1
TXN_046916,CUST_06132,24985.87,UPI,FAILED,BANK_SERVER_DOWN,56,7,19,4,NETBANKING,8,Tuesday,0
TXN_046932,CUST_03678,17695.39,NETBANKING,FAILED,LIMIT_EXCEEDED,58,15,14,6,UPI,5,Tuesday,0
TXN_046937,CUST_04108,13735.34,CARD,FAILED,OTP_FAILURE,19,10,24,8,CARD,23,Wednesday,1
TXN_046939,CUST_04555,872.76,UPI,FAILED,BANK_SERVER_DOWN,28,24,16,3,NETBANKING,2,Tuesday,0
TXN_046940,CUST_08698,8603.09,UPI,FAILED,CARD_DECLINED,18,28,18,6,NETBANKING,5,Monday,0
TXN_046960,CUST_01012,20987.61,WALLET,FAILED,CARD_DECLINED,50,3,7,2,CARD,1,Wednesday,0
TXN_046962,CUST_03912,11830.54,WALLET,FAILED,INSUFFICIENT_FUNDS,46,24,4,7,UPI,0,Friday,0
TXN_046969,CUST_00226,22689.61,NETBANKING,FAILED,BANK_TIMEOUT,31,4,1,0,WALLET,7,Sunday,1
TXN_046974,CUST_04571,15195.61,NETBANKING,FAILED,BANK_SERVER_DOWN,32,18,7,0,NETBANKING,12,Monday,0
TXN_046983,CUST_05020,21932.09,NETBANKING,FAILED,OTP_FAILURE,41,21,12,4,WALLET,2,Friday,0
TXN_046985,CUST_05164,4550.35,NETBANKING,FAILED,LIMIT_EXCEEDED,27,27,24,8,CARD,22,Sunday,0
TXN_046997,CUST_02857,10017.51,WALLET,FAILED,BANK_TIMEOUT,44,10,20,7,NETBANKING,20,Monday,1
TXN_047003,CUST_07396,9203.82,NETBANKING,FAILED,NETWORK_ERROR,48,9,13,1,NETBANKING,1,Tuesday,0
TXN_047009,CUST_04660,11206.54,CARD,FAILED,OTP_FAILURE,41,11,12,4,NETBANKING,13,Monday,0
TXN_047017,CUST_02891,19229.94,CARD,FAILED,NETWORK_ERROR,46,10,1,10,CARD,23,Friday,0
TXN_047022,CUST_03297,13248.32,WALLET,FAILED,NETWORK_ERROR,60,9,19,6,WALLET,7,Wednesday,1
TXN_047029,CUST_01265,1802.19,CARD,FAILED,LIMIT_EXCEEDED,20,14,17,6,UPI,14,Thursday,0
TXN_047030,CUST_05563,21959.0,CARD,FAILED,NETWORK_ERROR,48,27,1,3,NETBANKING,10,Friday,1
TXN_047035,CUST_05528,20084.76,NETBANKING,FAILED,INSUFFICIENT_FUNDS,45,25,12,3,WALLET,14,Tuesday,0
TXN_047039,CUST_02095,16534.14,NETBANKING,FAILED,OTP_FAILURE,48,20,5,10,NETBANKING,6,Tuesday,0
TXN_047044,CUST_04660,17337.45,UPI,FAILED,BANK_TIMEOUT,41,11,12,4,NETBANKING,9,Wednesday,1
TXN_047046,CUST_01507,21661.49,UPI,FAILED,CARD_DECLINED,21,9,2,0,UPI,0,Wednesday,0
TXN_047047,CUST_05477,8131.3,UPI,FAILED,NETWORK_ERROR,30,2,2,2,NETBANKING,21,Thursday,1
TXN_047052,CUST_06476,6971.17,UPI,FAILED,LIMIT_EXCEEDED,56,25,19,6,WALLET,23,Friday,0
TXN_047056,CUST_04679,7093.12,CARD,FAILED,INSUFFICIENT_FUNDS,58,18,12,7,UPI,22,Wednesday,0
TXN_047067,CUST_01275,13826.22,WALLET,FAILED,OTP_FAILURE,35,19,19,3,UPI,2,Saturday,0
TXN_047077,CUST_02347,20677.03,WALLET,FAILED,INSUFFICIENT_FUNDS,60,23,22,4,UPI,11,Monday,0
TXN_047080,CUST_06947,24840.45,NETBANKING,FAILED,NETWORK_ERROR,49,18,25,2,CARD,11,Saturday,1
TXN_047101,CUST_06832,16199.08,NETBANKING,FAILED,CARD_DECLINED,44,23,4,6,UPI,12,Monday,0
TXN_047108,CUST_06435,18606.75,CARD,FAILED,INSUFFICIENT_FUNDS,60,3,19,8,NETBANKING,16,Wednesday,1
TXN_047118,CUST_06929,2998.53,UPI,FAILED,BANK_SERVER_DOWN,40,25,5,0,CARD,14,Thursday,0
TXN_047134,CUST_06323,1068.67,NETBANKING,FAILED,OTP_FAILURE,58,21,5,1,WALLET,10,Monday,0
TXN_047135,CUST_08694,8242.55,NETBANKING,FAILED,CARD_DECLINED,34,6,9,2,UPI,11,Friday,0
TXN_047136,CUST_02479,19684.57,NETBANKING,FAILED,CARD_DECLINED,57,27,3,7,CARD,6,Friday,0
TXN_047140,CUST_06110,6975.81,UPI,FAILED,INSUFFICIENT_FUNDS,52,29,16,9,WALLET,12,Tuesday,0
TXN_047149,CUST_06750,14949.45,NETBANKING,FAILED,CARD_DECLINED,34,8,5,9,UPI,19,Wednesday,0
TXN_047154,CUST_01095,23800.07,CARD,FAILED,BANK_SERVER_DOWN,30,5,2,1,CARD,20,Friday,0
TXN_047157,CUST_09836,8673.77,WALLET,FAILED,OTP_FAILURE,19,4,1,5,NETBANKING,20,Monday,0
TXN_047167,CUST_09006,15441.6,CARD,FAILED,BANK_SERVER_DOWN,56,16,12,10,WALLET,0,Monday,0
TXN_047168,CUST_05496,22190.69,WALLET,FAILED,OTP_FAILURE,36,24,22,2,CARD,12,Sunday,0
TXN_047174,CUST_04344,18542.02,NETBANKING,FAILED,BANK_TIMEOUT,42,18,10,5,WALLET,14,Monday,1
TXN_047177,CUST_07425,16968.96,NETBANKING,FAILED,NETWORK_ERROR,23,10,19,6,NETBANKING,15,Sunday,0
TXN_047178,CUST_00818,4561.5,UPI,FAILED,CARD_DECLINED,47,8,15,7,WALLET,3,Saturday,1
TXN_047180,CUST_05789,9104.84,NETBANKING,FAILED,BANK_SERVER_DOWN,37,5,14,1,UPI,18,Wednesday,0
TXN_047184,CUST_06867,19932.72,UPI,FAILED,OTP_FAILURE,27,19,11,10,CARD,17,Wednesday,0
TXN_047191,CUST_07250,16715.78,WALLET,FAILED,OTP_FAILURE,39,10,10,3,NETBANKING,7,Sunday,0
TXN_047194,CUST_06406,7438.68,UPI,FAILED,BANK_SERVER_DOWN,26,20,16,6,WALLET,12,Wednesday,0
TXN_047197,CUST_02187,17479.57,CARD,FAILED,BANK_SERVER_DOWN,48,9,9,2,NETBANKING,20,Saturday,0
TXN_047206,CUST_02987,8903.71,WALLET,FAILED,INSUFFICIENT_FUNDS,26,29,6,6,NETBANKING,10,Wednesday,0
TXN_047212,CUST_03366,19226.13,UPI,FAILED,OTP_FAILURE,46,22,6,8,NETBANKING,14,Saturday,0
TXN_047213,CUST_06468,11747.62,NETBANKING,FAILED,BANK_SERVER_DOWN,42,3,10,10,NETBANKING,21,Wednesday,0
TXN_047217,CUST_05083,4818.63,NETBANKING,FAILED,LIMIT_EXCEEDED,19,30,10,2,NETBANKING,2,Thursday,1
TXN_047220,CUST_00488,12934.82,WALLET,FAILED,NETWORK_ERROR,52,11,25,3,UPI,0,Thursday,0
TXN_047228,CUST_01118,11632.62,WALLET,FAILED,LIMIT_EXCEEDED,23,26,20,6,NETBANKING,7,Thursday,1
TXN_047255,CUST_04114,3260.04,WALLET,FAILED,BANK_SERVER_DOWN,55,1,9,1,CARD,7,Thursday,0
TXN_047260,CUST_04788,3044.72,WALLET,FAILED,OTP_FAILURE,49,6,7,0,NETBANKING,3,Tuesday,0
TXN_047265,CUST_07426,11644.97,CARD,FAILED,NETWORK_ERROR,39,22,20,9,WALLET,2,Sunday,1
TXN_047283,CUST_02231,13519.21,NETBANKING,FAILED,NETWORK_ERROR,54,16,10,5,NETBANKING,12,Wednesday,1
TXN_047289,CUST_03556,3081.3,NETBANKING,FAILED,CARD_DECLINED,51,16,6,3,UPI,7,Tuesday,0
TXN_047306,CUST_03541,7565.82,UPI,FAILED,CARD_DECLINED,31,10,22,4,CARD,1,Thursday,0
TXN_047315,CUST_01083,24479.48,NETBANKING,FAILED,CARD_DECLINED,18,19,16,7,UPI,17,Tuesday,0
TXN_047328,CUST_07643,5436.81,WALLET,FAILED,BANK_SERVER_DOWN,28,24,15,7,WALLET,1,Tuesday,0
TXN_047336,CUST_01026,18479.89,NETBANKING,FAILED,NETWORK_ERROR,58,14,3,3,UPI,11,Tuesday,0
TXN_047342,CUST_07145,12626.1,CARD,FAILED,BANK_SERVER_DOWN,38,2,20,2,UPI,12,Tuesday,0
TXN_047343,CUST_08037,3434.25,WALLET,FAILED,LIMIT_EXCEEDED,27,29,11,7,UPI,2,Friday,0
TXN_047349,CUST_00694,11336.91,CARD,FAILED,BANK_TIMEOUT,42,13,10,5,NETBANKING,19,Friday,1
TXN_047352,CUST_08522,16198.22,UPI,FAILED,CARD_DECLINED,58,8,15,0,UPI,5,Friday,0
TXN_047355,CUST_01542,14772.62,WALLET,FAILED,BANK_SERVER_DOWN,50,8,4,10,WALLET,22,Saturday,0
TXN_047357,CUST_01904,14186.06,CARD,FAILED,BANK_SERVER_DOWN,20,20,1,0,CARD,8,Sunday,0
TXN_047360,CUST_05677,392.94,NETBANKING,FAILED,LIMIT_EXCEEDED,49,23,3,7,UPI,16,Friday,0
TXN_047361,CUST_04965,20763.72,CARD,FAILED,CARD_DECLINED,45,6,22,7,CARD,4,Saturday,0
TXN_047372,CUST_06673,12922.08,NETBANKING,FAILED,INSUFFICIENT_FUNDS,54,14,3,7,UPI,5,Monday,0
TXN_047394,CUST_08273,6573.61,UPI,FAILED,OTP_FAILURE,42,15,11,0,WALLET,3,Sunday,0
TXN_047395,CUST_06070,1603.12,NETBANKING,FAILED,CARD_DECLINED,30,25,7,8,CARD,9,Wednesday,0
TXN_047407,CUST_03409,10879.06,UPI,FAILED,BANK_TIMEOUT,30,4,16,4,WALLET,6,Tuesday,0
TXN_047411,CUST_03659,20669.58,WALLET,FAILED,LIMIT_EXCEEDED,56,19,1,9,UPI,5,Wednesday,0
TXN_047416,CUST_08107,22635.8,CARD,FAILED,BANK_TIMEOUT,29,24,17,1,NETBANKING,16,Tuesday,1
TXN_047432,CUST_06236,22823.54,CARD,FAILED,BANK_SERVER_DOWN,56,4,3,3,NETBANKING,15,Sunday,0
TXN_047436,CUST_02535,8047.17,UPI,FAILED,BANK_TIMEOUT,21,9,21,3,CARD,16,Sunday,0
TXN_047448,CUST_08512,17266.4,WALLET,FAILED,BANK_SERVER_DOWN,24,13,25,6,CARD,1,Thursday,1
TXN_047455,CUST_04214,3328.96,NETBANKING,FAILED,LIMIT_EXCEEDED,53,23,10,9,CARD,19,Sunday,0
TXN_047465,CUST_08220,9701.59,CARD,FAILED,BANK_TIMEOUT,59,13,24,6,WALLET,4,Saturday,1
TXN_047466,CUST_04087,15042.32,CARD,FAILED,CARD_DECLINED,44,8,9,8,NETBANKING,17,Tuesday,0
TXN_047467,CUST_09406,15282.74,NETBANKING,FAILED,BANK_SERVER_DOWN,28,19,12,2,CARD,7,Monday,0
TXN_047475,CUST_03264,1223.29,WALLET,FAILED,INSUFFICIENT_FUNDS,45,6,2,5,NETBANKING,20,Thursday,0
TXN_047479,CUST_03958,12442.29,WALLET,FAILED,BANK_TIMEOUT,55,18,12,9,UPI,23,Saturday,1
TXN_047484,CUST_08982,15303.51,WALLET,FAILED,BANK_TIMEOUT,40,7,4,6,CARD,21,Monday,1
TXN_047492,CUST_02374,486.2,CARD,FAILED,NETWORK_ERROR,46,17,3,7,UPI,16,Saturday,0
TXN_047497,CUST_07222,329.08,NETBANKING,FAILED,LIMIT_EXCEEDED,49,19,2,9,CARD,4,Monday,0
TXN_047500,CUST_09747,3760.44,WALLET,FAILED,BANK_SERVER_DOWN,40,21,16,5,NETBANKING,3,Sunday,0
TXN_047501,CUST_08582,20654.82,UPI,FAILED,NETWORK_ERROR,46,26,22,0,CARD,19,Friday,1
TXN_047517,CUST_05057,19197.62,WALLET,FAILED,INSUFFICIENT_FUNDS,27,22,7,0,WALLET,12,Monday,0
TXN_047520,CUST_02519,21976.08,CARD,FAILED,BANK_SERVER_DOWN,28,1,16,3,UPI,7,Thursday,0
TXN_047521,CUST_06915,5106.03,CARD,FAILED,OTP_FAILURE,37,27,9,8,WALLET,13,Wednesday,0
TXN_047528,CUST_01607,20260.4,NETBANKING,FAILED,OTP_FAILURE,55,27,2,1,UPI,1,Thursday,0
TXN_047531,CUST_06364,23004.09,UPI,FAILED,BANK_SERVER_DOWN,51,4,15,7,CARD,14,Monday,0
TXN_047536,CUST_07317,6462.72,CARD,FAILED,BANK_SERVER_DOWN,43,28,7,1,NETBANKING,6,Thursday,0
TXN_047537,CUST_09857,24590.19,WALLET,FAILED,OTP_FAILURE,30,21,8,8,UPI,9,Saturday,0
TXN_047540,CUST_00582,20129.14,CARD,FAILED,BANK_TIMEOUT,21,9,1,4,NETBANKING,15,Wednesday,0
TXN_047544,CUST_07878,22106.48,NETBANKING,FAILED,BANK_TIMEOUT,36,14,8,7,CARD,7,Wednesday,1
TXN_047547,CUST_03752,13874.02,WALLET,FAILED,LIMIT_EXCEEDED,57,12,13,1,CARD,7,Wednesday,0
TXN_047549,CUST_03915,14767.0,WALLET,FAILED,NETWORK_ERROR,31,14,24,2,UPI,8,Friday,1
TXN_047582,CUST_04365,24930.19,NETBANKING,FAILED,INSUFFICIENT_FUNDS,37,1,16,1,WALLET,12,Saturday,0
TXN_047591,CUST_06024,13485.85,WALLET,FAILED,BANK_SERVER_DOWN,55,30,18,6,NETBANKING,1,Wednesday,1
TXN_047601,CUST_06480,9867.47,NETBANKING,FAILED,BANK_TIMEOUT,18,18,25,4,WALLET,6,Tuesday,0
TXN_047603,CUST_00944,415.64,NETBANKING,FAILED,INSUFFICIENT_FUNDS,23,22,17,6,WALLET,16,Friday,0
TXN_047613,CUST_06514,6228.66,NETBANKING,FAILED,BANK_SERVER_DOWN,55,23,6,3,NETBANKING,19,Saturday,0
TXN_047618,CUST_03310,9800.87,UPI,FAILED,INSUFFICIENT_FUNDS,58,16,1,3,CARD,20,Monday,0
TXN_047621,CUST_06172,23469.51,CARD,FAILED,CARD_DECLINED,27,24,19,2,UPI,21,Tuesday,0
TXN_047628,CUST_03006,10516.56,WALLET,FAILED,BANK_SERVER_DOWN,50,11,5,5,CARD,15,Friday,0
TXN_047632,CUST_02195,11327.79,CARD,FAILED,CARD_DECLINED,60,29,17,1,UPI,9,Thursday,1
TXN_047641,CUST_05798,18096.82,WALLET,FAILED,INSUFFICIENT_FUNDS,36,30,24,2,WALLET,12,Monday,0
TXN_047644,CUST_04733,7697.03,NETBANKING,FAILED,LIMIT_EXCEEDED,19,28,14,1,WALLET,10,Tuesday,0
TXN_047656,CUST_09486,3318.84,WALLET,FAILED,OTP_FAILURE,36,16,24,7,CARD,7,Monday,0
TXN_047666,CUST_02345,8222.93,UPI,FAILED,BANK_TIMEOUT,40,21,5,6,WALLET,8,Sunday,0
TXN_047667,CUST_09477,20222.92,CARD,FAILED,BANK_TIMEOUT,59,24,5,0,NETBANKING,8,Wednesday,1
TXN_047670,CUST_00557,10008.25,CARD,FAILED,OTP_FAILURE,44,6,14,2,WALLET,22,Friday,0
TXN_047679,CUST_01731,7272.88,WALLET,FAILED,NETWORK_ERROR,32,18,22,0,UPI,4,Saturday,0
TXN_047680,CUST_09634,24550.65,UPI,FAILED,OTP_FAILURE,20,16,22,0,CARD,11,Sunday,0
TXN_047683,CUST_02961,3531.23,UPI,FAILED,NETWORK_ERROR,45,12,21,3,UPI,23,Tuesday,1
TXN_047687,CUST_08404,5912.18,UPI,FAILED,OTP_FAILURE,26,21,9,2,NETBANKING,20,Sunday,0
TXN_047688,CUST_07817,16719.14,NETBANKING,FAILED,OTP_FAILURE,35,28,4,7,CARD,4,Sunday,0
TXN_047691,CUST_08522,24588.48,CARD,FAILED,OTP_FAILURE,58,8,15,0,UPI,3,Sunday,0
TXN_047692,CUST_02221,24714.89,WALLET,FAILED,LIMIT_EXCEEDED,59,25,4,10,NETBANKING,23,Thursday,0
TXN_047694,CUST_03869,13038.05,WALLET,FAILED,LIMIT_EXCEEDED,34,28,16,7,CARD,12,Saturday,1
TXN_047697,CUST_02347,24646.75,CARD,FAILED,BANK_SERVER_DOWN,60,23,22,4,UPI,8,Friday,0
TXN_047702,CUST_01453,10043.62,NETBANKING,FAILED,BANK_SERVER_DOWN,54,20,15,3,CARD,0,Thursday,1
TXN_047711,CUST_06010,3703.99,WALLET,FAILED,INSUFFICIENT_FUNDS,49,30,8,3,UPI,16,Saturday,0
TXN_047718,CUST_00409,8268.54,NETBANKING,FAILED,BANK_TIMEOUT,34,28,8,10,UPI,6,Monday,0
TXN_047721,CUST_00290,10061.79,WALLET,FAILED,BANK_SERVER_DOWN,60,4,4,8,CARD,23,Sunday,0
TXN_047740,CUST_09315,19835.6,CARD,FAILED,LIMIT_EXCEEDED,30,10,16,2,NETBANKING,4,Monday,0
TXN_047741,CUST_02186,9418.96,NETBANKING,FAILED,BANK_TIMEOUT,55,2,1,0,WALLET,1,Wednesday,0
TXN_047749,CUST_07159,16081.38,UPI,FAILED,LIMIT_EXCEEDED,42,21,18,5,NETBANKING,1,Thursday,0
TXN_047750,CUST_03668,15204.05,NETBANKING,FAILED,NETWORK_ERROR,59,6,5,5,CARD,2,Saturday,0
TXN_047751,CUST_05493,20320.0,NETBANKING,FAILED,CARD_DECLINED,57,1,25,2,WALLET,14,Friday,0
TXN_047758,CUST_02140,10410.35,NETBANKING,FAILED,BANK_TIMEOUT,41,26,7,6,UPI,1,Monday,1
TXN_047775,CUST_05455,17122.83,CARD,FAILED,LIMIT_EXCEEDED,36,15,2,3,UPI,23,Wednesday,0
TXN_047778,CUST_00986,16480.51,UPI,FAILED,CARD_DECLINED,39,5,18,4,WALLET,14,Sunday,1
TXN_047779,CUST_02445,24123.84,UPI,FAILED,NETWORK_ERROR,25,9,4,6,WALLET,17,Wednesday,0
TXN_047780,CUST_07237,23057.38,CARD,FAILED,INSUFFICIENT_FUNDS,54,16,20,1,UPI,21,Wednesday,0
TXN_047781,CUST_03147,23507.22,CARD,FAILED,LIMIT_EXCEEDED,51,1,20,0,WALLET,1,Friday,0
TXN_047784,CUST_01476,14044.07,WALLET,FAILED,OTP_FAILURE,28,16,9,3,UPI,0,Wednesday,0
TXN_047801,CUST_05323,1246.71,WALLET,FAILED,NETWORK_ERROR,38,20,10,6,NETBANKING,15,Thursday,1
TXN_047802,CUST_09537,9940.91,UPI,FAILED,OTP_FAILURE,27,27,5,9,CARD,12,Thursday,0
TXN_047803,CUST_06914,12045.97,CARD,FAILED,NETWORK_ERROR,57,3,3,10,WALLET,16,Saturday,0
TXN_047817,CUST_02110,23419.94,UPI,FAILED,INSUFFICIENT_FUNDS,40,2,3,7,WALLET,9,Friday,0
TXN_047818,CUST_05518,11691.99,WALLET,FAILED,INSUFFICIENT_FUNDS,39,19,21,7,NETBANKING,9,Thursday,1
TXN_047822,CUST_03033,4152.91,UPI,FAILED,CARD_DECLINED,19,12,25,2,UPI,22,Friday,0
TXN_047845,CUST_05537,5995.07,CARD,FAILED,OTP_FAILURE,42,9,12,3,NETBANKING,12,Thursday,0
TXN_047850,CUST_04897,24378.5,WALLET,FAILED,BANK_SERVER_DOWN,28,9,24,3,CARD,8,Wednesday,0
TXN_047852,CUST_07722,16174.67,UPI,FAILED,NETWORK_ERROR,41,5,10,4,NETBANKING,2,Saturday,0
TXN_047853,CUST_09238,6126.03,UPI,FAILED,CARD_DECLINED,54,30,13,8,WALLET,21,Monday,0
TXN_047855,CUST_06703,4193.96,NETBANKING,FAILED,OTP_FAILURE,44,22,25,7,CARD,6,Sunday,0
TXN_047858,CUST_09618,16972.84,WALLET,FAILED,CARD_DECLINED,35,22,11,5,NETBANKING,21,Friday,0
TXN_047861,CUST_09516,8006.39,UPI,FAILED,INSUFFICIENT_FUNDS,56,27,2,2,UPI,13,Friday,1
TXN_047872,CUST_04947,22328.75,NETBANKING,FAILED,CARD_DECLINED,53,12,11,6,WALLET,18,Wednesday,1
TXN_047873,CUST_04709,10220.66,CARD,FAILED,BANK_SERVER_DOWN,42,25,12,6,WALLET,4,Saturday,0
TXN_047880,CUST_05914,6575.86,UPI,FAILED,BANK_SERVER_DOWN,54,23,2,9,NETBANKING,17,Saturday,0
TXN_047887,CUST_05666,18250.6,WALLET,FAILED,INSUFFICIENT_FUNDS,51,11,17,7,WALLET,16,Saturday,0
TXN_047891,CUST_07222,18052.95,WALLET,FAILED,OTP_FAILURE,49,19,2,9,CARD,6,Thursday,0
TXN_047892,CUST_09918,23639.65,CARD,FAILED,LIMIT_EXCEEDED,59,18,2,2,WALLET,23,Thursday,0
TXN_047894,CUST_00098,12086.33,UPI,FAILED,OTP_FAILURE,56,24,2,8,CARD,9,Wednesday,0
TXN_047901,CUST_04921,16689.07,NETBANKING,FAILED,OTP_FAILURE,25,14,20,10,UPI,18,Thursday,1
TXN_047910,CUST_06253,5557.42,CARD,FAILED,OTP_FAILURE,27,22,21,0,WALLET,6,Saturday,0
TXN_047911,CUST_07570,7518.53,CARD,FAILED,LIMIT_EXCEEDED,41,13,8,2,UPI,5,Tuesday,0
TXN_047915,CUST_08941,5131.18,UPI,FAILED,INSUFFICIENT_FUNDS,47,27,22,6,NETBANKING,1,Thursday,1
TXN_047919,CUST_05727,19512.24,WALLET,FAILED,NETWORK_ERROR,60,15,14,1,UPI,16,Friday,0
TXN_047921,CUST_04478,9677.6,NETBANKING,FAILED,LIMIT_EXCEEDED,35,18,6,5,WALLET,11,Sunday,0
TXN_047925,CUST_07054,2384.86,CARD,FAILED,BANK_SERVER_DOWN,37,2,18,9,NETBANKING,15,Sunday,0
TXN_047938,CUST_02439,17928.21,NETBANKING,FAILED,LIMIT_EXCEEDED,20,7,17,0,CARD,3,Monday,0
TXN_047943,CUST_00052,20656.66,NETBANKING,FAILED,LIMIT_EXCEEDED,36,4,6,8,WALLET,1,Wednesday,0
TXN_047947,CUST_00705,16045.25,NETBANKING,FAILED,BANK_TIMEOUT,37,16,18,1,WALLET,8,Saturday,0
TXN_047956,CUST_06521,13234.6,UPI,FAILED,NETWORK_ERROR,44,1,22,1,CARD,18,Thursday,1
TXN_047958,CUST_07990,12523.9,NETBANKING,FAILED,NETWORK_ERROR,53,1,10,0,CARD,5,Thursday,1
TXN_047965,CUST_07705,13248.21,CARD,FAILED,BANK_TIMEOUT,33,26,14,8,CARD,9,Sunday,1
TXN_047968,CUST_04577,20632.9,UPI,FAILED,BANK_SERVER_DOWN,55,7,7,0,NETBANKING,11,Friday,0
TXN_047972,CUST_06915,2232.65,UPI,FAILED,INSUFFICIENT_FUNDS,37,27,9,8,WALLET,5,Saturday,0
TXN_047978,CUST_08150,5975.57,WALLET,FAILED,BANK_TIMEOUT,58,5,6,8,CARD,20,Wednesday,1
TXN_047984,CUST_05342,18984.64,CARD,FAILED,LIMIT_EXCEEDED,55,18,5,6,NETBANKING,0,Monday,0
TXN_047994,CUST_09665,11151.85,NETBANKING,FAILED,BANK_TIMEOUT,43,24,25,6,WALLET,15,Saturday,0
TXN_047996,CUST_06903,22958.86,WALLET,FAILED,LIMIT_EXCEEDED,18,21,4,8,UPI,6,Tuesday,0
TXN_047998,CUST_09953,7261.87,CARD,FAILED,CARD_DECLINED,29,8,5,3,CARD,3,Sunday,0
TXN_048004,CUST_07137,4991.98,WALLET,FAILED,BANK_SERVER_DOWN,37,6,4,4,NETBANKING,21,Saturday,0
TXN_048005,CUST_06148,1513.71,CARD,FAILED,OTP_FAILURE,22,11,22,1,NETBANKING,9,Sunday,0
TXN_048011,CUST_00720,16036.4,WALLET,FAILED,OTP_FAILURE,25,3,13,3,UPI,3,Monday,0
TXN_048014,CUST_06432,3518.06,UPI,FAILED,OTP_FAILURE,23,19,3,6,WALLET,22,Sunday,0
TXN_048024,CUST_01333,16587.53,CARD,FAILED,OTP_FAILURE,23,4,4,4,UPI,4,Tuesday,0
TXN_048039,CUST_01085,10626.52,UPI,FAILED,OTP_FAILURE,27,8,25,4,NETBANKING,22,Tuesday,1
TXN_048041,CUST_05312,7446.83,CARD,FAILED,OTP_FAILURE,27,16,7,7,UPI,20,Friday,0
TXN_048046,CUST_04963,11274.97,NETBANKING,FAILED,LIMIT_EXCEEDED,30,18,6,6,CARD,3,Friday,0
TXN_048058,CUST_09572,1039.11,CARD,FAILED,NETWORK_ERROR,51,12,21,8,CARD,4,Monday,1
TXN_048067,CUST_09989,2597.68,CARD,FAILED,CARD_DECLINED,46,6,21,5,NETBANKING,1,Thursday,0
TXN_048074,CUST_05769,21860.55,WALLET,FAILED,LIMIT_EXCEEDED,54,13,11,1,CARD,23,Tuesday,0
TXN_048077,CUST_00402,774.79,NETBANKING,FAILED,BANK_SERVER_DOWN,38,10,6,2,CARD,3,Monday,0
TXN_048080,CUST_04696,17700.42,CARD,FAILED,BANK_TIMEOUT,24,11,15,5,UPI,16,Sunday,1
TXN_048092,CUST_01433,15914.58,UPI,FAILED,INSUFFICIENT_FUNDS,19,22,25,0,CARD,11,Thursday,0
TXN_048101,CUST_04526,11103.25,CARD,FAILED,OTP_FAILURE,50,5,7,10,CARD,21,Monday,0
TXN_048111,CUST_06956,9625.56,WALLET,FAILED,CARD_DECLINED,29,29,8,7,WALLET,4,Monday,0
TXN_048115,CUST_09669,23116.28,WALLET,FAILED,BANK_TIMEOUT,50,20,14,7,WALLET,18,Monday,1
TXN_048117,CUST_09046,15912.18,WALLET,FAILED,NETWORK_ERROR,18,5,17,1,WALLET,7,Monday,0
TXN_048136,CUST_08766,20631.46,CARD,FAILED,LIMIT_EXCEEDED,28,29,4,1,NETBANKING,21,Friday,0
TXN_048139,CUST_05367,4606.61,UPI,FAILED,BANK_TIMEOUT,57,3,2,3,NETBANKING,3,Wednesday,1
TXN_048144,CUST_00319,3951.54,WALLET,FAILED,BANK_SERVER_DOWN,56,17,12,6,UPI,1,Thursday,0
TXN_048154,CUST_06749,15329.61,WALLET,FAILED,LIMIT_EXCEEDED,18,9,17,6,WALLET,8,Saturday,0
TXN_048156,CUST_00616,24901.76,NETBANKING,FAILED,CARD_DECLINED,51,6,5,0,CARD,3,Friday,0
TXN_048159,CUST_04988,16421.0,UPI,FAILED,NETWORK_ERROR,50,2,15,8,UPI,3,Sunday,0
TXN_048166,CUST_06456,1416.88,WALLET,FAILED,BANK_SERVER_DOWN,31,24,23,1,UPI,6,Friday,0
TXN_048167,CUST_03569,18585.45,NETBANKING,FAILED,LIMIT_EXCEEDED,53,9,21,5,NETBANKING,3,Sunday,0
TXN_048177,CUST_04586,11751.18,WALLET,FAILED,BANK_TIMEOUT,24,1,25,9,CARD,11,Sunday,0
TXN_048187,CUST_02761,7620.45,CARD,FAILED,LIMIT_EXCEEDED,41,15,14,7,NETBANKING,15,Tuesday,0
TXN_048193,CUST_09076,18468.21,UPI,FAILED,NETWORK_ERROR,22,2,5,0,WALLET,5,Tuesday,0
TXN_048196,CUST_04288,17090.19,UPI,FAILED,NETWORK_ERROR,42,5,12,10,NETBANKING,18,Saturday,1
TXN_048197,CUST_07331,15779.62,NETBANKING,FAILED,BANK_SERVER_DOWN,36,1,18,9,WALLET,6,Thursday,0
TXN_048219,CUST_05974,22090.66,UPI,FAILED,OTP_FAILURE,31,28,19,8,WALLET,11,Thursday,0
TXN_048228,CUST_01531,18787.64,UPI,FAILED,BANK_SERVER_DOWN,33,15,14,2,UPI,23,Saturday,0
TXN_048237,CUST_00630,4209.2,NETBANKING,FAILED,INSUFFICIENT_FUNDS,35,29,2,5,NETBANKING,18,Monday,1
TXN_048238,CUST_05155,7696.36,UPI,FAILED,CARD_DECLINED,25,8,12,0,UPI,20,Wednesday,1
TXN_048239,CUST_06516,16469.24,NETBANKING,FAILED,INSUFFICIENT_FUNDS,51,20,14,4,CARD,8,Wednesday,0
TXN_048250,CUST_06420,11887.44,WALLET,FAILED,BANK_SERVER_DOWN,19,30,6,1,WALLET,10,Friday,0
TXN_048255,CUST_09044,11129.67,UPI,FAILED,INSUFFICIENT_FUNDS,44,19,20,7,NETBANKING,17,Wednesday,0
TXN_048259,CUST_03623,2755.29,UPI,FAILED,BANK_SERVER_DOWN,32,24,7,8,CARD,18,Thursday,1
TXN_048272,CUST_01394,19028.84,WALLET,FAILED,OTP_FAILURE,21,4,17,8,WALLET,6,Saturday,0
TXN_048275,CUST_02309,244.43,WALLET,FAILED,BANK_SERVER_DOWN,57,20,5,9,WALLET,5,Thursday,0
TXN_048280,CUST_05173,4756.6,WALLET,FAILED,LIMIT_EXCEEDED,45,20,19,5,CARD,2,Saturday,1
TXN_048282,CUST_00433,12030.87,UPI,FAILED,LIMIT_EXCEEDED,43,14,11,10,NETBANKING,15,Thursday,1
TXN_048284,CUST_07146,21638.84,CARD,FAILED,LIMIT_EXCEEDED,54,5,1,8,NETBANKING,23,Monday,0
TXN_048287,CUST_09073,19142.15,UPI,FAILED,BANK_SERVER_DOWN,60,28,22,6,NETBANKING,4,Saturday,0
TXN_048291,CUST_01060,15506.83,CARD,FAILED,CARD_DECLINED,37,24,24,1,UPI,5,Monday,0
TXN_048306,CUST_07290,1325.51,NETBANKING,FAILED,CARD_DECLINED,32,14,18,7,NETBANKING,0,Saturday,0
TXN_048318,CUST_03711,7027.87,WALLET,FAILED,LIMIT_EXCEEDED,54,10,1,6,UPI,5,Tuesday,0
TXN_048325,CUST_03738,13544.38,CARD,FAILED,BANK_SERVER_DOWN,45,28,2,5,WALLET,2,Monday,0
TXN_048329,CUST_06043,16845.22,NETBANKING,FAILED,INSUFFICIENT_FUNDS,59,1,3,8,CARD,1,Tuesday,0
TXN_048332,CUST_04612,7470.51,CARD,FAILED,CARD_DECLINED,39,15,5,6,CARD,19,Tuesday,0
TXN_048335,CUST_05515,9707.44,CARD,FAILED,BANK_SERVER_DOWN,19,27,25,10,NETBANKING,14,Sunday,1
TXN_048339,CUST_03512,4157.73,NETBANKING,FAILED,LIMIT_EXCEEDED,28,26,25,5,UPI,6,Wednesday,0
TXN_048347,CUST_00936,9505.28,CARD,FAILED,BANK_TIMEOUT,47,12,21,6,UPI,15,Monday,1
TXN_048355,CUST_08594,7841.41,CARD,FAILED,BANK_TIMEOUT,25,15,5,8,UPI,21,Sunday,0
TXN_048361,CUST_03037,5328.99,NETBANKING,FAILED,OTP_FAILURE,25,14,5,5,NETBANKING,6,Thursday,0
TXN_048371,CUST_07879,9405.43,UPI,FAILED,LIMIT_EXCEEDED,45,14,23,1,WALLET,14,Thursday,0
TXN_048384,CUST_05462,24306.3,CARD,FAILED,BANK_TIMEOUT,38,15,25,1,WALLET,4,Wednesday,0
TXN_048398,CUST_06693,4224.76,CARD,FAILED,BANK_SERVER_DOWN,45,10,1,8,WALLET,16,Tuesday,0
TXN_048401,CUST_00575,12940.71,UPI,FAILED,INSUFFICIENT_FUNDS,50,19,9,0,NETBANKING,9,Thursday,0
TXN_048403,CUST_08942,8206.56,UPI,FAILED,INSUFFICIENT_FUNDS,54,19,10,6,WALLET,16,Sunday,0
TXN_048438,CUST_03659,6616.93,NETBANKING,FAILED,OTP_FAILURE,56,19,1,9,UPI,9,Sunday,0
TXN_048445,CUST_09813,10284.7,WALLET,FAILED,BANK_SERVER_DOWN,19,23,15,10,UPI,20,Monday,0
TXN_048451,CUST_02569,18136.41,WALLET,FAILED,OTP_FAILURE,49,30,25,1,UPI,4,Tuesday,0
TXN_048460,CUST_00535,14326.46,CARD,FAILED,OTP_FAILURE,45,16,7,4,CARD,22,Tuesday,0
TXN_048462,CUST_06483,20717.04,UPI,FAILED,NETWORK_ERROR,31,16,10,5,CARD,6,Thursday,1
TXN_048464,CUST_08185,18193.16,UPI,FAILED,NETWORK_ERROR,30,2,24,5,WALLET,19,Sunday,1
TXN_048470,CUST_02122,17544.5,WALLET,FAILED,CARD_DECLINED,50,19,1,1,WALLET,20,Monday,0
TXN_048483,CUST_02548,21404.13,WALLET,FAILED,LIMIT_EXCEEDED,44,30,17,0,WALLET,20,Sunday,0
TXN_048492,CUST_08236,19259.86,WALLET,FAILED,BANK_SERVER_DOWN,53,4,3,7,NETBANKING,20,Thursday,0
TXN_048495,CUST_04121,4744.82,UPI,FAILED,INSUFFICIENT_FUNDS,32,22,18,7,WALLET,8,Saturday,0
TXN_048497,CUST_08462,9437.08,UPI,FAILED,LIMIT_EXCEEDED,50,27,21,10,CARD,7,Tuesday,0
TXN_048498,CUST_01159,13635.44,NETBANKING,FAILED,INSUFFICIENT_FUNDS,47,8,9,7,CARD,6,Tuesday,0
TXN_048503,CUST_01090,21639.5,CARD,FAILED,LIMIT_EXCEEDED,25,7,23,5,CARD,16,Friday,0
TXN_048512,CUST_01717,730.91,WALLET,FAILED,LIMIT_EXCEEDED,46,14,12,0,UPI,21,Wednesday,1
TXN_048513,CUST_07656,4996.17,CARD,FAILED,OTP_FAILURE,58,9,6,0,UPI,21,Wednesday,0
TXN_048518,CUST_08654,20671.42,WALLET,FAILED,LIMIT_EXCEEDED,22,18,8,9,CARD,19,Wednesday,0
TXN_048523,CUST_00227,23841.55,WALLET,FAILED,BANK_SERVER_DOWN,35,8,2,2,UPI,8,Wednesday,0
TXN_048548,CUST_09513,1382.69,CARD,FAILED,INSUFFICIENT_FUNDS,21,13,16,9,WALLET,13,Tuesday,0
TXN_048555,CUST_06827,17125.16,NETBANKING,FAILED,LIMIT_EXCEEDED,20,8,5,3,UPI,14,Wednesday,0
TXN_048558,CUST_00456,1809.64,NETBANKING,FAILED,NETWORK_ERROR,21,5,20,6,NETBANKING,1,Monday,1
TXN_048563,CUST_02452,8733.9,NETBANKING,FAILED,CARD_DECLINED,33,27,16,5,WALLET,13,Monday,0
TXN_048579,CUST_05003,21051.65,WALLET,FAILED,CARD_DECLINED,40,14,23,6,NETBANKING,19,Friday,0
TXN_048580,CUST_06490,15899.16,UPI,FAILED,NETWORK_ERROR,56,1,16,10,NETBANKING,6,Thursday,0
TXN_048597,CUST_08582,3212.26,NETBANKING,FAILED,INSUFFICIENT_FUNDS,46,26,22,0,CARD,13,Tuesday,0
TXN_048599,CUST_00056,5289.98,UPI,FAILED,CARD_DECLINED,28,11,1,2,CARD,14,Monday,0
TXN_048602,CUST_02717,23164.92,CARD,FAILED,NETWORK_ERROR,34,2,11,7,UPI,12,Sunday,0
TXN_048611,CUST_07899,23882.92,CARD,FAILED,NETWORK_ERROR,28,22,25,4,UPI,1,Friday,1
TXN_048625,CUST_03367,1127.1,CARD,FAILED,LIMIT_EXCEEDED,19,15,1,0,CARD,17,Saturday,0
TXN_048627,CUST_08033,23424.17,UPI,FAILED,CARD_DECLINED,33,8,21,5,WALLET,2,Wednesday,0
TXN_048629,CUST_02661,8099.27,UPI,FAILED,BANK_TIMEOUT,51,15,15,4,WALLET,0,Tuesday,0
TXN_048631,CUST_07931,3553.71,CARD,FAILED,CARD_DECLINED,18,17,18,7,NETBANKING,23,Friday,1
TXN_048636,CUST_04619,24593.75,UPI,FAILED,NETWORK_ERROR,60,4,20,6,NETBANKING,12,Wednesday,1
TXN_048639,CUST_00960,9314.42,WALLET,FAILED,OTP_FAILURE,18,28,20,3,NETBANKING,18,Sunday,0
TXN_048641,CUST_07668,24182.74,UPI,FAILED,CARD_DECLINED,50,11,7,9,CARD,16,Wednesday,0
TXN_048652,CUST_09189,21125.53,CARD,FAILED,OTP_FAILURE,22,1,19,1,CARD,11,Thursday,0
TXN_048653,CUST_09766,14627.28,WALLET,FAILED,BANK_TIMEOUT,57,22,14,9,CARD,5,Saturday,1
TXN_048656,CUST_00707,19297.98,WALLET,FAILED,BANK_TIMEOUT,33,14,14,8,WALLET,18,Thursday,1
TXN_048659,CUST_07694,6940.95,WALLET,FAILED,LIMIT_EXCEEDED,29,22,10,7,CARD,6,Monday,1
TXN_048676,CUST_06353,5447.84,CARD,FAILED,LIMIT_EXCEEDED,40,7,17,3,CARD,6,Tuesday,0
TXN_048677,CUST_01420,8535.29,UPI,FAILED,INSUFFICIENT_FUNDS,29,10,6,2,CARD,1,Monday,0
TXN_048679,CUST_03208,4331.42,WALLET,FAILED,BANK_SERVER_DOWN,38,11,15,5,UPI,16,Friday,0
TXN_048681,CUST_07733,16313.15,CARD,FAILED,INSUFFICIENT_FUNDS,32,4,6,10,WALLET,23,Friday,0
TXN_048685,CUST_00454,8106.72,CARD,FAILED,BANK_SERVER_DOWN,58,25,4,9,WALLET,20,Thursday,0
TXN_048693,CUST_00837,17602.24,WALLET,FAILED,CARD_DECLINED,39,26,14,8,WALLET,16,Tuesday,1
TXN_048712,CUST_04945,4658.9,UPI,FAILED,BANK_SERVER_DOWN,36,25,8,2,NETBANKING,9,Sunday,1
TXN_048713,CUST_06382,8271.01,CARD,FAILED,LIMIT_EXCEEDED,41,7,7,5,WALLET,22,Friday,0
TXN_048717,CUST_04717,11657.99,UPI,FAILED,LIMIT_EXCEEDED,35,23,13,8,UPI,23,Sunday,1
TXN_048719,CUST_06385,5676.57,UPI,FAILED,NETWORK_ERROR,48,25,22,8,UPI,3,Tuesday,0
TXN_048723,CUST_05407,2289.61,CARD,FAILED,LIMIT_EXCEEDED,32,4,16,0,CARD,5,Sunday,1
TXN_048739,CUST_05378,19192.96,NETBANKING,FAILED,INSUFFICIENT_FUNDS,22,21,3,1,CARD,19,Friday,0
TXN_048741,CUST_04796,12884.39,CARD,FAILED,LIMIT_EXCEEDED,51,18,6,6,UPI,16,Wednesday,0
TXN_048755,CUST_06685,10734.25,NETBANKING,FAILED,BANK_TIMEOUT,44,19,17,0,WALLET,3,Sunday,1
TXN_048760,CUST_08202,9442.88,NETBANKING,FAILED,CARD_DECLINED,20,19,20,3,WALLET,3,Saturday,0
TXN_048766,CUST_00396,10138.25,NETBANKING,FAILED,LIMIT_EXCEEDED,44,20,21,9,WALLET,4,Monday,0
TXN_048772,CUST_05314,5877.04,UPI,FAILED,BANK_TIMEOUT,31,12,3,1,NETBANKING,21,Tuesday,1
TXN_048774,CUST_02549,23710.79,UPI,FAILED,INSUFFICIENT_FUNDS,33,21,1,6,CARD,13,Thursday,0
TXN_048782,CUST_03916,7899.62,UPI,FAILED,CARD_DECLINED,56,29,6,6,NETBANKING,15,Thursday,0
TXN_048789,CUST_03426,13968.66,UPI,FAILED,LIMIT_EXCEEDED,50,9,5,5,UPI,0,Sunday,0
TXN_048790,CUST_09954,6527.0,UPI,FAILED,INSUFFICIENT_FUNDS,43,25,15,7,NETBANKING,6,Saturday,0
TXN_048794,CUST_05302,22159.25,UPI,FAILED,BANK_SERVER_DOWN,38,8,6,1,CARD,22,Friday,0
TXN_048796,CUST_05944,5795.1,WALLET,FAILED,NETWORK_ERROR,32,16,18,6,UPI,21,Thursday,1
TXN_048812,CUST_01345,4847.69,UPI,FAILED,BANK_TIMEOUT,49,6,10,8,WALLET,16,Saturday,1
TXN_048815,CUST_02811,8566.22,WALLET,FAILED,NETWORK_ERROR,51,5,21,2,CARD,23,Saturday,1
TXN_048817,CUST_01511,9631.61,WALLET,FAILED,NETWORK_ERROR,44,22,16,4,CARD,14,Sunday,0
TXN_048821,CUST_04431,16957.58,UPI,FAILED,INSUFFICIENT_FUNDS,39,1,7,3,NETBANKING,21,Monday,0
TXN_048838,CUST_08564,20764.93,WALLET,FAILED,LIMIT_EXCEEDED,30,19,23,2,UPI,11,Sunday,0
TXN_048840,CUST_00158,24871.55,CARD,FAILED,CARD_DECLINED,31,1,1,2,CARD,14,Sunday,0
TXN_048848,CUST_03860,14007.06,CARD,FAILED,NETWORK_ERROR,19,13,20,5,NETBANKING,10,Monday,1
TXN_048854,CUST_02390,10774.38,CARD,FAILED,OTP_FAILURE,54,18,16,5,WALLET,2,Friday,1
TXN_048858,CUST_04837,15722.22,WALLET,FAILED,BANK_SERVER_DOWN,53,20,20,3,WALLET,19,Tuesday,1
TXN_048864,CUST_06961,24299.55,WALLET,FAILED,BANK_TIMEOUT,21,20,20,10,UPI,21,Monday,1
TXN_048899,CUST_05769,15398.66,CARD,FAILED,NETWORK_ERROR,54,13,11,1,CARD,3,Wednesday,0
TXN_048904,CUST_06757,8670.24,WALLET,FAILED,NETWORK_ERROR,26,25,22,9,UPI,14,Sunday,0
TXN_048906,CUST_03621,11147.26,WALLET,FAILED,BANK_TIMEOUT,51,24,7,6,WALLET,3,Friday,1
TXN_048921,CUST_05464,10629.77,NETBANKING,FAILED,CARD_DECLINED,49,1,10,10,NETBANKING,6,Tuesday,0
TXN_048933,CUST_06435,16064.63,CARD,FAILED,OTP_FAILURE,60,3,19,8,NETBANKING,13,Tuesday,1
TXN_048950,CUST_03601,14738.52,UPI,FAILED,OTP_FAILURE,38,5,16,5,CARD,15,Wednesday,0
TXN_048954,CUST_04757,1459.19,NETBANKING,FAILED,INSUFFICIENT_FUNDS,28,9,5,1,WALLET,4,Friday,0
TXN_048958,CUST_05516,14055.05,NETBANKING,FAILED,LIMIT_EXCEEDED,32,20,14,7,NETBANKING,6,Tuesday,1
TXN_048960,CUST_08153,3937.23,WALLET,FAILED,NETWORK_ERROR,18,26,13,6,WALLET,11,Sunday,1
TXN_048963,CUST_07786,3302.97,CARD,FAILED,BANK_SERVER_DOWN,46,20,20,10,UPI,19,Sunday,1
TXN_048967,CUST_08324,19430.46,WALLET,FAILED,BANK_SERVER_DOWN,24,30,12,10,NETBANKING,19,Wednesday,0
TXN_048970,CUST_03713,295.15,NETBANKING,FAILED,OTP_FAILURE,55,19,7,6,CARD,5,Wednesday,0
TXN_048973,CUST_07764,14023.22,WALLET,FAILED,NETWORK_ERROR,59,30,7,0,NETBANKING,9,Monday,0
TXN_048974,CUST_05756,24655.2,CARD,FAILED,BANK_SERVER_DOWN,48,1,12,0,WALLET,20,Wednesday,0
TXN_048979,CUST_05769,17748.32,NETBANKING,FAILED,INSUFFICIENT_FUNDS,54,13,11,1,CARD,13,Friday,1
TXN_048984,CUST_01488,16137.95,UPI,FAILED,INSUFFICIENT_FUNDS,24,16,19,1,NETBANKING,3,Sunday,0
TXN_048991,CUST_09624,17276.57,WALLET,FAILED,INSUFFICIENT_FUNDS,56,13,22,2,UPI,1,Wednesday,0
TXN_048999,CUST_02367,13384.95,CARD,FAILED,INSUFFICIENT_FUNDS,49,17,16,10,WALLET,17,Saturday,0
TXN_049009,CUST_06213,24668.37,UPI,FAILED,OTP_FAILURE,60,24,11,7,CARD,8,Friday,0
TXN_049025,CUST_03614,4188.34,UPI,FAILED,BANK_TIMEOUT,34,22,13,7,WALLET,10,Thursday,1
TXN_049028,CUST_04062,13415.01,UPI,FAILED,CARD_DECLINED,48,4,7,4,WALLET,8,Monday,0
TXN_049032,CUST_03810,14560.99,UPI,FAILED,OTP_FAILURE,19,20,2,8,UPI,10,Monday,0
TXN_049034,CUST_02725,19709.17,UPI,FAILED,LIMIT_EXCEEDED,35,25,8,0,NETBANKING,7,Friday,0
TXN_049036,CUST_07911,21221.14,WALLET,FAILED,INSUFFICIENT_FUNDS,27,6,5,10,UPI,14,Sunday,0
TXN_049073,CUST_04606,4113.46,NETBANKING,FAILED,NETWORK_ERROR,45,6,16,2,WALLET,20,Sunday,1
TXN_049088,CUST_05356,15416.82,NETBANKING,FAILED,LIMIT_EXCEEDED,48,19,7,5,NETBANKING,5,Sunday,0
TXN_049094,CUST_09356,2690.73,WALLET,FAILED,LIMIT_EXCEEDED,26,27,1,0,UPI,17,Tuesday,0
TXN_049096,CUST_08856,1197.94,NETBANKING,FAILED,BANK_SERVER_DOWN,39,2,3,0,UPI,18,Wednesday,1
TXN_049102,CUST_02405,119.43,NETBANKING,FAILED,CARD_DECLINED,27,28,5,0,UPI,4,Tuesday,0
TXN_049111,CUST_06340,23991.45,UPI,FAILED,CARD_DECLINED,28,5,9,1,CARD,3,Wednesday,0
TXN_049127,CUST_02232,11876.67,WALLET,FAILED,BANK_SERVER_DOWN,37,3,21,6,WALLET,2,Saturday,1
TXN_049134,CUST_00941,14693.34,UPI,FAILED,BANK_SERVER_DOWN,54,3,17,2,WALLET,16,Friday,0
TXN_049141,CUST_06649,24177.96,UPI,FAILED,NETWORK_ERROR,30,4,20,0,WALLET,13,Thursday,0
TXN_049149,CUST_03502,8831.17,NETBANKING,FAILED,BANK_TIMEOUT,32,24,12,6,WALLET,0,Friday,1
TXN_049151,CUST_08355,24245.13,NETBANKING,FAILED,NETWORK_ERROR,58,22,10,10,UPI,5,Thursday,0
TXN_049152,CUST_08890,1272.33,WALLET,FAILED,LIMIT_EXCEEDED,42,30,3,1,CARD,14,Tuesday,0
TXN_049156,CUST_09898,23810.05,WALLET,FAILED,CARD_DECLINED,27,15,16,4,UPI,20,Saturday,0
TXN_049157,CUST_05716,18297.53,NETBANKING,FAILED,NETWORK_ERROR,21,7,5,4,WALLET,18,Wednesday,0
TXN_049160,CUST_07734,12291.67,UPI,FAILED,LIMIT_EXCEEDED,30,4,8,7,WALLET,16,Tuesday,0
TXN_049186,CUST_08089,20235.29,NETBANKING,FAILED,BANK_SERVER_DOWN,35,12,21,4,NETBANKING,3,Wednesday,1
TXN_049187,CUST_03338,9530.99,CARD,FAILED,OTP_FAILURE,30,25,2,1,NETBANKING,10,Thursday,0
TXN_049191,CUST_09115,12393.69,NETBANKING,FAILED,BANK_SERVER_DOWN,52,2,18,0,WALLET,19,Sunday,0
TXN_049192,CUST_04284,17141.64,CARD,FAILED,NETWORK_ERROR,38,7,23,1,UPI,4,Thursday,1
TXN_049196,CUST_06712,8118.1,NETBANKING,FAILED,INSUFFICIENT_FUNDS,44,7,3,8,NETBANKING,4,Thursday,0
TXN_049198,CUST_00776,23421.02,UPI,FAILED,INSUFFICIENT_FUNDS,60,22,20,9,CARD,16,Tuesday,0
TXN_049205,CUST_07831,4979.82,NETBANKING,FAILED,BANK_SERVER_DOWN,29,3,7,1,NETBANKING,19,Saturday,0
TXN_049214,CUST_00820,8684.79,UPI,FAILED,BANK_SERVER_DOWN,48,9,14,1,WALLET,16,Thursday,0
TXN_049217,CUST_09579,5222.08,WALLET,FAILED,LIMIT_EXCEEDED,44,5,23,9,CARD,20,Tuesday,0
TXN_049222,CUST_06046,15326.28,CARD,FAILED,LIMIT_EXCEEDED,46,7,1,3,UPI,6,Tuesday,0
TXN_049239,CUST_00870,21966.7,NETBANKING,FAILED,LIMIT_EXCEEDED,23,27,10,3,CARD,6,Thursday,1
TXN_049242,CUST_01015,5036.74,WALLET,FAILED,INSUFFICIENT_FUNDS,37,27,15,8,NETBANKING,18,Wednesday,0
TXN_049249,CUST_01900,14988.96,UPI,FAILED,BANK_TIMEOUT,23,28,24,8,CARD,7,Wednesday,0
TXN_049253,CUST_08878,11768.05,NETBANKING,FAILED,BANK_SERVER_DOWN,46,5,15,6,NETBANKING,11,Tuesday,0
TXN_049266,CUST_02436,24494.43,CARD,FAILED,OTP_FAILURE,29,23,19,3,NETBANKING,20,Tuesday,0
TXN_049267,CUST_06352,9937.65,WALLET,FAILED,BANK_SERVER_DOWN,45,21,9,6,CARD,15,Tuesday,0
TXN_049273,CUST_07176,21281.71,CARD,FAILED,INSUFFICIENT_FUNDS,23,11,13,4,NETBANKING,15,Saturday,0
TXN_049274,CUST_04132,9862.89,CARD,FAILED,BANK_TIMEOUT,50,24,23,5,UPI,13,Tuesday,1
TXN_049283,CUST_08595,1710.2,UPI,FAILED,LIMIT_EXCEEDED,48,15,8,2,WALLET,11,Tuesday,0
TXN_049286,CUST_00918,22877.89,WALLET,FAILED,NETWORK_ERROR,55,17,22,5,CARD,10,Sunday,1
TXN_049287,CUST_00189,23225.81,WALLET,FAILED,OTP_FAILURE,22,1,9,7,UPI,3,Friday,0
TXN_049308,CUST_02453,11448.01,UPI,FAILED,BANK_SERVER_DOWN,52,18,23,8,WALLET,10,Wednesday,1
TXN_049309,CUST_08561,8268.9,UPI,FAILED,LIMIT_EXCEEDED,52,17,14,6,WALLET,4,Thursday,0
TXN_049318,CUST_03314,23229.47,UPI,FAILED,INSUFFICIENT_FUNDS,18,24,12,10,NETBANKING,11,Tuesday,0
TXN_049324,CUST_07231,7207.68,WALLET,FAILED,OTP_FAILURE,54,24,6,7,UPI,7,Wednesday,0
TXN_049333,CUST_01511,24438.66,WALLET,FAILED,LIMIT_EXCEEDED,44,22,16,4,CARD,1,Friday,1
TXN_049337,CUST_04504,18598.73,CARD,FAILED,NETWORK_ERROR,34,27,4,5,UPI,11,Friday,1
TXN_049346,CUST_07362,18392.99,NETBANKING,FAILED,OTP_FAILURE,56,13,21,8,WALLET,19,Wednesday,0
TXN_049349,CUST_09420,11690.11,UPI,FAILED,LIMIT_EXCEEDED,43,23,20,10,CARD,21,Friday,0
TXN_049350,CUST_08897,9512.67,WALLET,FAILED,INSUFFICIENT_FUNDS,40,2,3,10,WALLET,7,Wednesday,0
TXN_049355,CUST_00969,6172.53,CARD,FAILED,OTP_FAILURE,46,5,3,1,CARD,0,Thursday,0
TXN_049364,CUST_08007,9354.48,CARD,FAILED,OTP_FAILURE,28,17,12,8,NETBANKING,5,Sunday,0
TXN_049365,CUST_00141,5088.26,CARD,FAILED,LIMIT_EXCEEDED,60,10,23,7,UPI,6,Thursday,0
TXN_049367,CUST_00111,3868.83,CARD,FAILED,OTP_FAILURE,18,3,15,1,UPI,17,Tuesday,0
TXN_049391,CUST_03283,22664.52,NETBANKING,FAILED,BANK_SERVER_DOWN,35,9,18,8,CARD,1,Wednesday,0
TXN_049398,CUST_01390,16169.05,CARD,FAILED,BANK_TIMEOUT,56,11,3,4,UPI,23,Monday,1
TXN_049408,CUST_02133,23717.43,NETBANKING,FAILED,BANK_TIMEOUT,42,30,8,8,CARD,20,Saturday,0
TXN_049419,CUST_01207,4755.03,UPI,FAILED,LIMIT_EXCEEDED,42,19,11,6,NETBANKING,5,Tuesday,0
TXN_049420,CUST_07898,14614.38,CARD,FAILED,INSUFFICIENT_FUNDS,46,7,2,6,UPI,18,Friday,0
TXN_049426,CUST_05883,2677.43,NETBANKING,FAILED,OTP_FAILURE,38,9,18,1,NETBANKING,18,Thursday,0
TXN_049428,CUST_06826,22701.81,UPI,FAILED,BANK_TIMEOUT,56,18,13,7,CARD,8,Wednesday,1
TXN_049435,CUST_04832,16028.07,WALLET,FAILED,INSUFFICIENT_FUNDS,54,4,22,6,NETBANKING,17,Thursday,0
TXN_049440,CUST_01800,11497.47,CARD,FAILED,BANK_TIMEOUT,48,22,22,0,WALLET,0,Sunday,0
TXN_049441,CUST_01132,9136.63,NETBANKING,FAILED,NETWORK_ERROR,43,13,10,3,WALLET,16,Friday,1
TXN_049456,CUST_08779,23117.88,NETBANKING,FAILED,NETWORK_ERROR,38,20,4,5,UPI,6,Saturday,0
TXN_049457,CUST_03194,15280.57,CARD,FAILED,LIMIT_EXCEEDED,57,23,14,6,NETBANKING,1,Thursday,1
TXN_049461,CUST_03504,6639.36,NETBANKING,FAILED,BANK_SERVER_DOWN,48,11,17,6,NETBANKING,6,Sunday,1
TXN_049480,CUST_02684,23770.4,UPI,FAILED,LIMIT_EXCEEDED,44,14,10,1,UPI,18,Monday,0
TXN_049484,CUST_09344,2427.71,WALLET,FAILED,OTP_FAILURE,23,14,22,4,CARD,9,Friday,0
TXN_049485,CUST_01137,16250.06,WALLET,FAILED,NETWORK_ERROR,21,1,6,2,NETBANKING,5,Sunday,1
TXN_049505,CUST_05246,3040.38,NETBANKING,FAILED,BANK_SERVER_DOWN,57,23,13,10,WALLET,15,Sunday,0
TXN_049516,CUST_03854,24516.18,UPI,FAILED,NETWORK_ERROR,60,17,4,1,NETBANKING,8,Sunday,0
TXN_049521,CUST_01982,16515.66,WALLET,FAILED,NETWORK_ERROR,22,16,24,10,CARD,16,Friday,0
TXN_049526,CUST_09118,12466.23,WALLET,FAILED,LIMIT_EXCEEDED,39,17,17,5,WALLET,9,Monday,0
TXN_049545,CUST_01520,10315.03,CARD,FAILED,BANK_TIMEOUT,51,5,22,2,UPI,1,Monday,0
TXN_049560,CUST_09391,4365.79,CARD,FAILED,BANK_SERVER_DOWN,29,3,2,10,NETBANKING,22,Monday,0
TXN_049564,CUST_04049,4870.46,UPI,FAILED,LIMIT_EXCEEDED,18,8,10,9,UPI,14,Saturday,0
TXN_049568,CUST_01901,3800.34,CARD,FAILED,INSUFFICIENT_FUNDS,23,3,14,0,WALLET,23,Sunday,0
TXN_049587,CUST_01112,24366.53,NETBANKING,FAILED,INSUFFICIENT_FUNDS,25,21,25,0,WALLET,15,Friday,1
TXN_049593,CUST_03946,22942.72,NETBANKING,FAILED,NETWORK_ERROR,35,26,9,5,CARD,0,Thursday,0
TXN_049602,CUST_05059,19845.29,UPI,FAILED,CARD_DECLINED,40,13,7,6,WALLET,4,Thursday,0
TXN_049603,CUST_08540,2572.69,CARD,FAILED,CARD_DECLINED,59,11,2,7,WALLET,2,Friday,0
TXN_049605,CUST_08624,5031.91,NETBANKING,FAILED,BANK_TIMEOUT,24,27,22,0,UPI,18,Thursday,0
TXN_049621,CUST_07610,13742.67,WALLET,FAILED,LIMIT_EXCEEDED,51,18,20,0,WALLET,23,Thursday,0
TXN_049624,CUST_00858,7211.39,WALLET,FAILED,OTP_FAILURE,40,4,15,1,NETBANKING,11,Friday,0
TXN_049625,CUST_01546,9451.17,NETBANKING,FAILED,NETWORK_ERROR,22,28,21,6,UPI,20,Monday,0
TXN_049631,CUST_08322,9783.33,WALLET,FAILED,BANK_SERVER_DOWN,25,1,8,1,WALLET,19,Monday,0
TXN_049636,CUST_01722,20550.6,CARD,FAILED,CARD_DECLINED,22,30,16,4,NETBANKING,1,Thursday,0
TXN_049648,CUST_05778,1833.15,UPI,FAILED,BANK_TIMEOUT,36,21,4,3,CARD,15,Tuesday,1
TXN_049651,CUST_02379,574.05,UPI,FAILED,INSUFFICIENT_FUNDS,40,8,19,10,WALLET,9,Saturday,0
TXN_049652,CUST_04294,5730.92,CARD,FAILED,NETWORK_ERROR,19,26,13,0,UPI,6,Wednesday,0
TXN_049657,CUST_09488,12432.66,CARD,FAILED,CARD_DECLINED,52,27,13,4,WALLET,7,Thursday,0
TXN_049658,CUST_05819,13000.53,CARD,FAILED,INSUFFICIENT_FUNDS,40,10,18,6,CARD,12,Monday,0
TXN_049663,CUST_04855,17559.72,NETBANKING,FAILED,INSUFFICIENT_FUNDS,38,27,2,10,CARD,4,Tuesday,0
TXN_049672,CUST_03542,23324.81,UPI,FAILED,NETWORK_ERROR,31,16,25,3,CARD,8,Thursday,1
TXN_049674,CUST_02138,3744.7,WALLET,FAILED,BANK_SERVER_DOWN,51,11,2,5,NETBANKING,5,Wednesday,0
TXN_049675,CUST_09566,8448.47,WALLET,FAILED,CARD_DECLINED,54,11,15,6,WALLET,4,Friday,0
TXN_049678,CUST_02511,1488.38,WALLET,FAILED,INSUFFICIENT_FUNDS,55,21,16,9,NETBANKING,5,Tuesday,0
TXN_049694,CUST_02756,12343.32,NETBANKING,FAILED,CARD_DECLINED,44,22,3,7,WALLET,12,Monday,0
TXN_049695,CUST_07352,3876.49,NETBANKING,FAILED,OTP_FAILURE,44,23,21,4,UPI,23,Thursday,0
TXN_049703,CUST_00683,15735.93,UPI,FAILED,CARD_DECLINED,21,6,3,5,UPI,0,Saturday,0
TXN_049705,CUST_02135,23649.08,CARD,FAILED,CARD_DECLINED,37,10,24,4,UPI,22,Thursday,0
TXN_049712,CUST_09234,15094.98,CARD,FAILED,INSUFFICIENT_FUNDS,58,8,24,5,UPI,20,Saturday,0
TXN_049713,CUST_07935,6909.64,CARD,FAILED,BANK_SERVER_DOWN,55,10,12,7,WALLET,16,Monday,0
TXN_049714,CUST_09886,17031.62,WALLET,FAILED,NETWORK_ERROR,52,16,20,8,NETBANKING,14,Saturday,0
TXN_049718,CUST_08244,16617.49,CARD,FAILED,OTP_FAILURE,37,28,8,0,UPI,19,Sunday,0
TXN_049720,CUST_00211,10334.2,WALLET,FAILED,INSUFFICIENT_FUNDS,25,18,19,6,NETBANKING,12,Tuesday,1
TXN_049725,CUST_01414,23335.68,UPI,FAILED,BANK_SERVER_DOWN,38,8,15,5,WALLET,2,Sunday,0
TXN_049741,CUST_00135,1645.71,UPI,FAILED,CARD_DECLINED,29,19,7,1,UPI,22,Saturday,0
TXN_049742,CUST_01042,15615.13,NETBANKING,FAILED,OTP_FAILURE,48,23,10,0,NETBANKING,3,Friday,1
TXN_049755,CUST_03926,15579.02,WALLET,FAILED,OTP_FAILURE,29,10,24,0,CARD,10,Tuesday,1
TXN_049759,CUST_00533,5203.67,WALLET,FAILED,NETWORK_ERROR,32,2,3,2,WALLET,19,Saturday,1
TXN_049761,CUST_04606,11528.94,WALLET,FAILED,OTP_FAILURE,45,6,16,2,WALLET,1,Thursday,0
TXN_049762,CUST_01433,16713.19,WALLET,FAILED,OTP_FAILURE,19,22,25,0,CARD,6,Thursday,0
TXN_049766,CUST_07373,20991.92,WALLET,FAILED,INSUFFICIENT_FUNDS,49,14,2,1,UPI,16,Monday,0
TXN_049768,CUST_04602,8235.21,CARD,FAILED,NETWORK_ERROR,34,4,19,6,WALLET,11,Monday,0
TXN_049771,CUST_08414,2233.07,NETBANKING,FAILED,OTP_FAILURE,40,19,1,7,UPI,16,Tuesday,0
TXN_049774,CUST_08980,20559.2,CARD,FAILED,BANK_TIMEOUT,18,19,15,2,NETBANKING,4,Saturday,0
TXN_049776,CUST_01353,14127.25,UPI,FAILED,BANK_TIMEOUT,18,29,23,8,CARD,18,Wednesday,1
TXN_049777,CUST_05578,18567.31,UPI,FAILED,CARD_DECLINED,26,24,6,0,CARD,15,Monday,0
TXN_049784,CUST_00897,14119.09,WALLET,FAILED,LIMIT_EXCEEDED,34,9,14,4,CARD,0,Wednesday,0
TXN_049793,CUST_06762,1727.43,NETBANKING,FAILED,BANK_SERVER_DOWN,46,11,6,5,UPI,5,Tuesday,0
TXN_049796,CUST_05745,23875.62,UPI,FAILED,CARD_DECLINED,20,1,10,0,NETBANKING,5,Monday,1
TXN_049803,CUST_04542,23932.48,UPI,FAILED,LIMIT_EXCEEDED,34,30,11,5,UPI,6,Monday,0
TXN_049807,CUST_02019,12785.95,CARD,FAILED,BANK_SERVER_DOWN,23,23,16,8,UPI,13,Sunday,0
TXN_049811,CUST_03766,24321.16,UPI,FAILED,BANK_TIMEOUT,48,6,25,4,NETBANKING,4,Friday,1
TXN_049815,CUST_03991,1507.77,NETBANKING,FAILED,LIMIT_EXCEEDED,35,27,8,2,NETBANKING,13,Tuesday,1
TXN_049833,CUST_08428,6038.3,UPI,FAILED,OTP_FAILURE,24,29,11,8,CARD,21,Saturday,0
TXN_049835,CUST_07062,19658.48,UPI,FAILED,BANK_SERVER_DOWN,18,11,7,0,NETBANKING,19,Monday,0
TXN_049847,CUST_08328,3194.98,NETBANKING,FAILED,NETWORK_ERROR,41,13,7,1,WALLET,4,Thursday,1
TXN_049852,CUST_07197,12159.8,WALLET,FAILED,BANK_SERVER_DOWN,18,30,8,3,UPI,20,Monday,0
TXN_049855,CUST_05163,18469.91,NETBANKING,FAILED,BANK_TIMEOUT,55,7,19,2,CARD,23,Monday,0
TXN_049862,CUST_02738,3243.57,WALLET,FAILED,INSUFFICIENT_FUNDS,37,12,12,10,WALLET,17,Thursday,1
TXN_049870,CUST_00918,6336.68,NETBANKING,FAILED,CARD_DECLINED,55,17,22,5,CARD,22,Saturday,0
TXN_049880,CUST_00897,2118.43,UPI,FAILED,NETWORK_ERROR,34,9,14,4,CARD,15,Friday,1
TXN_049881,CUST_06311,3309.3,WALLET,FAILED,BANK_TIMEOUT,58,27,2,10,CARD,17,Monday,1
TXN_049889,CUST_03183,8638.42,CARD,FAILED,CARD_DECLINED,24,29,22,9,WALLET,19,Sunday,0
TXN_049901,CUST_08002,10329.02,CARD,FAILED,BANK_TIMEOUT,25,10,1,2,WALLET,18,Monday,0
TXN_049909,CUST_00075,4517.24,NETBANKING,FAILED,OTP_FAILURE,35,1,3,3,NETBANKING,9,Saturday,0
TXN_049927,CUST_07623,13249.92,CARD,FAILED,NETWORK_ERROR,38,24,17,3,NETBANKING,23,Sunday,1
TXN_049939,CUST_06770,1683.63,NETBANKING,FAILED,BANK_TIMEOUT,59,6,10,4,CARD,17,Saturday,0
TXN_049941,CUST_01283,2821.87,UPI,FAILED,CARD_DECLINED,49,25,6,7,CARD,23,Sunday,0
TXN_049942,CUST_08699,21853.55,NETBANKING,FAILED,OTP_FAILURE,58,10,11,8,WALLET,12,Sunday,0
TXN_049944,CUST_06456,18306.86,WALLET,FAILED,NETWORK_ERROR,31,24,23,1,UPI,20,Friday,1
TXN_049956,CUST_00201,10665.87,WALLET,FAILED,OTP_FAILURE,29,1,1,6,UPI,3,Wednesday,0
TXN_049957,CUST_01867,11105.97,WALLET,FAILED,BANK_SERVER_DOWN,56,18,3,3,UPI,21,Sunday,0
TXN_049965,CUST_02355,13330.57,CARD,FAILED,BANK_SERVER_DOWN,38,13,24,10,WALLET,18,Saturday,0
TXN_049967,CUST_00476,11137.03,CARD,FAILED,BANK_SERVER_DOWN,24,9,8,2,NETBANKING,6,Saturday,0
TXN_049978,CUST_02476,10426.79,NETBANKING,FAILED,BANK_SERVER_DOWN,42,10,24,10,NETBANKING,6,Wednesday,1
TXN_049979,CUST_02032,5110.25,UPI,FAILED,LIMIT_EXCEEDED,50,25,19,4,CARD,6,Friday,0
TXN_049983,CUST_07877,7371.2,WALLET,FAILED,BANK_TIMEOUT,50,27,12,8,UPI,15,Tuesday,1
TXN_049996,CUST_07086,13188.62,NETBANKING,FAILED,NETWORK_ERROR,45,20,10,2,WALLET,14,Friday,1
